client_id,razon_social,direccion,query,ok,status,lat,lng,formatted,location_type,partial_match,error_message
11,BENFRESH MARKET LLC,"7337NW 37 AVE, Miami","7337NW 37 AVE, Miami, 33147, FL, USA",True,OK,25.8406558,-80.257392,"7337 NW 37th Ave, Miami, FL 33147, USA",ROOFTOP,True,
12,AYE CATERING LLC,"7836 NW 178th St, Hialeah","7836 NW 178th St, Hialeah, 33015, FL, USA",True,OK,25.9345262,-80.3279263,"7836 NW 178th St, Hialeah, FL 33015, USA",ROOFTOP,False,
13,DIXIE RIBS,"2620 W 2 AVE, HIALEAH","2620 W 2 AVE, HIALEAH, 33010, FL, USA",True,OK,25.8456956,-80.2865042,"2620 W 2nd Ave, Hialeah, FL 33013, USA",ROOFTOP,False,
14,SERGIO'S CATERING,"5371 NW 161st, MIAMI GARDENS","5371 NW 161st, MIAMI GARDENS, 33014, FL, USA",True,OK,25.9200842,-80.28740379999999,"5371 NW 161st St, Hialeah, FL 33014, USA",ROOFTOP,False,
15,NUTRISPA INC,"8175 NW 31 st, Miami","8175 NW 31 st, Miami, 33122, FL, USA",True,OK,25.802913,-80.32861690000001,"8175 NW 31st St, Doral, FL 33122, USA",ROOFTOP,False,
16,TU COCINITA CATERING,"2430 W 8 AVE, HIALEAH","2430 W 8 AVE, HIALEAH, 33016, FL, USA",True,OK,25.8436715,-80.2984109,"2430 W 8th Ave, Hialeah, FL 33010, USA",ROOFTOP,False,
17,"GREATER MIAMI CATERERS, INC","4001 NW 31 AVE, MIAMI","4001 NW 31 AVE, MIAMI, 33142, FL, USA",True,OK,25.8119124,-80.2460608,"4001 NW 31st Ave, Miami, FL 33142, USA",ROOFTOP,False,
18,PRICE CHOICE #5,"1851 NE 2  Ave., Miami","1851 NE 2  Ave., Miami, 33132, FL, USA",True,OK,25.7943607,-80.1901979,"1851 NE 2nd Ave, Miami, FL 33132, USA",ROOFTOP,False,
19,Charanga Catering,"233 W 28th st, Hialeah","233 W 28th st, Hialeah, 33010, FL, USA",True,OK,25.8474558,-80.287216,"233 W 28th St, Hialeah, FL 33010, USA",ROOFTOP,False,
20,smoothie plus,"11348 miramar parkway, Miramar","11348 miramar parkway, Miramar, 33025, FL, USA",True,OK,25.9782056,-80.2971419,"11348 Miramar Pkwy, Miramar, FL 33025, USA",ROOFTOP,False,
21,POWERFUEL SMOOTHIE SHOP MIRAMAR,"11348 miramar parkway, Miramar","11348 miramar parkway, Miramar, 33025, FL, USA",True,OK,25.9782056,-80.2971419,"11348 Miramar Pkwy, Miramar, FL 33025, USA",ROOFTOP,False,
22,WHITE BAY FOODS CORP,"1617 NE 163RD St, North Miami Beach","1617 NE 163RD St, North Miami Beach, 33162, FL, USA",True,OK,25.9261816,-80.1676488,"1617 NE 163rd St, North Miami Beach, FL 33162, USA",ROOFTOP,False,
23,POWERFUEL SMOOTHIE SHOP 2 INC.,"57 NW 183 Street, Miami Gardens","57 NW 183 Street, Miami Gardens, 33169, FL, USA",True,OK,25.943117,-80.201799,"57 NW 183rd St, Miami, FL 33169, USA",ROOFTOP,False,
24,"APOLLO EXPORT WAREHOUSE, INC","6950 NW 77 Court, Miami","6950 NW 77 Court, Miami, 33166, FL, USA",True,OK,25.8367154,-80.3242606,"6950 NW 77th Ct, Miami Springs, FL 33166, USA",ROOFTOP,False,
25,Rey Chavez Distributor Corp.#1,"3400 NW 62nd St Ste 101, Miami","3400 NW 62nd St Ste 101, Miami, 33147, FL, USA",True,OK,25.8301302,-80.2521117,"3400 NW 62nd St #101, Miami, FL 33147, USA",ROOFTOP,False,
26,FRANCISCO'S CAFE & SERVICES,"2711 SW 137th ave suite 75, Miami","2711 SW 137th ave suite 75, Miami, 33175, FL, USA",True,OK,25.7422375,-80.4153942,"2711 SW 137th Ave #75, Miami, FL 33175, USA",ROOFTOP,False,
27,A Marshall Catering & Take Out II,"613/615 E Atlantic Blvd, Pompano Beach","613/615 E Atlantic Blvd, Pompano Beach, 33060, Florida, USA",True,OK,26.2322317,-80.117679,"613/615 E Atlantic Blvd, Pompano Beach, FL 33060, USA",ROOFTOP,False,
28,"PRIME MEALS, LLC","12221 PEMBROKE RD, PEMBROKE PINES","12221 PEMBROKE RD, PEMBROKE PINES, 33025, FL, USA",True,OK,25.9954395,-80.30862309999999,"12221 Pembroke Rd, Pembroke Pines, FL 33027, USA",ROOFTOP,False,
29,EL MIO INC,"12362 QUAIL ROOST DRIVE, Miami","12362 QUAIL ROOST DRIVE, Miami, 33177, FL, USA",True,OK,25.581146,-80.39125899999999,"12362 Quail Roost Dr, Miami, FL 33177, USA",ROOFTOP,False,
30,"SUNSOF, INC","5821 E 10 th. Ave Unit 105, Hialeah","5821 E 10 th. Ave Unit 105, Hialeah, 33013, FL, USA",True,OK,25.8758844,-80.26115109999999,"5821 E 10th Ave Unit 105, Hialeah, FL 33013, USA",ROOFTOP,False,
31,FOOD LAB FLORIDA; LLC GABLES DELIGHT,"2180 NW 24TH CT UNIT 2602, MIAMI","2180 NW 24TH CT UNIT 2602, MIAMI, 33142-7115, FL, USA",True,OK,25.7968433,-80.23700099999999,"2180 NW 24th Ct #2602, Miami, FL 33142, USA",ROOFTOP,False,
32,PANNA MANUFACTURING LLC,"18330 NE 2nd ave, Miami","18330 NE 2nd ave, Miami, 33179, FL, USA",True,OK,25.9436944,-80.19738559999999,"18330 NE 2nd Ave, Miami, FL 33179, USA",ROOFTOP,False,
33,Cheney Brothers,"1 Cheney Way, Riviera Beach","1 Cheney Way, Riviera Beach, 33404, Florida, USA",True,OK,26.7678574,-80.0932548,"1 Cheney Way, Riviera Beach, FL 33404, USA",ROOFTOP,False,
34,AGUAMIEL LLC,"10 Village Green Way, Key Biscayne","10 Village Green Way, Key Biscayne, 33149, Florida, USA",True,OK,25.6916302,-80.164761,"10 Village Green Way, Key Biscayne, FL 33149, USA",ROOFTOP,False,
35,BAY  SUPERMARKET,"909 Normandy Dr., Miami Beach","909 Normandy Dr., Miami Beach, 33141, FL, USA",True,OK,25.8561081,-80.12839269999999,"909 Normandy Dr, Miami Beach, FL 33141, USA",ROOFTOP,False,
36,AROMA CATERING INC,"530 Sharazad Blvd, Miami","530 Sharazad Blvd, Miami, 33054, FL, USA",True,OK,25.9035128,-80.2534376,"530 Sharazad Blvd, Opa-locka, FL 33054, USA",ROOFTOP,False,
37,ASAADA CORP.  - NAHUÉN - KEY BISCAYNE,"⁠260 Crandon Blvd, Key Biscayne","⁠260 Crandon Blvd, Key Biscayne, 33149, Florida, USA",True,OK,25.6964622,-80.1642373,"260 Crandon Blvd, Key Biscayne, FL 33149, USA",ROOFTOP,False,
38,PEÑA FOODS,"9800 NW 79 AVE, HIALEAH","9800 NW 79 AVE, HIALEAH, 33016, FL, USA",True,OK,25.863001,-80.32604500000001,"9800 NW 79th Ave, Hialeah Gardens, FL 33016, USA",ROOFTOP,False,
39,The Avalon Miami,"12837 SW 42nd St, Miami","12837 SW 42nd St, Miami, 33175, FL, USA",True,OK,25.7299613,-80.40250929999999,"12837 SW 42nd St, Miami, FL 33175, USA",ROOFTOP,False,
40,Acai by the Sea,"7601 E Treasure Drive
Suite CU14, North bay village","7601 E Treasure Drive
Suite CU14, North bay village, 33141, Florida, USA",True,OK,25.847659,-80.14571099999999,"7601 E Treasure Dr Cu-14, North Bay Village, FL 33141, USA",ROOFTOP,False,
41,GOURMET KOSHER,"330 NE 59th St, Miami","330 NE 59th St, Miami, 33137, FL, USA",True,OK,25.8296607,-80.1892299,"330 NE 59th St, Miami, FL 33137, USA",ROOFTOP,False,
42,CAFE BONJOUR,"865 Collins Ave Ste. B, Miami Beach","865 Collins Ave Ste. B, Miami Beach, 33139, FL, USA",True,OK,25.7791687,-80.13169479999999,"865 Collins Ave Apt B, Miami Beach, FL 33139, USA",ROOFTOP,False,
43,GUARAPO JUICE BAR & CAFE,"553 NE 81 Street, Miami","553 NE 81 Street, Miami, 33138, FL, USA",True,OK,25.8491715,-80.1857568,"553 NE 81st St, Miami, FL 33138, USA",ROOFTOP,False,
44,BRENO LEITE,"19900 E COUNTRY CLUB DR. PH04., Aventura","19900 E COUNTRY CLUB DR. PH04., Aventura, 33180, Florida, USA",True,OK,25.9617157,-80.1280286,"19900 E Country Club Dr, Aventura, FL 33180, USA",GEOMETRIC_CENTER,True,
45,WINN-DIXIE - # 318 KEY BISCAYNE SHOPPING CENTER,"604 CRANDON BLVD., KEY BISCAYNE","604 CRANDON BLVD., KEY BISCAYNE, 33149, Florida, USA",True,OK,25.6896289,-80.16483649999999,"604 Crandon Blvd, Key Biscayne, FL 33149, USA",GEOMETRIC_CENTER,False,
46,KEY FOOD WESTON (EX BRAVO),"15860 W State Ed 84, Sunrise","15860 W State Ed 84, Sunrise, 33326, Florida, USA",True,OK,26.1223173,-80.3588462,"15860 W State Rd 84, Sunrise, FL 33326, USA",ROOFTOP,True,
47,RONNIE & MOE'S ITALIAN ICE,"6600 NW 27th AVE, MIAMI","6600 NW 27th AVE, MIAMI, 33147, FL, USA",True,OK,25.8339442,-80.24223839999999,"6600 NW 27th Ave, Miami, FL 33147, USA",GEOMETRIC_CENTER,False,
48,KOOL TREATS BY MAMA DUKES,"7700 NW 14th court, MIAMI","7700 NW 14th court, MIAMI, 33147, FL, USA",True,OK,25.8445882,-80.2221824,"7700 NW 14th Ct, Miami, FL 33147, USA",ROOFTOP,False,
49,FUZZBEE'S,"3444 Main Hwy #2, Coconut Grove","3444 Main Hwy #2, Coconut Grove, 33133, Florida, USA",True,OK,25.7272217,-80.2434741,"3444 Main Hwy #2, Coconut Grove, FL 33133, USA",ROOFTOP,False,
50,"BENFRESH,LLC","7337 NW 37 AVE
UNIT 3, MIAMI","7337 NW 37 AVE
UNIT 3, MIAMI, 33147, FL, USA",True,OK,25.8404905,-80.25732339999999,"7337 NW 37th Ave #3, Miami, FL 33147, USA",ROOFTOP,False,
51,SEDANOS # 9 - Hialeah 9,"4040 E 4th ave, Hialeah","4040 E 4th ave, Hialeah, 33013, FL, USA",True,OK,25.8590721,-80.2752124,"4040 E 4th Ave, Hialeah, FL 33013, USA",ROOFTOP,False,
52,S4L Industries,"270 W 25 st, Hialeah","270 W 25 st, Hialeah, 33010, FL, USA",True,OK,25.8441059,-80.287544,"270 W 25th St, Hialeah, FL 33010, USA",ROOFTOP,False,
53,WELLS MARKET,"1756 N BAYSHORE DR, MIAMI","1756 N BAYSHORE DR, MIAMI, 33132, FL, USA",True,OK,25.79289,-80.1866204,"Bay parc apartments, 1756 N Bayshore Dr, Miami, FL 33132, USA",ROOFTOP,False,
54,KEY FOOD SUNRISE - Sunset Strip,"8251 Sunset Strip, Sunrise","8251 Sunset Strip, Sunrise, 33322, Florida, USA",True,OK,26.153806,-80.2561772,"8251 Sunset Strip, Sunrise, FL 33322, USA",GEOMETRIC_CENTER,False,
55,RPM Pizzería LLC,"1327 NW 8th pl, Cape Coral","1327 NW 8th pl, Cape Coral, 33993, Florida, USA",True,OK,26.6784613,-81.9912846,"1327 NW 8th Pl, Cape Coral, FL 33993, USA",ROOFTOP,False,
56,SABOR TROPICAL SUPERMARKET #7,"969 Normandy Dr, MIAMI BEACH","969 Normandy Dr, MIAMI BEACH, 33141, FL, USA",True,OK,25.8560221,-80.1295117,"969 Normandy Dr, Miami Beach, FL 33141, USA",ROOFTOP,False,
57,# 17- BRAVO FLAMINGO,"12141 Pembroke Rd,, Pembroke Pines","12141 Pembroke Rd,, Pembroke Pines, 33025, FL, USA",True,OK,25.9941031,-80.3085653,"12141 Pembroke Rd, Pembroke Pines, FL 33027, USA",ROOFTOP,False,
58,ACAI TASTY,"1024 71st STREET, MIAMI BEACH","1024 71st STREET, MIAMI BEACH, 33141, FL, USA",True,OK,25.8549108,-80.1291349,"1024 71st St, Miami Beach, FL 33141, USA",ROOFTOP,False,
59,AURA BOWLS,"760 Jefferson Ave, Miami Beach","760 Jefferson Ave, Miami Beach, 33139, FL, USA",True,OK,25.7781184,-80.1376435,"760 Jefferson Ave, Miami Beach, FL 33139, USA",ROOFTOP,False,
60,Empanadas 305,"221 W 27th Street, Hialeah","221 W 27th Street, Hialeah, 33010, FL, USA",True,OK,25.8465473,-80.2868587,"221 W 27th St, Hialeah, FL 33010, USA",ROOFTOP,False,
62,PINTON BY TIME 2 GROW,"13435 SW 128th st # 106, Miami","13435 SW 128th st # 106, Miami, 33186, FL, USA",True,OK,25.6490143,-80.4121313,"13435 SW 128th St STE 106, Miami, FL 33186, USA",ROOFTOP,False,
63,SEDANOS # 20 - Miami Gardens 20,"3801  W Flager st, Coral Gables","3801  W Flager st, Coral Gables, 33126, Florida, USA",True,OK,25.7721925,-80.2576851,"3801 W Flagler St, Miami, FL 33134, USA",ROOFTOP,False,
64,SEDANOS # 22 - Hialeah 22,"5360  W 16th ave, HIALEAH","5360  W 16th ave, HIALEAH, 33012, FL, USA",True,OK,25.8682861,-80.3177032,"5360 W 16th Ave, Hialeah, FL 33012, USA",ROOFTOP,False,
65,SEDANOS # 42 - Miami 42,"3801  W Flager st, Coral Gables","3801  W Flager st, Coral Gables, 33126, Florida, USA",True,OK,25.7721925,-80.2576851,"3801 W Flagler St, Miami, FL 33134, USA",ROOFTOP,False,
66,"SOUTH FLORIDA FOOD, LLC","5801 WILEY street, Hollywood","5801 WILEY street, Hollywood, 33023, Florida, USA",True,OK,25.9984622,-80.2032074,"5801 Wiley St, Hollywood, FL 33023, USA",ROOFTOP,False,
67,1-Bite LLC,"14260 sw 136th street, unit 18, Miami","14260 sw 136th street, unit 18, Miami, 33186, FL, USA",True,OK,25.6405483,-80.4239837,"14260 SW 136th St Ste 18, Miami, FL 33186, USA",ROOFTOP,False,
68,ACAI MASTERS,"8842 SW 129th St, Miami","8842 SW 129th St, Miami, 33176, FL, USA",True,OK,25.6503963,-80.33760989999999,"8842 SW 129th St, Miami, FL 33176, USA",ROOFTOP,False,
69,BLUE LAVENDER CAFE,"1414 Collins Ave codigo puerta 1414 A, Miami Beach","1414 Collins Ave codigo puerta 1414 A, Miami Beach, 33139, FL, USA",True,OK,25.78587,-80.13105139999999,"1414 Collins Ave, Miami Beach, FL 33139, USA",ROOFTOP,True,
70,KEY FOOD PEMBROKE PINES (Ex Price Choice #12),"701 NW 99 ave., Pembroke Pines","701 NW 99 ave., Pembroke Pines, 33024, FL, USA",True,OK,26.0142722,-80.2783874,"701 NW 99th Ave, Pembroke Pines, FL 33024, USA",ROOFTOP,False,
71,RORABECK'S PLANTS & PRODUCE,"5539 S Military Trail, Lake Worth","5539 S Military Trail, Lake Worth, 33463, Florida, USA",True,OK,26.5956216,-80.1160479,"5539 S Military Trl, Greenacres, FL 33463, USA",ROOFTOP,False,
72,SEDANOS # 11 - Hialeah 11,"950 E 4th ave, Hialeah","950 E 4th ave, Hialeah, 33010, FL, USA",True,OK,25.8306521,-80.2742256,"950 E 4th Ave, Hialeah, FL 33010, USA",ROOFTOP,False,
73,SEDANOS # 18 - West Dade 18,"12175  SW 26th st, MIAMI","12175  SW 26th st, MIAMI, 33175, FL, USA",True,OK,25.746688,-80.39029029999999,"12175 SW 26th St, Miami, FL 33175, USA",ROOFTOP,False,
74,SEDANOS # 21 - West Kendall 21,"13794  SW 152nd st, MIAMI","13794  SW 152nd st, MIAMI, 33177, FL, USA",True,OK,25.6251876,-80.4166259,"13794 SW 152nd St, Miami, FL 33177, USA",ROOFTOP,False,
75,SEDANOS # 43 - Hialeah 43,"1170 W 49th st, Hialeah","1170 W 49th st, Hialeah, 33012, FL, USA",True,OK,25.8659759,-80.3060331,"1170 W 49th St, Hialeah, FL 33013, USA",ROOFTOP,False,
76,SMOOTHIE EXPRESS,"835 NE 132 STREET, NORTH MIAMI","835 NE 132 STREET, NORTH MIAMI, 33161, FL, USA",True,OK,25.8972693,-80.1818818,"835 NE 132nd St, North Miami, FL 33161, USA",ROOFTOP,False,
77,THE SPRUCE JUICE,"200 CRANDON BLVD, SUITE 110, KEY BISCAYNE","200 CRANDON BLVD, SUITE 110, KEY BISCAYNE, 33149, Florida, USA",True,OK,25.6976367,-80.1634849,"200 Crandon Blvd #110, Key Biscayne, FL 33149, USA",ROOFTOP,False,
78,The Juice Box,"15900 SW 92nd Avenue, Palmetto Bay","15900 SW 92nd Avenue, Palmetto Bay, 33157, Florida, USA",True,OK,25.6222253,-80.3425078,"15900 SW 92nd Ave, Miami, FL 33157, USA",ROOFTOP,False,
79,FRANK'S FRESH FRUIT,"5291 SW 127 Ave, MIAMI","5291 SW 127 Ave, MIAMI, 33175, FL, USA",True,OK,25.717135,-80.3986999,"5291 SW 127th Ave, Miami, FL 33175, USA",ROOFTOP,False,
80,SABOR TROPICAL SUPERMARKET #5,"6190 SW 8th St, West Miami","6190 SW 8th St, West Miami, 33144, FL, USA",True,OK,25.7629349,-80.2953727,"6190 SW 8th St, West Miami, FL 33144, USA",ROOFTOP,False,
81,SMOOTHIE SQUAD - PLANTATION,"331 N university drive unit 114
(Inside UFC fit gym), Plantation","331 N university drive unit 114
(Inside UFC fit gym), Plantation, 33324, Florida, USA",True,OK,26.1259295,-80.2571809,"331 N University Dr Ste 114, Plantation, FL 33324, USA",ROOFTOP,True,
82,WINN-DIXIE - # 280 DORAL AREA,"10505 NW 41ST St, MIAMI","10505 NW 41ST St, MIAMI, 33178, FL, USA",True,OK,25.8126684,-80.3667013,"10505 NW 41st St, Doral, FL 33178, USA",ROOFTOP,False,
83,-4 DEGREES CAFE,"2650 S Military Trail
Unit 28, West Palm Beach","2650 S Military Trail
Unit 28, West Palm Beach, 33415, FL, USA",True,OK,26.637921,-80.111713,"2650 S Military Trl Unit 28, West Palm Beach, FL 33415, USA",ROOFTOP,False,
84,A Family - Brickell,"41 SE 5th St, Miami","41 SE 5th St, Miami, 33131, FL, USA",True,OK,25.7690384,-80.1920291,"41 SE 5th St, Miami, FL 33131, USA",ROOFTOP,False,
85,BLENDERS JUICE BAR,"600-2 W Hallandale Beach Blvd, Hallandale Beach","600-2 W Hallandale Beach Blvd, Hallandale Beach, 33009, Florida, USA",True,OK,25.9856963,-80.1545023,"600-2 W Hallandale Beach Blvd, Hallandale Beach, FL 33009, USA",ROOFTOP,False,
86,BRAVO HOLLYWOOD WEST PARK,"4000 SW 40 Ave., West Park","4000 SW 40 Ave., West Park, 33023, Florida, USA",True,OK,25.9742315,-80.18410639999999,"4000 SW 40th Ave, Pembroke Park, FL 33023, USA",ROOFTOP,False,
87,ERIK'S FIT MEALS,"10851 SW 40th STREET, MIAMI","10851 SW 40th STREET, MIAMI, 33165, FL, USA",True,OK,25.7326741,-80.37069319999999,"10851 SW 40th St, Miami, FL 33165, USA",ROOFTOP,False,
88,EXTRA SUPERMARKET,"12890 SW 8th street, Miami","12890 SW 8th street, Miami, 33184, FL, USA",True,OK,25.7601965,-80.4054393,"12890 SW 8th St, Miami, FL 33184, USA",ROOFTOP,False,
89,FRESCO Y MAS # 292 en 1630 West 49th St,"1630 west 49 street, Hialeah","1630 west 49 street, Hialeah, 33012, FL, USA",True,OK,25.8649299,-80.3153044,"Westland Commons, 1630 W 49th St, Hialeah, FL 33012, USA",ROOFTOP,False,
90,Festival Supermarket #42 (ex Presidente),"2450 N State Road 7, Margate","2450 N State Road 7, Margate, 33063, Florida, USA",True,OK,26.2581862,-80.19978689999999,"2450 N State Rd 7, Margate, FL 33063, USA",ROOFTOP,False,
91,KEY FOOD HOLLYWOOD - (EX BRAVO JOHNSON),"3025 Johnson St, Hollywood","3025 Johnson St, Hollywood, 33021, Florida, USA",True,OK,26.0189912,-80.1688478,"Otis German Shopping Center, 3025 Johnson St, Hollywood, FL 33021, USA",GEOMETRIC_CENTER,False,
92,SEDANOS # 16 - Hialeah 16,"3925  Palm ave, HIALEAH","3925  Palm ave, HIALEAH, 33012, FL, USA",True,OK,25.8581782,-80.2821756,"3925 Palm Ave, Hialeah, FL 33012, USA",ROOFTOP,False,
93,SEDANOS # 24 - Hollywood 24,"2325 N state road 7, Hollywood","2325 N state road 7, Hollywood, 33021, Florida, USA",True,OK,26.0313207,-80.2073815,"2325 N State Rd 7, Hollywood, FL 33024, USA",ROOFTOP,False,
94,SEDANOS # 33 - Doral 33,"10780 NW 58th St, Doral","10780 NW 58th St, Doral, 33178, FL, USA",True,OK,25.8249731,-80.3718571,"10780 NW 58th St, Doral, FL 33178, USA",ROOFTOP,False,
95,SEDANOS # 38 - Westchester 38,"8601  Bird Rd, MIAMI","8601  Bird Rd, MIAMI, 33155, FL, USA",True,OK,25.7344114,-80.33393819999999,"8601 Bird Rd, Miami, FL 33155, USA",ROOFTOP,False,
96,SMOOTHIE TIME,"8900 TAFT STREET, PEMBROKE PINES","8900 TAFT STREET, PEMBROKE PINES, 33024, FL, USA",True,OK,26.022606,-80.265062,"8900 Taft St, Pembroke Pines, FL 33024, USA",GEOMETRIC_CENTER,False,
97,SWEETGEM CUPCAKES LLC,"2580 Azalea Ave, Miramar","2580 Azalea Ave, Miramar, 33025-2402, FL, USA",True,OK,25.9859145,-80.26472969999999,"2580 Azalea Ave, Miramar, FL 33025, USA",ROOFTOP,False,
98,WINN-DIXIE 214 - THE SHOPPES OF LIBERTY CITY,"1150 NW 54TH STREET, Miami","1150 NW 54TH STREET, Miami, 33127, FL, USA",True,OK,25.8234229,-80.21513829999999,"1150 NW 54th St, Miami, FL 33127, USA",ROOFTOP,False,
99,"AMAZONIC VENTURES, LLC - NATIVO (CUSTOMER)","888 Biscayne Blvd, Miami","888 Biscayne Blvd, Miami, 33132, FL, USA",True,OK,25.7827987,-80.19016479999999,"888 Biscayne Blvd, Miami, FL 33132, USA",ROOFTOP,False,
100,California foods corp,"10530 NW 37th Terrace, Doral","10530 NW 37th Terrace, Doral, 33178, FL, USA",True,OK,25.8081569,-80.36747439999999,"10530 NW 37th Terrace, Doral, FL 33178, USA",ROOFTOP,False,
101,Cornycopia,"14601 SW 103rd Ct, Miami","14601 SW 103rd Ct, Miami, 33176, FL, USA",True,OK,25.6332371,-80.3608169,"14601 SW 103rd Ct, Miami, FL 33176, USA",ROOFTOP,False,
102,EL RANCHITO,"12320 SW 56 Street, Kendall","12320 SW 56 Street, Kendall, 33175, FL, USA",True,OK,25.7146612,-80.39428339999999,"12320 SW 56th St, Miami, FL 33175, USA",ROOFTOP,False,
103,FRESCO Y MAS # 231 en Miami Gardens Shopping,"5850 N.W. 183Rd Street, Hialeah","5850 N.W. 183Rd Street, Hialeah, 33015, FL, USA",True,OK,25.937485,-80.29750609999999,"5850 NW 183rd St, Hialeah, FL 33015, USA",ROOFTOP,False,
104,FRESCO Y MAS # 235 en 3401 NW y 18th Ave,"3401 NW 18th Ave, MIAMI","3401 NW 18th Ave, MIAMI, 33142, FL, USA",True,OK,25.8081222,-80.2244597,"3401 NW 18th Ave, Miami, FL 33142, USA",ROOFTOP,False,
105,FRESCO Y MAS # 270 en Lago Plaza,"2750  W 68th St. Ste 201, Hialeah","2750  W 68th St. Ste 201, Hialeah, 33016, FL, USA",True,OK,25.8837251,-80.3379186,"2750 W 68th St #201, Hialeah, FL 33016, USA",ROOFTOP,False,
106,FRESCO Y MAS # 274 en Taft Street Center,"6775 Taft St, Hollywood","6775 Taft St, Hollywood, 33024, Florida, USA",True,OK,26.0259878,-80.22324309999999,"6775 Taft St, Hollywood, FL 33024, USA",ROOFTOP,False,
107,FRESCO Y MAS # 388 18300 SW 137th Ave,"18300 SW 137th Ave, MIAMI","18300 SW 137th Ave, MIAMI, 33177, FL, USA",True,OK,25.5980064,-80.41483,"18300 SW 137th Ave, Miami, FL 33177, USA",ROOFTOP,False,
108,Meat Club Market,"5900 NW 97th Ave Unit 26, Doral","5900 NW 97th Ave Unit 26, Doral, 33178, FL, USA",True,OK,25.8276612,-80.35551950000001,"5900 NW 97th Ave #26, Doral, FL 33178, USA",ROOFTOP,False,
109,SEDANOS # 27 - Pembroke Pines 27,"10333  Pines Blvd, Pembroke Pines","10333  Pines Blvd, Pembroke Pines, 33026, FL, USA",True,OK,26.0095382,-80.28413499999999,"10333 Pines Blvd, Pembroke Pines, FL 33026, USA",ROOFTOP,False,
110,SEDANOS # 32 - West Dade 32,"14655  SW 56th st, Miami","14655  SW 56th st, Miami, 33175, FL, USA",True,OK,25.7156966,-80.43030499999999,"14655 SW 56th St, Miami, FL 33175, USA",ROOFTOP,False,
111,Sterling Group Foods - Bagel Boss,"5850 S Pine Island Rd, Davie","5850 S Pine Island Rd, Davie, 33328, Florida, USA",True,OK,26.0477045,-80.2575358,"5850 S Pine Island Rd, Davie, FL 33328, USA",ROOFTOP,False,
112,THE ICE CREAM FACTORY LLC,"1626 Michigan Ave, Miami Beach","1626 Michigan Ave, Miami Beach, 33138, FL, USA",True,OK,25.7900098,-80.1389872,"1626 Michigan Ave, Miami Beach, FL 33139, USA",ROOFTOP,False,
113,AR Espanola - Rosaluna Cafe,"200 S Biscayne Blvd, Miami","200 S Biscayne Blvd, Miami, 33130, FL, USA",True,OK,25.7725326,-80.1876016,"200 S Biscayne Blvd, Miami, FL 33131, USA",ROOFTOP,False,
114,Brothers Farmers Market - Sunrise,"3431 N Hiatus Road, Sunrise","3431 N Hiatus Road, Sunrise, 33351, Florida, USA",True,OK,26.131488,-80.29727969999999,"3431 N Hiatus Rd, Plantation, FL 33324, USA",RANGE_INTERPOLATED,False,
115,FOOD GIANT NW 10th ave (EX BRAVO TROPICAL MEAT & FISH),"11800 NW 10 Ave., Miami","11800 NW 10 Ave., Miami, 33168, FL, USA",True,OK,25.882928,-80.2153994,"11800 NW 10th Ave, Miami, FL 33168, USA",ROOFTOP,False,
116,FRESCO Y MAS # 1717 - 7851 Palm river rd,"7851 Palm river rd, Tampa","7851 Palm river rd, Tampa, 33619, Florida, USA",True,OK,27.9397987,-82.36717569999999,"7851 Palm River Rd, Tampa, FL 33619, USA",ROOFTOP,False,
117,FRESCO Y MAS # 243 en Palm Spring Mile,"541 West 49th Street, Hialeah","541 West 49th Street, Hialeah, 33012, FL, USA",True,OK,25.8683624,-80.2940394,"541 W 49th St, Hialeah, FL 33012, USA",ROOFTOP,False,
118,FRESCO Y MAS # 252 - 1525 Coral Way,"1525  Coral Way, Coral Gables","1525  Coral Way, Coral Gables, 33145, Florida, USA",True,OK,25.7513023,-80.2194942,"1525 Coral Wy, Miami, FL 33145, USA",ROOFTOP,False,
119,FRESCO Y MAS # 387 Quail Heights Plaza,"18801 SW 117th Ave., MIAMI","18801 SW 117th Ave., MIAMI, 33177, FL, USA",True,OK,25.5929771,-80.38021830000001,"18801 SW 117th Ave, Miami, FL 33157, USA",ROOFTOP,False,
120,KEY FOOD KIMBERLY (EX BRAVO KIMBERLY),"6039 A Kimberly Blvd, North Lauderdale","6039 A Kimberly Blvd, North Lauderdale, 33068, FL, USA",True,OK,26.2163611,-80.20579230000001,"6039 Kimberly Blvd, North Lauderdale, FL 33068, USA",ROOFTOP,False,
121,LARA WAIHRICH ROSA,"800 SE 4th Ave, Hallandale Beach","800 SE 4th Ave, Hallandale Beach, Florida, USA",True,OK,25.9767561,-80.1444501,"800 SE 4th Ave, HALNDLE BCH, FL 33009, USA",ROOFTOP,False,
122,Mango Man,"3598 W Broward Boulevard, Fort Lauderdale","3598 W Broward Boulevard, Fort Lauderdale, 33313, FL, USA",True,OK,26.1206699,-80.1959844,"3598 W Broward Blvd, Fort Lauderdale, FL 33312, USA",ROOFTOP,False,
123,Miami Juice,"18660 Collins Ave #101, Sunny Isles Beach","18660 Collins Ave #101, Sunny Isles Beach, 33160, Florida, USA",True,OK,25.9489535,-80.1210806,"18660 Collins Ave #101, Sunny Isles Beach, FL 33160, USA",ROOFTOP,False,
124,Milky Ways Cereal Bar - Kendall,"13818 SW 56th St, Miami","13818 SW 56th St, Miami, 33175, FL, USA",True,OK,25.7124525,-80.4177318,"13818 SW 56th St, Miami, FL 33175, USA",ROOFTOP,False,
125,NAHUÉN Gourmet Market - DORAL,"10375 NW 41st St, Doral, Doral","10375 NW 41st St, Doral, Doral, 33178, FL, USA",True,OK,25.8121102,-80.3651742,"10375 NW 41st St, Doral, FL 33178, USA",ROOFTOP,False,
126,No Ordinary Vegan,"1525 Meridian Ave 210, Miami Beach","1525 Meridian Ave 210, Miami Beach, 33147, FL, USA",True,OK,25.7878658,-80.1363105,"1525 Meridian Ave Apt 210, Miami Beach, FL 33139, USA",ROOFTOP,False,
127,OLA GELATO LLC,"13115 W OKEECHOBEE ROAD
SUITE 113, HIALEAH GARDENS","13115 W OKEECHOBEE ROAD
SUITE 113, HIALEAH GARDENS, 33018, FL, USA",True,OK,25.8932721,-80.3734336,"13115 W Okeechobee Rd #113, Hialeah Gardens, FL 33018, USA",ROOFTOP,False,
128,POLIDORI MIAMI CORP - POLIDORI MARKET,"13408 BISCAYNE BLVD, MIAMI","13408 BISCAYNE BLVD, MIAMI, 33181, FL, USA",True,OK,25.8994885,-80.1613016,"13408 Biscayne Blvd, Miami, FL 33181, USA",ROOFTOP,False,
129,PRESIDENTE SUPERMARKET #8,"4645 B Gun Club Road, West Palm Beach","4645 B Gun Club Road, West Palm Beach, 33415, FL, USA",True,OK,26.6752971,-80.11369959999999,"4645 Gun Club Rd, West Palm Beach, FL 33415, USA",ROOFTOP,False,
130,SEDANOS # 26- Hialeah 26,"2301 W 52nd St, Hialeah","2301 W 52nd St, Hialeah, 33016, FL, USA",True,OK,25.870082,-80.32939209999999,"2301 W 52nd St, Hialeah, FL 33016, USA",ROOFTOP,False,
131,SEDANOS # 28 - Hialeah 28,"3140 W 76th st, Hialeah","3140 W 76th st, Hialeah, 33018, FL, USA",True,OK,25.890167,-80.3465494,"3140 W 76th St, Hialeah, FL 33018, USA",ROOFTOP,False,
132,BRAVO PEMBROKE #53,"6767 Pembroke Rd., Pembroke Pines","6767 Pembroke Rd., Pembroke Pines, 33023, FL, USA",True,OK,25.9958448,-80.2222845,"6767 Pembroke Rd, Pembroke Pines, FL 33023, USA",ROOFTOP,False,
133,D&S On Time Trucking LLC,"6703 Bayfront Dr, Margate","6703 Bayfront Dr, Margate, 33063, Florida, USA",True,OK,26.2657382,-80.2150609,"6703 Bayfront Dr, Margate, FL 33063, USA",ROOFTOP,False,
134,Estación de Pan,"23269 State Rd 7 #107, Boca Raton","23269 State Rd 7 #107, Boca Raton, 33428, Florida, USA",True,OK,26.3286684,-80.2038513,"Essential Money Transfer, 23269 FL-7 Ste 107, Boca Raton, FL 33428, USA",ROOFTOP,False,
135,FRANK'S FRESH FRUIT #2,"6480 SW 8 STREET, WEST MIAMI","6480 SW 8 STREET, WEST MIAMI, 33144, FL, USA",True,OK,25.7629404,-80.301565,"6480 SW 8th St, West Miami, FL 33144, USA",ROOFTOP,False,
136,FRESCO Y MAS # 201 HIALEAH SHOPPING CENTER,"6500 W 4th Ave, Hialeah","6500 W 4th Ave, Hialeah, 33012, FL, USA",True,OK,25.8819652,-80.2924073,"6500 W 4th Ave, Hialeah, FL 33012, USA",GEOMETRIC_CENTER,False,
137,IRIMIA LLC - PASIONES ARGENTINAS,"2756 SW 137 AVE, MIAMI","2756 SW 137 AVE, MIAMI, 33175, FL, USA",True,OK,25.7419636,-80.41676460000001,"2756 SW 137th Ave, Miami, FL 33175, USA",ROOFTOP,False,
138,Ideal Food Basket - Dania Beach,"308 E Dania Beach Blvd, Dania Beach","308 E Dania Beach Blvd, Dania Beach, 33004, Florida, USA",True,OK,26.0512043,-80.1387913,"308 E Dania Beach Blvd, Dania Beach, FL 33004, USA",ROOFTOP,False,
139,Just feed me,"335 E Linton Blvd, Delray Beach","335 E Linton Blvd, Delray Beach, 33483, Florida, USA",True,OK,26.4402238,-80.069409,"335 E Linton Blvd, Delray Beach, FL 33483, USA",ROOFTOP,False,
140,KEY FOOD CORAL SPRINGS (EX BRAVO CORAL SPRINGS),"10301 Royal Palm Blvd, Coral Springs","10301 Royal Palm Blvd, Coral Springs, 33065, Florida, USA",True,OK,26.2598591,-80.262787,"10301 Royal Palm Blvd, Coral Springs, FL 33065, USA",ROOFTOP,False,
141,Diego,"222 67TH ST, Miami Beach","222 67TH ST, Miami Beach, 33141-5701, FL, USA",True,OK,25.8503716,-80.12076549999999,"222 67th St, Miami, FL 33141, USA",ROOFTOP,False,
142,REDLAND FARMERS MARKET,"24801 SW 177th Ave, Homestead","24801 SW 177th Ave, Homestead, 33031, FL, USA",True,OK,25.5357719,-80.47786289999999,"24801 SW 177th Ave, Homestead, FL 33031, USA",RANGE_INTERPOLATED,False,
143,SEDANOS # 10 - Hialeah 10,"1690 W 68th st, Hialeah","1690 W 68th st, Hialeah, 33014, FL, USA",True,OK,25.8838139,-80.3174289,"1690 W 68th St, Hialeah, FL 33014, USA",ROOFTOP,False,
144,SEDANOS # 31 - Homestead 31,"831  NE 8th st, Homestead","831  NE 8th st, Homestead, 33030, FL, USA",True,OK,25.4783495,-80.46654699999999,"831 NE 8th St, Homestead, FL 33030, USA",ROOFTOP,False,
145,SEDANOS # 36- Miami Gardens 36,"18600 NW 87th ave, Hialeah","18600 NW 87th ave, Hialeah, 33018, FL, USA",True,OK,25.9428694,-80.3439197,"18600 NW 87th Ave, Hialeah, FL 33015, USA",ROOFTOP,False,
146,WINN-DIXIE - # 319 DIXIE CENTER,"30346 OLD DIXIE HIGHWAY, HOMESTEAD","30346 OLD DIXIE HIGHWAY, HOMESTEAD, 33030, FL, USA",True,OK,25.4866737,-80.4635057,"30346 Old Dixie Hwy, Homestead, FL 33030, USA",ROOFTOP,False,
147,AMIGOS DELI LLC,"312 N Federal Hwy, Hallandale Beach","312 N Federal Hwy, Hallandale Beach, 33009, Florida, USA",True,OK,25.9899357,-80.1421287,"312 N Federal Hwy, Hallandale Beach, FL 33009, USA",ROOFTOP,False,
148,ANDES TROPICAL LLC,"3856 OAKCLIFF INDUSTRIAL CT, ATLANTA","3856 OAKCLIFF INDUSTRIAL CT, ATLANTA, 30340, Florida, USA",True,OK,33.9057116,-84.24973489999999,"3856 Oakcliff Industrial Ct, Atlanta, GA 30340, USA",ROOFTOP,True,
149,ARABICO LLC,"1021 NE 110 Street, Biscayne Park","1021 NE 110 Street, Biscayne Park, 33161, Florida, USA",True,OK,25.8771491,-80.17731529999999,"1021 NE 110th St, Biscayne Park, FL 33161, USA",ROOFTOP,False,
150,Acai exotic,"1835 E HALLANDALE BEACH BLVD, HALLANDALE BEACH","1835 E HALLANDALE BEACH BLVD, HALLANDALE BEACH, 33009, Florida, USA",True,OK,25.9867883,-80.12887160000001,"1835 E Hallandale Beach Blvd, Hallandale Beach, FL 33009, USA",ROOFTOP,False,
151,Ace General Hauling LLC,"3901 SW 109th Ave Apt A7, Miami","3901 SW 109th Ave Apt A7, Miami, 33165, FL, USA",True,OK,25.7336728,-80.37125859999999,"3901 SW 109th Ave a7, Miami, FL 33165, USA",ROOFTOP,False,
152,Adriana Cherry,"2420 dove creek drive, Little elm","2420 dove creek drive, Little elm, 75068, Florida, USA",True,OK,33.1674247,-96.8857661,"2420 Dove Creek Dr, Little Elm, TX 75068, USA",ROOFTOP,True,
153,Adriana Molina,"801 Fairway Drive, Miami Beach","801 Fairway Drive, Miami Beach, 33141, FL, USA",True,OK,25.8599257,-80.1407406,"801 Fairway Dr, Miami Beach, FL 33141, USA",ROOFTOP,False,
154,Alchemy Juice co & Market,"527 Clematis St, West Palm Beach","527 Clematis St, West Palm Beach, 33401, FL, USA",True,OK,26.7135758,-80.0564498,"527 Clematis St, West Palm Beach, FL 33401, USA",ROOFTOP,False,
155,"Amazonic Ventures, LLC dba Nativo Acai","PMB 1274, 1000 Brickell Ave, Suite 715, Miami","PMB 1274, 1000 Brickell Ave, Suite 715, Miami, 33131, FL, USA",True,OK,25.7640104,-80.1918072,"1000 Brickell Ave Ste 715, Miami, FL 33131, USA",ROOFTOP,True,
156,Aries Supermarket,"5945 W 25 CT, HIALEAH","5945 W 25 CT, HIALEAH, 33016, FL, USA",True,OK,25.8761569,-80.3337682,"5945 W 25th Ct, Hialeah, FL 33016, USA",ROOFTOP,False,
157,Aunties Key to Life Juice Bar,"17350 S dixie Hwy, Palmetto Bay","17350 S dixie Hwy, Palmetto Bay, 33157, Florida, USA",True,OK,25.607924,-80.35037,"17350 S Dixie Hwy, Palmetto Bay, FL 33157, USA",ROOFTOP,False,
158,BAHAMAS FISH,"13399 SW BIRD ROAD, Miami","13399 SW BIRD ROAD, Miami, FL, USA",True,OK,25.7293419,-80.4114431,"13399 Bird Rd, Miami, FL 33175, USA",RANGE_INTERPOLATED,True,
159,BAKERY CORP,"15625 NW 15 ave, Miami","15625 NW 15 ave, Miami, 33169, FL, USA",True,OK,25.9174184,-80.2240965,"15625 NW 15th Ave, Miami, FL 33169, USA",ROOFTOP,False,
160,BE FRESH MEAT & FISH SUPERMARKET,"12010 N Miami Ave, Miami","12010 N Miami Ave, Miami, 33168, FL, USA",True,OK,25.8851353,-80.19890389999999,"12010 N Miami Ave, Miami, FL 33168, USA",ROOFTOP,False,
161,BLEND PLUS,"1925N Military Trail, West Palm Beach","1925N Military Trail, West Palm Beach, 33409, FL, USA",True,OK,26.7060684,-80.1138071,"1925 N Military Trl, West Palm Beach, FL 33417, USA",GEOMETRIC_CENTER,False,
162,BRAVO KENDALL SUPERMARKET,"11247 SW 152 Street, Kendall","11247 SW 152 Street, Kendall, 33157, FL, USA",True,OK,25.6288623,-80.375562,"11247 SW 152nd St, Miami, FL 33176, USA",ROOFTOP,False,
163,BRAVO OAKLAND - Fort Lauderdale,"3400 N Andrews Ave, Fort Lauderdale","3400 N Andrews Ave, Fort Lauderdale, 33309, FL, USA",True,OK,26.1697427,-80.1450952,"3400 N Andrews Ave, Oakland Park, FL 33334, USA",ROOFTOP,False,
164,BRAVO OAKLAND WEST,"6330 Oakland Park Blvd, Sunrise","6330 Oakland Park Blvd, Sunrise, 33313, Florida, USA",True,OK,26.1635911,-80.234444,"6330 W Oakland Park Blvd, Sunrise, FL 33313, USA",ROOFTOP,False,
165,BRAVO SABAL,"5299 NE 2 AVE, Miami","5299 NE 2 AVE, Miami, 33137, FL, USA",True,OK,25.8244243,-80.1913364,"5299 NE 2nd Ave, Miami, FL 33137, USA",ROOFTOP,False,
166,BRAVO SUPERMARKET - Homestead,"32955 S Dixie Hwy, Florida City","32955 S Dixie Hwy, Florida City, 33034",True,OK,25.4614871,-80.473585,"32955 S Dixie Hwy, Florida City, FL 33034, USA",ROOFTOP,False,
167,BROTHERS FARMERS MARKET II,"1937 N Military Trail, West Palm Beach","1937 N Military Trail, West Palm Beach, 33409, FL, USA",True,OK,26.7049987,-80.1128473,"1937 N Military Trl, West Palm Beach, FL 33409, USA",GEOMETRIC_CENTER,False,
168,Big Mike's Baking Company,"7891 W Sample Rd, Coral Springs","7891 W Sample Rd, Coral Springs, 33065, Florida, USA",True,OK,26.2725736,-80.2316412,"7891 W Sample Rd, Coral Springs, FL 33065, USA",ROOFTOP,False,
169,Boca Brazil Supermarket,"22819 State Road 7, Boca Raton","22819 State Road 7, Boca Raton, 33428, Florida, USA",True,OK,26.3370012,-80.2038731,"22819 FL-7, Boca Raton, FL 33428, USA",ROOFTOP,False,
170,Brothers Farmers Market Davie,"6871 Sterling Road, Davie","6871 Sterling Road, Davie, 33314, Florida, USA",True,OK,26.0465148,-80.2376098,"6871 Stirling Rd, Davie, FL 33314, USA",ROOFTOP,False,
171,Broward Meat & Fish #1,"8040 W Mc Nab Rd., Fort Lauderdale","8040 W Mc Nab Rd., Fort Lauderdale, 33068, FL, USA",True,OK,26.2072028,-80.2352681,"8040 W McNab Rd, North Lauderdale, FL 33068, USA",GEOMETRIC_CENTER,False,
172,Broward Meat & Fish #3,"8030 Pines Blvd, Pembroke Pines","8030 Pines Blvd, Pembroke Pines, 33024, FL, USA",True,OK,26.0075559,-80.24992639999999,"8030 Pines Blvd, Pembroke Pines, FL 33025, USA",ROOFTOP,False,
173,Buns and Roses Catering dba Le Macaron,"142 NW 209 Way, Pembroke Pines","142 NW 209 Way, Pembroke Pines, 33029, FL, USA",True,OK,26.009193,-80.42881899999999,"142 NW 209th Way, Pembroke Pines, FL 33029, USA",ROOFTOP,False,
174,Elda Benshimol,"7165 SW 47th St. Suite 312, Miami","7165 SW 47th St. Suite 312, Miami, 33155, FL, USA",True,OK,25.7265409,-80.30936659999999,"7165 SW 47th St Ste 312, Miami, FL 33155, USA",ROOFTOP,False,
175,"CAMERICAN INTERNATIONAL, INC","1649 N Decatur Road, NE, Atlanta","1649 N Decatur Road, NE, Atlanta, 33307, Florida, USA",True,OK,27.6648274,-81.5157535,"Florida, USA",APPROXIMATE,True,
176,CASA DO PASTEL - ws food's corp,"430 E Sample Rd, Pompano Beach","430 E Sample Rd, Pompano Beach, 33064, Florida, USA",True,OK,26.274801,-80.117474,"410-430 E Sample Rd, Pompano Beach, FL 33064, USA",ROOFTOP,False,
177,CHEESE XPRESS,"9970 W OAKLAND PARK BLVD, SUNRISE","9970 W OAKLAND PARK BLVD, SUNRISE, 33351, Florida, USA",True,OK,26.1688085,-80.28335129999999,"Oak Nob Corner, 9970 W Oakland Park Blvd, Sunrise, FL 33351, USA",GEOMETRIC_CENTER,False,
178,"CHEF ODELL, LLC","12222 SW 132 CORT, MIAMI","12222 SW 132 CORT, MIAMI, 33186, FL, USA",True,OK,25.6545901,-80.40886189999999,"12222 SW 132nd Ct, Miami, FL 33186, USA",ROOFTOP,False,
179,CULINARY AFFAIRS BY DOMINIC INC,"2400 Griffin Road, Fort Lauderdale","2400 Griffin Road, Fort Lauderdale, 33312, FL, USA",True,OK,26.0622166,-80.1730518,"2400 Griffin Rd, Fort Lauderdale, FL 33312, USA",ROOFTOP,False,
180,Caesar's Acai Corp,"120 NE 23rd Street, Miami","120 NE 23rd Street, Miami, 33137, FL, USA",True,OK,25.7987335,-80.1926718,"120 NE 23rd St, Miami, FL 33137, USA",ROOFTOP,False,
181,Café Deli Grab n’ Go,"1059 Collins #104, Miami Beach","1059 Collins #104, Miami Beach, 33139, FL, USA",True,OK,25.7816041,-80.1312009,"1059 Collins Ave #104, Miami Beach, FL 33139, USA",ROOFTOP,False,
182,"DAIRY SHINE, LLC","1809 S POWERLINE ROAD
SUITE 108C, DEERFIELD BEACH","1809 S POWERLINE ROAD
SUITE 108C, DEERFIELD BEACH, 33442, Florida, USA",True,OK,26.2911583,-80.1532324,"1809 S Powerline Rd Unit 108C, Deerfield Beach, FL 33442, USA",ROOFTOP,False,
183,DAY3HUNDRED65 LLC,"139 SW 6 STREET, POMPANO BEACH","139 SW 6 STREET, POMPANO BEACH, 33060, Florida, USA",True,OK,26.2229397,-80.12556409999999,"139 SW 6th St, Pompano Beach, FL 33060, USA",ROOFTOP,False,
184,DEL SUR BAKERY,"2566 NE MIAMI GARDENS DR, MIAMI","2566 NE MIAMI GARDENS DR, MIAMI, 33180, FL, USA",True,OK,25.9470759,-80.1498439,"2566 NE Miami Gardens Dr, Miami, FL 33180, USA",ROOFTOP,False,
185,DIANA FOOD GROUP,"4020 NE 10TH WAY, POMPANO BEACH","4020 NE 10TH WAY, POMPANO BEACH, 33064, Florida, USA",True,OK,26.2797008,-80.110907,"4020 NE 10th Way, Pompano Beach, FL 33064, USA",ROOFTOP,False,
186,"DOS CROQUETAS, LLC","7287 NW 78th Terrace, Medley","7287 NW 78th Terrace, Medley, 33166, Florida, USA",True,OK,25.8451945,-80.3163926,"7287 NW 78th Terrace, Medley, FL 33166, USA",ROOFTOP,False,
187,Dennis Leventis,"8167 NW 201st ST, Miami Lakes","8167 NW 201st ST, Miami Lakes, 33015, FL, USA",True,OK,25.9561738,-80.3338267,"8167 NW 201st St, Hialeah, FL 33015, USA",ROOFTOP,False,
188,Doral Nutrition (Miguel Carrillo),"10555 NW 41st St
 Ste. 200 - Sub Suite 31, Doral","10555 NW 41st St
 Ste. 200 - Sub Suite 31, Doral, 33178, FL, USA",True,OK,25.8129004,-80.3678691,"10555 NW 41st St Ste 200, Doral, FL 33178, USA",ROOFTOP,True,
189,Dr. Juice,"222 Comercial Blvd # 104, Lauderdale","222 Comercial Blvd # 104, Lauderdale, 33308, FL, USA",True,OK,26.1896102,-80.09825769999999,"222 Commercial Blvd #104, Lauderdale-By-The-Sea, FL 33308, USA",ROOFTOP,False,
190,ELISES BANOS,"1521 NW 93 STREET, MIAMI","1521 NW 93 STREET, MIAMI, 33143, FL, USA",True,OK,25.8594397,-80.2249077,"1521 NW 93rd St, Miami, FL 33147, USA",ROOFTOP,False,
191,El Bodegon #1,"West Palm Plaza 4704 Forest Hill Blvd, West Palm Beach","West Palm Plaza 4704 Forest Hill Blvd, West Palm Beach, 33415, FL, USA",True,OK,26.6505955,-80.1138271,"4618 Forest Hill Blvd, West Palm Beach, FL 33415, USA",ROOFTOP,True,
192,El Bodegon #3,"8022 W Sample RD, Margate","8022 W Sample RD, Margate, 33065, Florida, USA",True,OK,26.2707479,-80.2332685,"8022 W Sample Rd, Coral Springs, FL 33065, USA",ROOFTOP,False,
193,FESTIVAL SUPERMARKET #4218,"7346 W Commercial Blvd, Lauderhill","7346 W Commercial Blvd, Lauderhill, 33319, Florida, USA",True,OK,26.1930842,-80.24929519999999,"7346 W Commercial Blvd, Lauderhill, FL 33319, USA",ROOFTOP,False,
194,FESTIVAL SUPERMARKET - Kendall,"14870 N Kendall Drive, Miami","14870 N Kendall Drive, Miami, 33196, FL, USA",True,OK,25.683935,-80.43275,"Festival Food Supermarket, 14870 N Kendall Dr, Miami, FL 33196, USA",ROOFTOP,False,
195,FESTIVAL SUPERMARKET 3,"10927 SW 40 STREET, MIAMI","10927 SW 40 STREET, MIAMI, 33165, FL, USA",True,OK,25.7329899,-80.372694,"10927 SW 40th St, Miami, FL 33165, USA",ROOFTOP,False,
196,FOOD STAR SUPERMARKET,"10751 W Flagler Street, Miami","10751 W Flagler Street, Miami, 33174",True,OK,25.7687402,-80.37069319999999,"10751 W Flagler St, Miami, FL 33174, USA",ROOFTOP,False,
197,FRESCO Y MAS # 2450 - 4056 N Armenia Ave,"4056 N Armenia ave suite 101, Tampa","4056 N Armenia ave suite 101, Tampa, 33607, Florida, USA",True,OK,27.9756142,-82.4857827,"4056 N Armenia Ave Ste 101, Tampa, FL 33607, USA",ROOFTOP,False,
198,FRESCO Y MAS # 304 Lauderhill Mall,"1531 NW 40th ave, Lauderhill","1531 NW 40th ave, Lauderhill, 33313, Florida, USA",True,OK,26.1453698,-80.20476649999999,"1531 NW 40th Ave, Lauderhill, FL 33313, USA",ROOFTOP,False,
199,FRESCO Y MAS # 385 en Naranja Lakes,"27359 S Dixie Hwy, HOMESTEAD","27359 S Dixie Hwy, HOMESTEAD, 33032, FL, USA",True,OK,25.5121386,-80.4319464,"Fresco y Más, 27359 S Dixie Hwy, Homestead, FL 33032, USA",ROOFTOP,False,
200,FRESCO Y MAS # 697 - 8424 Sheldon Rd,"8424 SHELDON RD, Tampa","8424 SHELDON RD, Tampa, 33615, Florida, USA",True,OK,28.026914,-82.584424,"8424 Sheldon Rd, Tampa, FL 33615, USA",ROOFTOP,False,
201,FRESH COCONUT & SMOOTHIES,"1500 NE 16TH TERRACE, FORT LAUDERDALE","1500 NE 16TH TERRACE, FORT LAUDERDALE, 33304, FL, USA",True,OK,26.1463096,-80.12682869999999,"1500 NE 16th Terrace, Fort Lauderdale, FL 33304, USA",ROOFTOP,False,
202,FRUTERIA LA HACIENDA #3,"2900 W SAMPLE Rd, Pompano Beach","2900 W SAMPLE Rd, Pompano Beach, 33073, Florida, USA",True,OK,26.2734044,-80.1616971,"2900 W Sample Rd, Pompano Beach, FL 33073, USA",GEOMETRIC_CENTER,False,
203,FSM Foods International Inc.,"750 S. Powerline Road, Bldg 5, Unit 1, Deerfield Beach","750 S. Powerline Road, Bldg 5, Unit 1, Deerfield Beach, 33442, Florida, USA",True,OK,26.3065301,-80.14948729999999,"710 - 750 S Powerline Rd bldg 5, unit 1, Deerfield Beach, FL 33442, USA",ROOFTOP,False,
204,Food Fair Broward Smoothie bar (NO USAR),"7139 W Broward Blvd, Plantation","7139 W Broward Blvd, Plantation, 33317, Florida, USA",True,OK,26.1223153,-80.2439373,"7139 W Broward Blvd, Plantation, FL 33317, USA",ROOFTOP,False,
205,Food Fair Miramar (Presidente 59),"6301 NW 215 street, Miramar","6301 NW 215 street, Miramar, 33023, FL, USA",True,OK,25.9726509,-80.2081881,"6301 NW 215th St, Miami, FL 33169, USA",RANGE_INTERPOLATED,False,
206,Foodtown West Palm Beach,"5335 N Military Trl, West Palm Beach","5335 N Military Trl, West Palm Beach, 33407, FL, USA",True,OK,26.7586154,-80.1105386,"5335 N Military Trl, West Palm Beach, FL 33407, USA",ROOFTOP,False,
207,Fruteria La Hacienda #2,"1700 E Hallandale Beach Blvd, Hallandale","1700 E Hallandale Beach Blvd, Hallandale, 33009, Florida, USA",True,OK,25.9847376,-80.13162190000001,"1700 E Hallandale Beach Blvd, Hallandale Beach, FL 33009, USA",ROOFTOP,False,
208,GIANT MARKETPLACE,"15006 NE 6th Ave, North Miami","15006 NE 6th Ave, North Miami, 33161, FL, USA",True,OK,25.9132562,-80.1880078,"15006 NE 6th Ave, Miami, FL 33161, USA",ROOFTOP,False,
209,GLOW MEALS LLC,"1915 W 60 STREET, HIALEAH","1915 W 60 STREET, HIALEAH, 33012, FL, USA",True,OK,25.8776927,-80.32159810000002,"1915 W 60th St, Hialeah, FL 33012, USA",ROOFTOP,False,
210,GOLD PIZZA CAFE,"401 71 street, Miami Beach","401 71 street, Miami Beach, 33141, FL, USA",True,OK,25.8564599,-80.1225323,"401 71st St, Miami Beach, FL 33141, USA",GEOMETRIC_CENTER,False,
211,GUSTO CASERO LLC - MDQ SWEETS,"2030 DOUGLAS RD 
#102, CORAL GABLES","2030 DOUGLAS RD 
#102, CORAL GABLES, 33134, Florida, USA",True,OK,25.7534517,-80.2554631,"2030 Douglas Rd Ste 102, Coral Gables, FL 33134, USA",ROOFTOP,False,
212,HAV-A-BALL TRADING CORP,"1572 NW 82nd ave, Doral","1572 NW 82nd ave, Doral, 33126, FL, USA",True,OK,25.7883962,-80.3289747,"1572 NW 82nd Ave, Doral, FL 33122, USA",RANGE_INTERPOLATED,False,
213,Happy foods 18 LLC,"18220 W. Dixie Hwy, North Miami Beach","18220 W. Dixie Hwy, North Miami Beach, 33160, FL, USA",True,OK,25.9435743,-80.14934559999999,"18220 W Dixie Hwy, North Miami Beach, FL 33160, USA",ROOFTOP,False,
214,INTERNATIONAL FROZEN PRODUCTS USA  LLC,"18239 NE 4th Ct, Miami","18239 NE 4th Ct, Miami, 33162, FL, USA",True,OK,25.9425303,-80.1926251,"18239 NE 4th Ct, Miami, FL 33162, USA",ROOFTOP,False,
215,INTERNATIONAL SUPERMARKET - MERCADO LATINO,"6091 W Atlantic Blvd, Margate","6091 W Atlantic Blvd, Margate, 33063, Florida, USA",True,OK,26.2357763,-80.2059214,"6091 W Atlantic Blvd, Margate, FL 33063, USA",ROOFTOP,False,
216,Ideal Food Basket - Deerfield,"202 W. Hillsboro Blvd, Deerfield Beach","202 W. Hillsboro Blvd, Deerfield Beach, 33441, Florida, USA",True,OK,26.318165,-80.1048431,"202 W Hillsboro Blvd, Deerfield Beach, FL 33441, USA",ROOFTOP,False,
217,Ideal Supermarket Pompano,"1040 E Sample Rd, Pompano Beach","1040 E Sample Rd, Pompano Beach, 33064, Florida, USA",True,OK,26.274231,-80.11010399999999,"904-1040 E Sample Rd, Pompano Beach, FL 33064, USA",ROOFTOP,False,
218,"JAL DISTRIBUTOR, LLC","260 W 27 STREET
Suite 117, HIALEAH","260 W 27 STREET
Suite 117, HIALEAH, 33010, FL, USA",True,OK,25.846107,-80.28746129999999,"260 W 27th St #117, Hialeah, FL 33010, USA",ROOFTOP,False,
219,JOSE LUIS TURO,"2716 W VS HWY 27, CLEWISTON","2716 W VS HWY 27, CLEWISTON, 33440, Florida, USA",True,OK,26.7541698,-80.9393418,"US-27, Clewiston, FL, USA",GEOMETRIC_CENTER,True,
220,"JRK! AVENTURA, LLC","19565 Biscayne Blvd Suite FH10, Aventura","19565 Biscayne Blvd Suite FH10, Aventura, 33180, Florida, USA",True,OK,25.958233,-80.1425967,"19565 Biscayne Blvd fh10, Aventura, FL 33180, USA",ROOFTOP,False,
221,JUICE LAND,"905 Sunrise Ln, Fort Lauderdale","905 Sunrise Ln, Fort Lauderdale, 33304, FL, USA",True,OK,26.1370967,-80.10391609999999,"905 Sunrise Ln, Fort Lauderdale, FL 33304, USA",ROOFTOP,False,
222,JUICE WORLD FL,"110 NE 12 AVE, FORT LAUDERALE","110 NE 12 AVE, FORT LAUDERALE, 33301, Florida, USA",True,OK,26.1238719,-80.1311618,"110 NE 12th Ave, Fort Lauderdale, FL 33301, USA",ROOFTOP,False,
223,Juice Zaza,"Snappers Fish & Chicken
5330 NW 17th Ave, Miami","Snappers Fish & Chicken
5330 NW 17th Ave, Miami, 33142, FL, USA",True,OK,25.8241252,-80.2248525,"5330 NW 17th Ave, Miami, FL 33142, USA",ROOFTOP,True,
224,KEY FOOD BOCA RATON,"4301 W Hillsboro Blvd, Coconut Creek","4301 W Hillsboro Blvd, Coconut Creek, 33073, Florida, USA",True,OK,26.3188543,-80.183932,"4301 W Hillsboro Blvd, Coconut Creek, FL 33073, USA",ROOFTOP,False,
225,KEY FOOD LAKE WORTH N DIXIE,"1337 N Dixie Hwy, Lake Worth","1337 N Dixie Hwy, Lake Worth, 33460, Florida, USA",True,OK,26.6325259,-80.05812,"1337 N Dixie Hwy, Lake Worth Beach, FL 33460, USA",ROOFTOP,False,
226,KEY FOOD LAKE WORTH S DIXIE,"1206 S Dixie Hwy, Lake Worth","1206 S Dixie Hwy, Lake Worth, 33460, Florida, USA",True,OK,26.6004831,-80.0561991,"1206 S Dixie Hwy, Lake Worth Beach, FL 33460, USA",ROOFTOP,False,
227,KEY FOOD MIRAMAR (BRAVO # 54),"6819 Miramar Pkwy, Miramar","6819 Miramar Pkwy, Miramar, 33023, FL, USA",True,OK,25.9830273,-80.2247245,"6819 Miramar Pkwy, Miramar, FL 33023, USA",ROOFTOP,False,
228,KEY FOOD SUPERMARKET (BS DADE),"1701 NW 119 Street, Miami","1701 NW 119 Street, Miami, 33167, FL, USA",True,OK,25.8838902,-80.2273388,"1701 NW 119th St, Miami, FL 33167, USA",ROOFTOP,False,
229,KEY FOOD SUPERMARKET MIAMI 104 (EX Bravo Miami),"10400 NW 7 ave, Miami","10400 NW 7 ave, Miami, 33150, FL, USA",True,OK,25.8699639,-80.21078059999999,"10400 NW 7th Ave, Miami, FL 33150, USA",ROOFTOP,False,
230,Kosher KINGDOM Supermarket,"3017 NE 199 St., Aventura","3017 NE 199 St., Aventura, 33180, Florida, USA",True,OK,25.9625146,-80.1417085,"3017 NE 199th St, Miami, FL 33180, USA",ROOFTOP,False,
231,LA CROCANTE,"3050 NW 40 STREET, MIAMI","3050 NW 40 STREET, MIAMI, 33142, FL, USA",True,OK,25.8113876,-80.2455531,"3050 NW 40th St, Miami, FL 33142, USA",ROOFTOP,False,
232,"LA DULCE VIDA RASPADOS, LLC","12141 PEMBROKE RD,, Pembroke Pines","12141 PEMBROKE RD,, Pembroke Pines, 33025, FL, USA",True,OK,25.9941031,-80.3085653,"12141 Pembroke Rd, Pembroke Pines, FL 33027, USA",ROOFTOP,False,
233,LA NUEVA COPA,650 E 9 STREET,"650 E 9 STREET, 33010, Florida, USA",True,OK,25.8301613,-80.2680163,"650 E 9th St, Hialeah, FL 33010, USA",ROOFTOP,False,
234,LOCATEL STORES OPERATIONS LLC,"1713 E HALLANDALE BEACH BLVD, HALLANDALE BEACH","1713 E HALLANDALE BEACH BLVD, HALLANDALE BEACH, 33009, Florida, USA",True,OK,25.9861314,-80.13006109999999,"1713 E Hallandale Beach Blvd, Hallandale Beach, FL 33009, USA",RANGE_INTERPOLATED,False,
235,Yair Rosemberg,"13013 SW 122 ave, Miami","13013 SW 122 ave, Miami, 33186, FL, USA",True,OK,25.6467827,-80.39013179999999,"13013 SW 122nd Ave, Miami, FL 33186, USA",ROOFTOP,False,
236,La Terraza Organic Restaurant,"3105  NW 107 Ave # Ste 102, Doral","3105  NW 107 Ave # Ste 102, Doral, 33172, FL, USA",True,OK,25.8029139,-80.36802329999999,"3105 NW 107th Ave Ste 102, Doral, FL 33172, USA",ROOFTOP,False,
237,Latinos meat market,"1718 W Hillsboro Blvd, Deerfield Beach","1718 W Hillsboro Blvd, Deerfield Beach, 33442, Florida, USA",True,OK,26.3169108,-80.1272431,"1718 W Hillsboro Blvd, Deerfield Beach, FL 33442, USA",ROOFTOP,False,
238,"Life Extension Nutrition Center, Inc.","900 N Federal Hwy, Fort Lauderdale","900 N Federal Hwy, Fort Lauderdale, 33304, FL, USA",True,OK,26.188681,-80.11478199999999,"900 N Federal Hwy, Boca Raton, FL 33432, USA",ROOFTOP,False,
239,M&L Food Market,"7446 Collins Ave #2714, Miami Beach","7446 Collins Ave #2714, Miami Beach, 33141, FL, USA",True,OK,25.860379,-80.1213326,"7446 Collins Ave #2714, Miami Beach, FL 33141, USA",ROOFTOP,False,
240,Mango tree Deli,"6431 Stirling road, Davie","6431 Stirling road, Davie, 33314, Florida, USA",True,OK,26.0471775,-80.23239269999999,"6431 Stirling Rd, Davie, FL 33314, USA",ROOFTOP,False,
241,MARIMBAS CAFE,"24763 SW 177 AVE, HOMESTEAD","24763 SW 177 AVE, HOMESTEAD, 33031, FL, USA",True,OK,25.537007,-80.4776498,"24763 SW 177th Ave, Homestead, FL 33031, USA",ROOFTOP,False,
242,MAX FOOD DISTRIBUTORS,"1495 NW 23 Street, Miami","1495 NW 23 Street, Miami, 33142, FL, USA",True,OK,25.7987978,-80.22122569999999,"1495 NW 23rd St, Miami, FL 33142, USA",ROOFTOP,False,
243,MIC Food,"13595 SW 134th Avenue
Suite 201, Miami","13595 SW 134th Avenue
Suite 201, Miami, 33186, FL, USA",True,OK,25.6418772,-80.41011230000001,"13595 SW 134th Ave #201, Miami, FL 33186, USA",ROOFTOP,False,
244,"MODERATO DORAL, LLC","6933 NW 52 STREET, MIAMI","6933 NW 52 STREET, MIAMI, 33166, FL, USA",True,OK,25.821242,-80.3103253,"6933 NW 52nd St, Miami, FL 33166, USA",ROOFTOP,False,
245,Mango Mix LLC,"4922 NW 2nd tr, Pompano","4922 NW 2nd tr, Pompano, 33064, Florida, USA",True,OK,26.2921754,-80.12725189999999,"4922 NW 2nd Terrace, Pompano Beach, FL 33064, USA",ROOFTOP,False,
246,McKay Fruit Palace,17350 S Dixie Hwy,"17350 S Dixie Hwy, Florida, USA",True,OK,25.607924,-80.35037,"17350 S Dixie Hwy, Palmetto Bay, FL 33157, USA",ROOFTOP,False,
247,Mezze Inc.,"288 Middle Street, Georgetown","288 Middle Street, Georgetown, Florida, USA",True,OK,29.3913622,-81.63868889999999,"Georgetown, FL 32139, USA",APPROXIMATE,True,
248,Miami Squeeze,"18315 W Dixie Hwy, North Miami Beach","18315 W Dixie Hwy, North Miami Beach, 33160, FL, USA",True,OK,25.9454508,-80.14838089999999,"18315 W Dixie Hwy, North Miami Beach, FL 33160, USA",ROOFTOP,False,
249,NANA'S FOOD FOR YOU,"312 N Federal Hwy, Hallandale Beach","312 N Federal Hwy, Hallandale Beach, 33009, Florida, USA",True,OK,25.9899357,-80.1421287,"312 N Federal Hwy, Hallandale Beach, FL 33009, USA",ROOFTOP,False,
250,NRGIZE Cafe Kendall. Racketbol & Tennis Cafe,"8555 SW 124 Ave, Kendall","8555 SW 124 Ave, Kendall, 33183, FL, USA",True,OK,25.6883366,-80.3913908,"8555 SW 124th Ave., Miami, FL 33183, USA",ROOFTOP,False,
251,PALERMO MARKET,"8269 SW 124th st, Miami","8269 SW 124th st, Miami, 33156, FL, USA",True,OK,25.6560416,-80.3271256,"8269 SW 124th St, Pinecrest, FL 33156, USA",ROOFTOP,False,
252,PALMITA JUICE,"58 NE 14TH ST, MIAMI","58 NE 14TH ST, MIAMI, 33132, FL, USA",True,OK,25.7880398,-80.1928705,"58 NE 14th St, Miami, FL 33132, USA",ROOFTOP,False,
253,PAPAREPA FROZEN FOODS,"7360 NW 35 AVE, Miami","7360 NW 35 AVE, Miami, 33147, FL, USA",True,OK,25.8411095,-80.2541475,"7360 NW 35th Ave, Miami, FL 33147, USA",ROOFTOP,False,
254,PRICE CHOICE #10,"109 N State Rd 7, Fort Lauderdale","109 N State Rd 7, Fort Lauderdale, 33317, FL, USA",True,OK,26.1218907,-80.20314650000002,"109 N State Rd 7, Plantation, FL 33317, USA",ROOFTOP,False,
255,PRICE CHOICE #2,"18351 NW 27 ave, Miami","18351 NW 27 ave, Miami, 33056, FL, USA",True,OK,25.9417101,-80.2438762,"18351 NW 27th Ave, Miami Gardens, FL 33056, USA",ROOFTOP,False,
256,PRICE CHOICE #6,"1900 W 60th STREET, HIALEAH","1900 W 60th STREET, HIALEAH, 33012, FL, USA",True,OK,25.876305,-80.3212236,"1900 W 60th St, Hialeah, FL 33012, USA",ROOFTOP,False,
257,PRICE CHOICE #8,4500 NW 183 street,"4500 NW 183 street, Florida, USA",True,OK,25.9392473,-80.275078,"4500 NW 183rd St, Opa-locka, FL 33055, USA",ROOFTOP,False,
258,PRICE CHOICE #9,"13931 NW 27 ave, Opa-locka","13931 NW 27 ave, Opa-locka, 33054, Florida, USA",True,OK,25.9017684,-80.24284829999999,"13931 NW 27th Ave, Opa-locka, FL 33054, USA",ROOFTOP,False,
260,Presidente bar (DDL),"146 NW 28th St, Miami","146 NW 28th St, Miami, 33127, FL, USA",True,OK,25.8027189,-80.1980166,"146 NW 28th St, Miami, FL 33127, USA",ROOFTOP,False,
261,Price Choice #7,"2712 NW 95 street, Miami","2712 NW 95 street, Miami, 33147, FL, USA",True,OK,25.8596621,-80.24293159999999,"2712 NW 95th St, Miami, FL 33147, USA",ROOFTOP,False,
262,QUIO PRODUCTS LLC,"11700 NW 102 ND RD UNIT1-2, MEDLEY","11700 NW 102 ND RD UNIT1-2, MEDLEY, 33178, Florida, USA",True,OK,25.87209,-80.3672453,"11700 NW 102nd Rd, Medley, FL 33178, USA",ROOFTOP,True,
263,RINCONCITO SUPER LATINO,"11356 Quall Roost Dr,, Miami","11356 Quall Roost Dr,, Miami, 33157, FL, USA",True,OK,25.5925666,-80.3770414,"11356 Quail Roost Dr, Miami, FL 33157, USA",ROOFTOP,False,
264,ROBERT IS HERE!,"19200 SW 344th Street, Homestead","19200 SW 344th Street, Homestead, 33034, FL, USA",True,OK,25.4474238,-80.5018612,"19200 SW 344th St, Homestead, FL 33034, USA",ROOFTOP,False,
265,Reyes Juice & Fruits,"18636 SW 137 ave, Miami","18636 SW 137 ave, Miami, 33177, FL, USA",True,OK,25.594541,-80.4141232,"18636 SW 137th Ave, Miami, FL 33177, USA",RANGE_INTERPOLATED,False,
266,SABOR TROPICAL #2,"8700 SW 137 CT, MIAMI","8700 SW 137 CT, MIAMI, 33183, FL, USA",True,OK,25.6863875,-80.4173297,"8700 SW 137th Ct, Miami, FL 33183, USA",ROOFTOP,False,
267,SABOR TROPICAL #3,"28945 S DIXIE HWY, Homestead","28945 S DIXIE HWY, Homestead, 33033, FL, USA",True,OK,25.4979667,-80.4456033,"28945 S Dixie Hwy, Homestead, FL 33033, USA",ROOFTOP,False,
268,SABOR TROPICAL SUPERMARKET #1,"10692 NW 7th St, Miami","10692 NW 7th St, Miami, 33172, FL, USA",True,OK,25.7753827,-80.3697718,"henry_jewelry Instagram, 10692 NW 7th St, Miami, FL 33172, USA",ROOFTOP,False,
269,SABORES MARKET,"10720 NW 74 Street, Doral","10720 NW 74 Street, Doral, 33178, FL, USA",True,OK,25.8393146,-80.3710085,"10720 NW 74th St, Doral, FL 33178, USA",ROOFTOP,False,
270,Sedanos Supermarket #,"3801  W Flager st, Coral Gables","3801  W Flager st, Coral Gables, 33126, Florida, USA",True,OK,25.7721925,-80.2576851,"3801 W Flagler St, Miami, FL 33134, USA",ROOFTOP,False,
271,SEDANOS #8 - Hialeah,"3950  W 12th ave, HIALEAH","3950  W 12th ave, HIALEAH, 33012, FL, USA",True,OK,25.8569027,-80.30746959999999,"3950 W 12th Ave, Hialeah, FL 33012, USA",ROOFTOP,False,
272,SPUNTINO,"1000 NW 54 STREET, MIAMI","1000 NW 54 STREET, MIAMI, 33127, FL, USA",True,OK,25.8245697,-80.2124801,"1000 NW 54th St, Miami, FL 33127, USA",ROOFTOP,False,
273,"STYLE 10, LLC","200 Crandon Blvd , suite 110, Key Biscayne","200 Crandon Blvd , suite 110, Key Biscayne, 33149, Florida, USA",True,OK,25.6976367,-80.1634849,"200 Crandon Blvd #110, Key Biscayne, FL 33149, USA",ROOFTOP,False,
275,"SUSIE'S HEAVENLY CATERING, LLC","2228 NE 123 rd STREET, NORTH MIAMI","2228 NE 123 rd STREET, NORTH MIAMI, 33181, FL, USA",True,OK,25.889199,-80.1529978,"2228 NE 123rd St, North Miami, FL 33181, USA",ROOFTOP,False,
276,SWEET AND HEALTHY,"24763 SW 177 ave, Homestead","24763 SW 177 ave, Homestead, 33031, FL, USA",True,OK,25.537007,-80.4776498,"24763 SW 177th Ave, Homestead, FL 33031, USA",ROOFTOP,False,
277,Sano Piacere,"7001 MW 84th ave, Medley","7001 MW 84th ave, Medley, 33166, Florida, USA",True,OK,25.8377688,-80.333866,"7001 NW 84th Ave, Miami, FL 33166, USA",ROOFTOP,True,
278,Smoothie Whirl'd,"1924 N Military Trl, West Palm Beach","1924 N Military Trl, West Palm Beach, 33409, FL, USA",True,OK,26.7055509,-80.110644,"1924 N Military Trl, West Palm Beach, FL 33409, USA",ROOFTOP,False,
279,Soul Delight Catering LLC,"6118 NW 7th ave, Miami","6118 NW 7th ave, Miami, 33127, FL, USA",True,OK,25.8318907,-80.20879769999999,"6118 NW 7th Ave, Miami, FL 33127, USA",ROOFTOP,False,
280,Space Kamp,"2251 Plunkett Street, Hollywood","2251 Plunkett Street, Hollywood, 33020, Florida, USA",True,OK,26.0008116,-80.1526901,"2251 Plunkett St, Hollywood, FL 33020, USA",ROOFTOP,False,
281,Sweet & Salt (Mamaxi LLC DBA Sweet & Salt),"17010 W Dixie Hwy
Suite D, North Miami Beach","17010 W Dixie Hwy
Suite D, North Miami Beach, 33160, FL, USA",True,OK,25.9325599,-80.15391360000001,"17010 W Dixie Hwy Ste D, North Miami Beach, FL 33160, USA",ROOFTOP,False,
282,THE BERRY FARMS,"13720 SW 216th St, Miami","13720 SW 216th St, Miami, 33170, FL, USA",True,OK,25.5651742,-80.414613,"13720 SW 216th St, Miami, FL 33170, USA",ROOFTOP,False,
283,TOTAL SUPERMARKET NW 7th ave - (EX NEW WAY FOOD),"12955 NW 7th Ave., Miami","12955 NW 7th Ave., Miami, 33168, FL, USA",True,OK,25.8934643,-80.2106934,"Parking lot, 12955 NW 7th Ave, North Miami, FL 33168, USA",GEOMETRIC_CENTER,False,
284,TROPIC HOLLYWOOD,"1305 S 33rd AVE, HOLLYWOOD","1305 S 33rd AVE, HOLLYWOOD, 33021, Florida, USA",True,OK,25.999292,-80.1754673,"Orangebrook Harbor 55+ Lifestyle Manufactured Home Community, 1305 S 33rd Ave, Hollywood, FL 33021, USA",ROOFTOP,False,
285,TROPICAL SUPERMARKET,"1099 NW 118 STREET, MIAMI","1099 NW 118 STREET, MIAMI, 33168, FL, USA",True,OK,25.8830089,-80.2161867,"1099 NW 118th St, Miami, FL 33168, USA",RANGE_INTERPOLATED,False,
286,TRUE BRANDS CO. - Havanna,"1476 NW 168 ave., Pembroke Pines","1476 NW 168 ave., Pembroke Pines, 33028, FL, USA",True,OK,26.0194671,-80.3721937,"1476 NW 168th Ave, Pembroke Pines, FL 33028, USA",ROOFTOP,False,
287,TWISTED SMOOTHIE EXPRESS-jungle smoothies,"17637 NW 27th Ave., Miami Garden","17637 NW 27th Ave., Miami Garden, 33056, FL, USA",True,OK,25.9351006,-80.2446452,"17637 NW 27th Ave, Miami Gardens, FL 33056, USA",ROOFTOP,False,
288,The Pcock Brothers LLC,"1058 NW 21st Street, Miami","1058 NW 21st Street, Miami, 33127, FL, USA",True,OK,25.7959214,-80.2123505,"1058 NW 21st St, Miami, FL 33127, USA",ROOFTOP,False,
289,VALE FOOD BRICKELL,"900 S MIAMI AVE, # 125, Miami","900 S MIAMI AVE, # 125, Miami, 33130, FL, USA",True,OK,25.7647406,-80.1940041,"900 S Miami Ave Apt 125, Miami, FL 33130, USA",ROOFTOP,False,
290,VICTORIA EVER INC - ALE MEAT,"123 Weston RD, Weston","123 Weston RD, Weston, 33326, Florida, USA",True,OK,26.1214317,-80.36262839999999,"123 Weston Rd, Weston, FL 33326, USA",ROOFTOP,False,
291,VICTORIA GREEN MARKET,"3133 Lake Worth Rd, Palm Springs","3133 Lake Worth Rd, Palm Springs, 33461, Florida, USA",True,OK,26.6182525,-80.0911254,"3133 Lake Worth Rd, Palm Springs, FL 33461, USA",ROOFTOP,False,
292,Vaella Coffe & Tea,"991 E Commercial Blvd, Oakland Park","991 E Commercial Blvd, Oakland Park, 33334, Florida, USA",True,OK,26.1908164,-80.1351167,"991 E Commercial Blvd, Fort Lauderdale, FL 33334, USA",ROOFTOP,False,
293,Vivian Galkys,"17100 North Bay Road #1705, Sunny Isles Beach","17100 North Bay Road #1705, Sunny Isles Beach, 33160, Florida, USA",True,OK,25.9359291,-80.12668649999999,"17100 N Bay Rd Apt 1705, Sunny Isles Beach, FL 33160, USA",ROOFTOP,False,
294,WINN-DIXIE - # 357 CALIFORNIA CLUB SHOPPING CTR,"980 IVES DAIRY RD, MIAMI","980 IVES DAIRY RD, MIAMI, 33179, FL, USA",True,OK,25.9616855,-80.18515260000001,"980 Ives Dairy Rd, Miami, FL 33179, USA",ROOFTOP,False,
295,WINN-DIXIE - # 371 POINT ROYALE SHOPPING CENTER,"19167 S DIXIE HWY, CUTLER BAY","19167 S DIXIE HWY, CUTLER BAY, 33157, Florida, USA",True,OK,25.5899349,-80.3569531,"19167 S Dixie Hwy, Cutler Bay, FL 33157, USA",ROOFTOP,False,
296,Yogurt ur Way,"3932 W Hillsboro Blvd, Deerfield Beach","3932 W Hillsboro Blvd, Deerfield Beach, 33442, Florida, USA",True,OK,26.3157533,-80.1582851,"3932 W Hillsboro Blvd, Deerfield Beach, FL 33442, USA",ROOFTOP,False,
310,A-Family Winwood,"2827 NW 3 AVE, MIAMI","2827 NW 3 AVE, MIAMI, 33127, FL, USA",True,OK,25.8032046,-80.2010616,"2827 NW 3rd Ave, Miami, FL 33127, USA",ROOFTOP,False,
311,Jorge,"⁠260 Crandon Blvd, Key Biscayne","⁠260 Crandon Blvd, Key Biscayne, 33149, Florida, USA",True,OK,25.6964622,-80.1642373,"260 Crandon Blvd, Key Biscayne, FL 33149, USA",ROOFTOP,False,
312,FRESCO Y MAS # 242 en Flamingo Plaza Shopping,"1201 E 10th Ave, Hialeah","1201 E 10th Ave, Hialeah, 33010, FL, USA",True,OK,25.8339196,-80.26088100000001,"1201 E 10th Ave, Hialeah, FL 33010, USA",ROOFTOP,False,
313,"HARVEST VALLEY, INC.","501 NE 183RD St, Miami","501 NE 183RD St, Miami, 33179-4524, FL, USA",True,OK,25.9431906,-80.1892254,"501 NE 183rd St, Miami, FL 33179, USA",ROOFTOP,False,
314,Paola Guzman,"308 E Dania Beach Blvd, Dania Beach","308 E Dania Beach Blvd, Dania Beach, 33004, Florida, USA",True,OK,26.0512043,-80.1387913,"308 E Dania Beach Blvd, Dania Beach, FL 33004, USA",ROOFTOP,False,
315,Sonia Castro,"8510 NW 3RD Ln APT 7, Miami","8510 NW 3RD Ln APT 7, Miami, 33126-3857, FL, USA",True,OK,25.7734661,-80.3325073,"8510 NW 3rd Ln #7, Miami, FL 33126, USA",ROOFTOP,False,
316,SCOOP HEALTHY SMOOTHIES LLC,"2829 Bird Ave, Suite #4, Miami","2829 Bird Ave, Suite #4, Miami, 33130, FL, USA",True,OK,25.7358782,-80.23915679999999,"2829 Bird Ave Unit 4, Miami, FL 33133, USA",ROOFTOP,False,
317,"SELVAH ACAI, LLC.","321 NE 116th St, Miami","321 NE 116th St, Miami, 33161, FL, USA",True,OK,25.8816903,-80.1910894,"321 NE 116th St, Miami, FL 33161, USA",ROOFTOP,False,
318,ANGELES FOOD CORP,"4245 EAST 4TH AVE, HIALEAH","4245 EAST 4TH AVE, HIALEAH, 33013, FL, USA",True,OK,25.8612658,-80.27444729999999,"4245 E 4th Ave, Hialeah, FL 33013, USA",ROOFTOP,False,
319,Carlos Marquez,"4245 EAST 4TH AVE, HIALEAH","4245 EAST 4TH AVE, HIALEAH, 33013, FL, USA",True,OK,25.8612658,-80.27444729999999,"4245 E 4th Ave, Hialeah, FL 33013, USA",ROOFTOP,False,
321,CELIS WPB - RAILROAD,"895 N RAILROAD AVE (PASS 7482), WEST PALM BEACH","895 N RAILROAD AVE (PASS 7482), WEST PALM BEACH, 33401, FL, USA",True,OK,26.7209579,-80.05556639999999,"895 N Railroad Ave #7482, West Palm Beach, FL 33401, USA",ROOFTOP,False,
322,CELIS PRODUCE,"2814 S Dixie Hwy Suite D, West Palm Beach","2814 S Dixie Hwy Suite D, West Palm Beach, 33405, FL, USA",True,OK,26.6878052,-80.0540618,"2814 S Dixie Hwy d, West Palm Beach, FL 33405, USA",ROOFTOP,False,
323,CELIS DELRAY BEACH,"335 E linton Blvd B-12, Delray Beach","335 E linton Blvd B-12, Delray Beach, 33483, Florida, USA",True,OK,26.440127,-80.069255,"335 E Linton Blvd b12, Delray Beach, FL 33483, USA",ROOFTOP,False,
324,WYNWOOD DOG FOOD CO. - Dishes for Dogs,"2561 N Miami Ave, Miami","2561 N Miami Ave, Miami, 33127, FL, USA",True,OK,25.8012866,-80.19491289999999,"2561 N Miami Ave, Miami, FL 33127, USA",ROOFTOP,False,
325,La Real Food,"13013 SW 122 ave, Miami","13013 SW 122 ave, Miami, 33186, FL, USA",True,OK,25.6467827,-80.39013179999999,"13013 SW 122nd Ave, Miami, FL 33186, USA",ROOFTOP,False,
326,SABOR TROPICAL SUPERMARKET #4,"8000 NE 5 Ave, Miami","8000 NE 5 Ave, Miami, 33138, FL, USA",True,OK,25.8482021,-80.1872886,"8000 NE 5th Ave, Miami, FL 33138, USA",ROOFTOP,False,
327,EL REY ENTERPRISES INC,"280 W 28 STREET, HIALEAH","280 W 28 STREET, HIALEAH, 33010, FL, USA",True,OK,25.846907,-80.287768,"280 W 28th St, Hialeah, FL 33010, USA",ROOFTOP,False,
328,CELIS WEST PALM BEACH,"340 ROYAL POINCIANA WAY C4, PALM BEACH","340 ROYAL POINCIANA WAY C4, PALM BEACH, 33480, FL, USA",True,OK,26.7173594,-80.0421746,"340 Royal Poinciana Way c4, Palm Beach, FL 33480, USA",ROOFTOP,False,
329,EL MAGUEY DORADO,"196 W 25th St, Hialeah","196 W 25th St, Hialeah, 33010, FL, USA",True,OK,25.8442549,-80.2860072,"196 W 25th St, Hialeah, FL 33010, USA",ROOFTOP,False,
330,MARANEROS FRESH CAFE LLC - EXTRAORDINARY JUICES,"4613 S University Dr, Davie","4613 S University Dr, Davie, 33328, Florida, USA",True,OK,26.0637356,-80.25396669999999,"4613 S University Dr, Davie, FL 33328, USA",ROOFTOP,False,
331,SHAKA FRESH,"6808 SW 81 STREET
STUNNA'S FIT, Miami","6808 SW 81 STREET
STUNNA'S FIT, Miami, 33143, FL, USA",True,OK,25.695046,-80.3032472,"6808 SW 81st St, Miami, FL 33143, USA",ROOFTOP,False,
332,SMOOTHIE PLUS #2 - MIRAMAR,"2925 SW 160 Ave, Miramar","2925 SW 160 Ave, Miramar, 33027, FL, USA",True,OK,25.9814823,-80.359068,"2925 SW 160th Ave, Miramar, FL 33027, USA",ROOFTOP,False,
333,VINI PLUS INC (Fábrica Nahuén),"1750 nw 96 ave, Doral","1750 nw 96 ave, Doral, 33172, FL, USA",True,OK,25.7905292,-80.3513004,"1750 NW 96th Ave, Doral, FL 33172, USA",ROOFTOP,False,
334,CARROT EXPRESSCOMMISSARY LLC,"105 E HALLANDALE BEACH BLVD, HALLANDALE BEACH","105 E HALLANDALE BEACH BLVD, HALLANDALE BEACH, 33009, Florida, USA",True,OK,25.9857677,-80.1475248,"105 E Hallandale Beach Blvd, Hallandale Beach, FL 33009, USA",ROOFTOP,False,
335,MAJESTY FOODS LLC,"2740 W 81 STREET, HIALEAH","2740 W 81 STREET, HIALEAH, 33016, FL, USA",True,OK,25.895446,-80.33829779999999,"2740 W 81st St, Hialeah, FL 33016, USA",ROOFTOP,False,
336,LKD GROUP LLC,Miami,"Miami, 33138, FL, USA",True,OK,25.8558416,-80.1819268,"Miami Shores, FL 33138, USA",APPROXIMATE,False,
337,BB 18 trading LLC,"2000 Island Blvd - Suite 905, Aventura","2000 Island Blvd - Suite 905, Aventura, 33160, Florida, USA",True,OK,25.9391034,-80.13723340000001,"2000 E Island Blvd Apt 905, Aventura, FL 33160, USA",ROOFTOP,False,
338,TOSTADO CAFE CLUB MIAMI LLC,"3401 N MIAMI AVE ste 122, MIAMI","3401 N MIAMI AVE ste 122, MIAMI, 33127, FL, USA",True,OK,25.8101502,-80.19346259999999,"3401 N Miami Ave #122, Miami, FL 33127, USA",ROOFTOP,False,
339,TROPICAL JUICES,"4815 Dixie Hwy, Pompano Beach","4815 Dixie Hwy, Pompano Beach, 33064, Florida, USA",True,OK,26.2904505,-80.110323,"4815 N Dixie Hwy, Lighthouse Point, FL 33064, USA",ROOFTOP,False,
340,FRESCO Y MAS # 283 Coral Way Plaza,"8855  Coral Way, MIAMI","8855  Coral Way, MIAMI, 33165, FL, USA",True,OK,25.7486097,-80.3384564,"8855 Coral Wy, Miami, FL 33165, USA",ROOFTOP,False,
341,FRESCO Y MAS # 287 Shoppes at 104th,"14655 SW 104th St, Miami","14655 SW 104th St, Miami, 33186, FL, USA",True,OK,25.6721674,-80.4311743,"14655 SW 104th St, Miami, FL 33186, USA",ROOFTOP,False,
342,FRESCO Y MAS #366  en Central Shopping Center,"3701 NW 7th Street, Miami","3701 NW 7th Street, Miami, 33126, FL, USA",True,OK,25.7815348,-80.2560901,"3701 NW 7th St, Miami, FL 33126, USA",ROOFTOP,False,
343,REY CHAVEZ #2,"780 W 17 Street, Miami","780 W 17 Street, Miami, 33010, FL, USA",True,OK,25.8368406,-80.2975445,"780 W 17th St, Hialeah, FL 33010, USA",ROOFTOP,False,
344,INTERFRIES,"10491 N COMMERCE PKWY, MIRAMAR","10491 N COMMERCE PKWY, MIRAMAR, 33025, FL, USA",True,OK,25.9842,-80.28704340000002,"10491 N Commerce Pkwy, Miramar, FL 33025, USA",ROOFTOP,False,
345,SEDANOS # 34 - Pembroke Pines 34,"17171 Pines Blvd, Pembroke Pines","17171 Pines Blvd, Pembroke Pines, 33027, FL, USA",True,OK,26.0090814,-80.3753471,"17171 Pines Blvd, Pembroke Pines, FL 33028, USA",ROOFTOP,False,
346,WINN-DIXIE - # 246 DOLPHIN PLAZA,"17221 NW 27TH AVENUE, MIAMI GARDENS","17221 NW 27TH AVENUE, MIAMI GARDENS, 33056, FL, USA",True,OK,25.9314481,-80.2435453,"17221 NW 27th Ave, Miami Gardens, FL 33056, USA",ROOFTOP,False,
347,FRESCO Y MAS #359 TJ Maxx Plaza,"7480 SW 117th Ave, Miami","7480 SW 117th Ave, Miami, 33183, FL, USA",True,OK,25.6977853,-80.3836975,"7480 SW 117th Ave, Miami, FL 33183, USA",ROOFTOP,False,
348,WINN-DIXIE - # 309 at Palm Coast Plaza,"7915 S. Dixie Highway, West Palm Beach","7915 S. Dixie Highway, West Palm Beach, 33405, FL, USA",True,OK,26.6485808,-80.0569849,"7915 S Dixie Hwy, West Palm Beach, FL 33405, USA",GEOMETRIC_CENTER,False,
349,WINN-DIXIE - # 306 DIPLOMAT MALL,"1515 EAST HALLANDALE BCH BLVD., HALLANDALE","1515 EAST HALLANDALE BCH BLVD., HALLANDALE, 33009, Florida, USA",True,OK,25.9870235,-80.1319099,"Winn Dixie, 1515 E Hallandale Beach Blvd, Hallandale Beach, FL 33009, USA",ROOFTOP,False,
350,The Urban grab and go,"1059 Collins #104, Miami Beach","1059 Collins #104, Miami Beach, 33139, FL, USA",True,OK,25.7816041,-80.1312009,"1059 Collins Ave #104, Miami Beach, FL 33139, USA",ROOFTOP,False,
351,B&A Gourmet Foods LLC - Art meat,"3740 W 104th st unit 12, Hialeah","3740 W 104th st unit 12, Hialeah, 33018, FL, USA",True,OK,25.9159191,-80.3594557,"3740 W 104th St #12, Hialeah, FL 33018, USA",ROOFTOP,False,
353,FRESCO Y MAS # 237 en Inter Plaza,"12254 SW 8th Street, Miami","12254 SW 8th Street, Miami, 33184, FL, USA",True,OK,25.7596427,-80.3943082,"12254 SW 8th St, Miami, FL 33184, USA",ROOFTOP,False,
354,FRESCO Y MAS # 286 en Trail Plaza,"948  SW 67th Ave, Miami","948  SW 67th Ave, Miami, 33144, FL, USA",True,OK,25.7617787,-80.3053802,"948 SW 67th Ave, Miami, FL 33144, USA",ROOFTOP,False,
355,FRESCO Y MAS # 353 Parkill Plaza,"9565  W Flagler St., MIAMI","9565  W Flagler St., MIAMI, 33174",True,OK,25.770371,-80.35185729999999,"9565 W Flagler St, Miami, FL 33174, USA",ROOFTOP,False,
356,FRESCO Y MAS # 384 en Deerwood Town Center,"12107 SW 152nd St, Miami","12107 SW 152nd St, Miami, 33177, FL, USA",True,OK,25.6277702,-80.3883942,"12107 SW 152nd St, Miami, FL 33177, USA",ROOFTOP,False,
357,MARKY'S  STORE,"687 NE 79TH STREET, MIAMI","687 NE 79TH STREET, MIAMI, 33138, FL, USA",True,OK,25.8481924,-80.1831038,"687 NE 79th St, Miami, FL 33138, USA",ROOFTOP,False,
358,SEDANOS # 14 - Little Havana 14,"3801  W Flager st, Coral Gables","3801  W Flager st, Coral Gables, 33126, Florida, USA",True,OK,25.7721925,-80.2576851,"3801 W Flagler St, Miami, FL 33134, USA",ROOFTOP,False,
359,SEDANOS # 17 - Miami 17,"10720  West Flagler St, MIAMI","10720  West Flagler St, MIAMI, 33174",True,OK,25.7671577,-80.3696058,"10720 W Flagler St, Miami, FL 33174, USA",ROOFTOP,False,
360,SEDANOS # 37 - West Dade 37,"14524 SW 8th st, Miami","14524 SW 8th st, Miami, 33184, FL, USA",True,OK,25.7598371,-80.4304789,"14524 SW 8th St, Miami, FL 33184, USA",ROOFTOP,False,
361,SEDANOS # 4 - West Miami 4,"6709  W Flager st, Miami","6709  W Flager st, Miami, 33144",True,OK,25.7707159,-80.3048639,"6709 W Flagler St, Miami, FL 33144, USA",ROOFTOP,False,
362,SEDANOS # 5- Westchester 5,"9688  SW 24th st, MIAMI","9688  SW 24th st, MIAMI, 33165, FL, USA",True,OK,25.7461548,-80.35099180000002,"9688 SW 24th St, Miami, FL 33165, USA",ROOFTOP,False,
363,SEDANOS # 7 - Coral Gables 7,"4803  SW 8th St., Coral Gables","4803  SW 8th St., Coral Gables, 33134, Florida, USA",True,OK,25.7646093,-80.27385869999999,"4803 SW 8th St, Miami, FL 33134, USA",ROOFTOP,False,
364,WINN-DIXIE - # 249 BIRD LUDLAM SHOPPING CENTER,"6770  BIRD ROAD, Miami","6770  BIRD ROAD, Miami, 33155, FL, USA",True,OK,25.7315049,-80.3043355,"6770 Bird Rd, Miami, FL 33155, USA",ROOFTOP,False,
365,WINN-DIXIE - 262 - ROYAL OAKS PLAZA,"15450 NW 77th COURT, MIAMI LAKES","15450 NW 77th COURT, MIAMI LAKES, 33016, FL, USA",True,OK,25.915034,-80.32853490000001,"15450 NW 77th Ct, Miami Lakes, FL 33016, USA",ROOFTOP,False,
366,WINN-DIXIE- # 254 CONCORD SHOPPING MALL,"11241 SW 40th St, Miami","11241 SW 40th St, Miami, 33165, FL, USA",True,OK,25.7344826,-80.37656489999999,"11241 SW 40th St, Miami, FL 33165, USA",ROOFTOP,False,
367,BA Food Imports LLC,"435 east 77th st  Suite 4E, New York","435 east 77th st  Suite 4E, New York, 10075, Florida, USA",True,OK,40.77064319999999,-73.952247,"435 E 77th St Apt 4e, New York, NY 10075, USA",ROOFTOP,True,
368,FRESCO Y MAS # 361 en Westlakes Plaza,"15050  SW 72nd St, Miami","15050  SW 72nd St, Miami, 33193, FL, USA",True,OK,25.6984902,-80.4366441,"15050 SW 72nd St, Miami, FL 33193, USA",ROOFTOP,False,
369,"Fiscer Mercantile Group, LLC","1572 NW 82nd Ave., Doral","1572 NW 82nd Ave., Doral, 33126, FL, USA",True,OK,25.7883962,-80.3289747,"1572 NW 82nd Ave, Doral, FL 33122, USA",RANGE_INTERPOLATED,False,
370,JIMACA 112301 LLC,"14003 Sanctuary view trail, Orlando","14003 Sanctuary view trail, Orlando, 32832, Florida, USA",True,OK,28.3594649,-81.2407806,"14003 Sanctuary View Trail, Orlando, FL 32832, USA",ROOFTOP,False,
371,SEABRA FOODS,"839 W Sample Road, Pompano Beach","839 W Sample Road, Pompano Beach, 33064, Florida, USA",True,OK,26.2764102,-80.1350949,"839 W Sample Rd, Pompano Beach, FL 33064, USA",ROOFTOP,False,
372,"Ultra Orange Foods, LLC","7610 NW 25 street Unit 4, Miami","7610 NW 25 street Unit 4, Miami, 33122, FL, USA",True,OK,25.7969392,-80.3196201,"7610 NW 25th St Ste 4, Miami, FL 33122, USA",ROOFTOP,False,
373,SEDANOS # 15 - West Dade 15,"13659 SW 26th St, Miami","13659 SW 26th St, Miami, 33175, FL, USA",True,OK,25.7450595,-80.4156836,"13659 SW 26th St, Miami, FL 33175, USA",ROOFTOP,False,
374,SOUTHERN BEAR INC,"1950 Hayes Street, Hollywood","1950 Hayes Street, Hollywood, 33020, Florida, USA",True,OK,26.020609,-80.1470866,"1950 Hayes St, Hollywood, FL 33020, USA",ROOFTOP,False,
375,Marshall,"613/615 E Atlantic Blvd, Pompano Beach","613/615 E Atlantic Blvd, Pompano Beach, 33060, Florida, USA",True,OK,26.2322317,-80.117679,"613/615 E Atlantic Blvd, Pompano Beach, FL 33060, USA",ROOFTOP,False,
376,Mercedes,"613/615 E Atlantic Blvd, Pompano Beach","613/615 E Atlantic Blvd, Pompano Beach, 33060, Florida, USA",True,OK,26.2322317,-80.117679,"613/615 E Atlantic Blvd, Pompano Beach, FL 33060, USA",ROOFTOP,False,
377,AGUAMIEL - Doral,"8455 NW 53rd St, Doral","8455 NW 53rd St, Doral, 33166, FL, USA",True,OK,25.8202546,-80.3356843,"8455 NW 53rd St, Doral, FL 33166, USA",ROOFTOP,False,
378,ANTOINE MELHEM,1682 E OAKLAND PARK BLVD,"1682 E OAKLAND PARK BLVD, 33334, Florida, USA",True,OK,26.1665697,-80.12420399999999,"1682 E Oakland Park Blvd, Oakland Park, FL 33334, USA",ROOFTOP,False,
380,ARTISANAL HOME FOOD  LLC,"251 Crandon Blvd, #906, Miami","251 Crandon Blvd, #906, Miami, 33149, FL, USA",True,OK,25.6977929,-80.1579812,"251 Crandon Blvd Apt 906, Key Biscayne, FL 33149, USA",ROOFTOP,False,
382,Disfrutalos USA,"3990 W 108th St, Hialeah","3990 W 108th St, Hialeah, 33018, FL, USA",True,OK,25.9189825,-80.3646997,"Lineage, 3990 W 108th St, Hialeah, FL 33018, USA",ROOFTOP,False,
383,Francisco,"2711 SW 137th ave suite 75, Miami","2711 SW 137th ave suite 75, Miami, 33175, FL, USA",True,OK,25.7422375,-80.4153942,"2711 SW 137th Ave #75, Miami, FL 33175, USA",ROOFTOP,False,
384,Grain and Berry,"701 North Federal Hwy, Fort Lauderdale","701 North Federal Hwy, Fort Lauderdale, 33304, FL, USA",True,OK,26.1318761,-80.1378427,"701 N Federal Hwy, Fort Lauderdale, FL 33304, USA",ROOFTOP,False,
385,KB SPECIALTIES LLC,"3802 W HIBISCUS ST, WESTON","3802 W HIBISCUS ST, WESTON, 33332, Florida, USA",True,OK,26.0702874,-80.4042394,"3802 W Hibiscus St, Weston, FL 33332, USA",ROOFTOP,False,
387,KEY FOOD LAUDERHILL #1621 ( Ex Bravo),"1627 N State Road 7, Lauderhill","1627 N State Road 7, Lauderhill, 33313, Florida, USA",True,OK,26.1475767,-80.2036334,"1627 N State Rd 7, Lauderhill, FL 33313, USA",ROOFTOP,False,
388,NRGIZE - WELLINGTON,"10180 Forest Hill Blvd, WELLINGTON","10180 Forest Hill Blvd, WELLINGTON, 33414, Florida, USA",True,OK,26.6493443,-80.20650979999999,"10180 Forest Hill Blvd, Wellington, FL 33414, USA",ROOFTOP,False,
389,ROUIE,"1991 PRESIDENTIAL WAY UNIT 820, WEST PALM BEACH","1991 PRESIDENTIAL WAY UNIT 820, WEST PALM BEACH, 33401, FL, USA",True,OK,26.7332464,-80.0843424,"1991 Presidential Way #820, West Palm Beach, FL 33401, USA",ROOFTOP,False,
390,SEDANOS # 23 - Little Havana 23,"2425  SW 8th st, Miami","2425  SW 8th st, Miami, 33135, FL, USA",True,OK,25.7655503,-80.2354084,"2425 SW 8th St, Miami, FL 33135, USA",ROOFTOP,False,
391,SEDANOS # 29 - West Kendall 29,"16255 SW 88th st, Miami","16255 SW 88th st, Miami, 33196, FL, USA",True,OK,25.6854892,-80.4555109,"16255 SW 88th St, Miami, FL 33193, USA",ROOFTOP,False,
392,SMOOTHIE SQUAD - KENDALL,"8851 sw 107th ave unit 320
Located Inside UFC Gym, Miami","8851 sw 107th ave unit 320
Located Inside UFC Gym, Miami, 33176, FL, USA",True,OK,25.6852696,-80.3640815,"8851 SW 107th Ave #320, Miami, FL 33176, USA",ROOFTOP,True,
393,VALE FOOD FORT LAUDERDALE,"420 N Federal Highway, Fort Lauderdale","420 N Federal Highway, Fort Lauderdale, 33301, FL, USA",True,OK,26.1265168,-80.1366728,"420 N Federal Hwy, Fort Lauderdale, FL 33301, USA",ROOFTOP,False,
394,Valbert Natural Foods,"5007 N HIATUS Road, Sunrise","5007 N HIATUS Road, Sunrise, 33351, Florida, USA",True,OK,26.1313747,-80.29728209999999,"5007 N Hiatus Rd, Plantation, FL 33324, USA",RANGE_INTERPOLATED,False,
395,561 345 9964,"23269 State Rd 7 #107, Boca Raton","23269 State Rd 7 #107, Boca Raton, 33428, Florida, USA",True,OK,26.3286684,-80.2038513,"Essential Money Transfer, 23269 FL-7 Ste 107, Boca Raton, FL 33428, USA",ROOFTOP,False,
396,CASA MAIZ RESTAURANT,"7396 W 4th Ave, Hialeah","7396 W 4th Ave, Hialeah, 33014, FL, USA",True,OK,25.890217,-80.29166839999999,"7396 W 4th Ave, Hialeah, FL 33014, USA",RANGE_INTERPOLATED,False,
397,ANDIAS FROZEN,"1000 N BROADWALK, HOLLYWOOD","1000 N BROADWALK, HOLLYWOOD, 33019, Florida, USA",True,OK,26.0180994,-80.11542879999999,"1000 N Broadwalk, Hollywood, FL 33019, USA",ROOFTOP,False,
398,WINN-DIXIE - # 757 VISCAYA SQUARE,"901  NORTH NOB HILL ROAD, PLANTATION","901  NORTH NOB HILL ROAD, PLANTATION, 33324, Florida, USA",True,OK,26.1344361,-80.28857599999999,"901 N Nob Hill Rd, Plantation, FL 33324, USA",GEOMETRIC_CENTER,False,
400,Winn-Dixie - # 2348 Port St Lucie,"281 SW Port St Lucie Blvd., Port Saint Lucie","281 SW Port St Lucie Blvd., Port Saint Lucie, 34984, Florida, USA",True,OK,27.2754962,-80.3549896,"281 SW Port St Lucie Blvd, Port St. Lucie, FL 34984, USA",ROOFTOP,False,
401,POWERFUEL SMOOTHIE SHOP 2 INC. #2 (no usar),"16357 NW 57 ave, Miami Lakes","16357 NW 57 ave, Miami Lakes, 33014, FL, USA",True,OK,25.9220692,-80.2916237,"16357 NW 57th Ave, Miami Gardens, FL 33014, USA",ROOFTOP,False,
402,PURA VIDA - FLAMINGO,"12141 Pembroke Rd,, Pembroke Pines","12141 Pembroke Rd,, Pembroke Pines, 33025, FL, USA",True,OK,25.9941031,-80.3085653,"12141 Pembroke Rd, Pembroke Pines, FL 33027, USA",ROOFTOP,False,
403,Lorena Acosta,"7300 SW 83rd Ct, Miami","7300 SW 83rd Ct, Miami, 33143, FL, USA",True,OK,25.7012198,-80.3294149,"7300 SW 83rd Ct, Miami, FL 33143, USA",ROOFTOP,False,
404,Tropical Argentina SRL,"Del Mar 0 (esquina de la pala) - MCBA, Buenos Aires","Del Mar 0 (esquina de la pala) - MCBA, Buenos Aires, Florida, USA",True,OK,27.6648274,-81.5157535,"Florida, USA",APPROXIMATE,True,
405,Serafin management group LLC,"233 W 28th St, Hialeah","233 W 28th St, Hialeah, 33010, FL, USA",True,OK,25.8474558,-80.287216,"233 W 28th St, Hialeah, FL 33010, USA",ROOFTOP,False,
406,SMOOTHIE BAR FLEX APPEAL,"12814 SW 122nd Ave, Miami","12814 SW 122nd Ave, Miami, 33186, FL, USA",True,OK,25.6484809,-80.3915833,"12814 SW 122nd Ave, Miami, FL 33186, USA",ROOFTOP,False,
407,TOP EAT ALL LLC,"21431 Highland Lakes Boulevard, Miami","21431 Highland Lakes Boulevard, Miami, 33179, FL, USA",True,OK,25.9731103,-80.15889969999999,"21431 Highland Lakes Blvd, Miami, FL 33179, USA",ROOFTOP,False,
408,WINN-DIXIE - # 213 Grove Market,"5060 Seminole Pratt Whitney Rd, Westlake","5060 Seminole Pratt Whitney Rd, Westlake, 33470, Florida, USA",True,OK,26.7537774,-80.3063379,"5060 Seminole Pratt Whitney Rd, Loxahatchee, FL 33470, USA",GEOMETRIC_CENTER,False,
409,WINN-DIXIE - # 250 PARK VIEW SQUARE,"17101 MIRAMAR PKWY, MIRAMAR","17101 MIRAMAR PKWY, MIRAMAR, 33027, FL, USA",True,OK,25.9807315,-80.3746676,"17101 Miramar Pkwy, Miramar, FL 33027, USA",ROOFTOP,False,
410,Veggy Burger LLC,"801 S Federal Hwy.,APT 1117, Pompano Beach","801 S Federal Hwy.,APT 1117, Pompano Beach, 33062, Florida, USA",True,OK,26.2205758,-80.10553929999999,"801 S Federal Hwy Apt 1117, Pompano Beach, FL 33062, USA",ROOFTOP,False,
411,MILLER MEAT & FISH,"13445 SW 56th St, Miami","13445 SW 56th St, Miami, 33175, FL, USA",True,OK,25.7149986,-80.41209119999999,"13445 SW 56th St, Miami, FL 33175, USA",ROOFTOP,False,
412,WINN-DIXIE - # 330 TWIN OAKS PLAZA,"3260  DAVIE BLVD, FT LAUDERDALE","3260  DAVIE BLVD, FT LAUDERDALE, 33312, FL, USA",True,OK,26.103361,-80.1890758,"3260 Davie Blvd, Fort Lauderdale, FL 33312, USA",ROOFTOP,False,
413,WINN-DIXIE - # 355 Delmar Shopping Plaza,"7024 Beracasa Way, Boca Raton","7024 Beracasa Way, Boca Raton, 33433, Florida, USA",True,OK,26.3524158,-80.1555924,"7024 Beracasa Way, Boca Raton, FL 33433, USA",GEOMETRIC_CENTER,False,
414,WINN-DIXIE - # 378 Intracoastal Mall,"3805 NE 163RD ST, N MIAMI BEACH","3805 NE 163RD ST, N MIAMI BEACH, 33160, FL, USA",True,OK,25.9316587,-80.13369910000002,"3805 NE 163rd St, North Miami Beach, FL 33160, USA",ROOFTOP,False,
416,Tutos Fit,"701 NW 99 Ave., Pembroke Pines","701 NW 99 Ave., Pembroke Pines, 33024, FL, USA",True,OK,26.0142722,-80.2783874,"701 NW 99th Ave, Pembroke Pines, FL 33024, USA",ROOFTOP,False,
417,WINN-DIXIE - # 291 PROMENADE SHOPPES,"20417 BISCAYNE BOULEVARD, AVENTURA","20417 BISCAYNE BOULEVARD, AVENTURA, 33180, Florida, USA",True,OK,25.9650064,-80.1453879,"20417 Biscayne Blvd, Miami, FL 33180, USA",GEOMETRIC_CENTER,False,
418,SMOOTHIE PLUS,"360 N PARK RD, HOLLYWOOD","360 N PARK RD, HOLLYWOOD, 33021, Florida, USA",True,OK,26.0130544,-80.1761258,"360 N Park Rd, Hollywood, FL 33021, USA",ROOFTOP,False,
419,PINK LOVE DONUTS AND MORE,"222 67TH ST, Miami Beach","222 67TH ST, Miami Beach, 33141-5701, FL, USA",True,OK,25.8503716,-80.12076549999999,"222 67th St, Miami, FL 33141, USA",ROOFTOP,False,
423,3 BF Group LLC,"2827 NW 3rd Ave - Unit 108, Miami","2827 NW 3rd Ave - Unit 108, Miami, 33127, FL, USA",True,OK,25.8032046,-80.2010616,"2827 NW 3rd Ave Unit 108, Miami, FL 33127, USA",ROOFTOP,False,
424,3 BF Group LLC,"2827 NW 3rd Ave - Unit 108, Miami","2827 NW 3rd Ave - Unit 108, Miami, 33127, FL, USA",True,OK,25.8032046,-80.2010616,"2827 NW 3rd Ave Unit 108, Miami, FL 33127, USA",ROOFTOP,False,
426,ANDES VALLEY L.L.C.,"201 Crandon Blvd APT 161, Key Biscayne","201 Crandon Blvd APT 161, Key Biscayne, 33149-1517, Florida, USA",True,OK,25.6965886,-80.1578663,"201 Crandon Blvd Apt 161, Key Biscayne, FL 33149, USA",ROOFTOP,False,
427,Aguamiel KB,"10 Village Green Way, Key Biscayne","10 Village Green Way, Key Biscayne, 33149, Florida, USA",True,OK,25.6916302,-80.164761,"10 Village Green Way, Key Biscayne, FL 33149, USA",ROOFTOP,False,
428,ALWAYS FOOD LLC,"30 N GOULD ST, SHERIDAN","30 N GOULD ST, SHERIDAN, 82801, Florida, USA",True,OK,44.7977367,-106.9549129,"30 N Gould St, Sheridan, WY 82801, USA",ROOFTOP,True,
429,Maria Villeda,"312 N Federal Hwy, Hallandale Beach","312 N Federal Hwy, Hallandale Beach, 33009, Florida, USA",True,OK,25.9899357,-80.1421287,"312 N Federal Hwy, Hallandale Beach, FL 33009, USA",ROOFTOP,False,
432,BRAVO SUPERMARKET (Lords Plaza),"12630 SW 8th St, Miami","12630 SW 8th St, Miami, 33184, FL, USA",True,OK,25.7600741,-80.40030300000001,"12630 SW 8th St, Miami, FL 33184, USA",ROOFTOP,False,
433,"BUDARE BISTRO MARKET, LLC","1830 SW  3rd Ave., Miami","1830 SW  3rd Ave., Miami, 33129, FL, USA",True,OK,25.7605289,-80.2015523,"1830 SW 3rd Ave, Miami, FL 33129, USA",ROOFTOP,False,
435,CAFE CANELA RESTAURANT,"15960 WEST STATE RD 84, WESTON","15960 WEST STATE RD 84, WESTON, 33326, Florida, USA",True,OK,26.1227964,-80.36034939999999,"15960 W State Rd 84, Sunrise, FL 33326, USA",ROOFTOP,False,
436,DETIOMOI,"2555 W 3rd ave, Hialeah","2555 W 3rd ave, Hialeah, 33010, FL, USA",True,OK,25.845019,-80.2879975,"2555 W 3rd Ave, Hialeah, FL 33010, USA",ROOFTOP,False,
437,Compañia Industrial Frutihorticola S.A. - CIFSA,"Padre Cardiel 4702, Mar del Plata","Padre Cardiel 4702, Mar del Plata, Florida, USA",True,OK,27.6648274,-81.5157535,"Florida, USA",APPROXIMATE,True,
438,DAIMIS CAFE,"23601 SW 177 KROME, MIAMI","23601 SW 177 KROME, MIAMI, 33031, FL, USA",True,OK,25.5463362,-80.4779447,"23601 SW 177th Ave, Homestead, FL 33031, USA",ROOFTOP,False,
440,DIAZ SUPERMARKET,"13501 SW 268th St, Homestead","13501 SW 268th St, Homestead, 33032, FL, USA",True,OK,25.5185199,-80.4106322,"13501 SW 268th St, Homestead, FL 33032, USA",ROOFTOP,False,
444,El BODEGON # 6,"6365 FOREST HILL Blvd, Green Acres","6365 FOREST HILL Blvd, Green Acres, 33414, Florida, USA",True,OK,26.6515171,-80.1443815,"6365 Forest Hill Blvd, West Palm Beach, FL 33415, USA",RANGE_INTERPOLATED,False,
445,El BODEGON #4,"4481 Lake  Worth Rd, Lake Worth","4481 Lake  Worth Rd, Lake Worth, 33461, Florida, USA",True,OK,26.6198103,-80.11251299999999,"4481 Lake Worth Rd, Lake Worth Beach, FL 33461, USA",ROOFTOP,False,
446,El BODEGON #5,"1910 Lake Worth Rd, Lake Worth","1910 Lake Worth Rd, Lake Worth, 33461, Florida, USA",True,OK,26.6184213,-80.0714777,"1910 Lake Worth Rd, Lake Worth Beach, FL 33461, USA",ROOFTOP,False,
447,FESTIVAL  #5 - 7208 North Lauderdale,"7208 Southgate Blvd, North Lauderdale","7208 Southgate Blvd, North Lauderdale, 33068, FL, USA",True,OK,26.2272358,-80.2222845,"7208 Southgate Blvd, North Lauderdale, FL 33068, USA",ROOFTOP,False,
448,FESTIVAL POMPANO,"220 NE 17 CT, Pompano Beach","220 NE 17 CT, Pompano Beach, 33060, Florida, USA",True,OK,26.2524504,-80.12048970000001,"220 NE 17th Ct, Pompano Beach, FL 33060, USA",ROOFTOP,False,
450,FRESCO Y MAS # 239 Bird Square Plaza,"14555 SW 42nd St, MIAMI","14555 SW 42nd St, MIAMI, 33155, FL, USA",True,OK,25.7301707,-80.4302858,"14555 SW 42nd St, Miami, FL 33185, USA",ROOFTOP,False,
451,GRANJA S/M (CHAVEZ DISTRIBUTORS),"151 Opa-locka Blvd, Opa-locka","151 Opa-locka Blvd, Opa-locka, 33054, Florida, USA",True,OK,25.9042972,-80.25183080000001,"151 Opa-locka Blvd, Opa-locka, FL 33054, USA",ROOFTOP,False,
453,Guarapo Juice Bar #2,"171 NW 36th St., Miami","171 NW 36th St., Miami, 33127, FL, USA",True,OK,25.8104875,-80.1988342,"171 NW 36th St, Miami, FL 33127, USA",ROOFTOP,False,
454,H&L International foods,"55 Post Road West, Westport","55 Post Road West, Westport, Florida, USA",True,OK,41.1395499,-73.36469869999999,"55 Post Rd W, Westport, CT 06880, USA",GEOMETRIC_CENTER,True,
455,"HARBOR CAFE 90, LLC",20308 SW 324 STREET,"20308 SW 324 STREET, Florida, USA",True,OK,25.4657154,-80.5197993,"20308 SW 324th St, Homestead, FL 33030, USA",ROOFTOP,False,
456,J CAFE KOSHER CATERING,"18900 NE 25 AVE, North Miami Beach","18900 NE 25 AVE, North Miami Beach, 33180, FL, USA",True,OK,25.9499633,-80.1522526,"18900 NE 25th Ave, Miami, FL 33180, USA",ROOFTOP,False,
458,JOMARA WHOLESALE,"2250 W 9 Ave, Hialeah","2250 W 9 Ave, Hialeah, 33010, FL, USA",True,OK,25.842098,-80.300445,"2250 W 9th Ave, Hialeah, FL 33010, USA",ROOFTOP,False,
460,KANUI MIA LLC - VITA MIA,"704 71st st, Miami Beach","704 71st st, Miami Beach, 33141, FL, USA",True,OK,25.8558666,-80.125205,"704 71st St, Miami Beach, FL 33141, USA",ROOFTOP,False,
461,LAS ACACIAS RESTAURANT,"8200 NW 14th Street, Doral","8200 NW 14th Street, Doral, 33126, FL, USA",True,OK,25.7860106,-80.3291333,"8200 NW 14th St, Doral, FL 33126, USA",ROOFTOP,False,
462,LEVAN BERRY  LLC,"20100 W COUNTRY CLUB DRIVE, AVENTURA","20100 W COUNTRY CLUB DRIVE, AVENTURA, 33180, Florida, USA",True,OK,25.9622593,-80.1404038,"20100 W Country Club Dr, Aventura, FL 33180, USA",ROOFTOP,False,
463,Key Foods Supermarket Hollywood (NO USAR),"3025 Johnson St., Hollywood","3025 Johnson St., Hollywood, 33021, Florida, USA",True,OK,26.0189912,-80.1688478,"Otis German Shopping Center, 3025 Johnson St, Hollywood, FL 33021, USA",GEOMETRIC_CENTER,False,
465,Lineage Miami (Hialeah),"3990 W. 108th Street, Hialeah","3990 W. 108th Street, Hialeah, 33018, FL, USA",True,OK,25.9189825,-80.3646997,"Lineage, 3990 W 108th St, Hialeah, FL 33018, USA",ROOFTOP,False,
466,LOVE IT OR LIKE IT,"18587 NW 27 AVE, MIAMI GARDEN","18587 NW 27 AVE, MIAMI GARDEN, 33056, FL, USA",True,OK,25.9431744,-80.2442123,"18587 NW 27th Ave, Miami Gardens, FL 33056, USA",ROOFTOP,False,
467,Price Choice #11,"1490 NW 3 Ave., Miami","1490 NW 3 Ave., Miami, 33136, FL, USA",True,OK,25.7896417,-80.2003301,"1490 NW 3rd Ave, Miami, FL 33136, USA",ROOFTOP,False,
468,Mi Campo Farmers Market,"7642 N Nob Hill Rd, Tamarac","7642 N Nob Hill Rd, Tamarac, 33321, Florida, USA",True,OK,26.2176923,-80.2881185,"7642 N Nob Hill Rd, Tamarac, FL 33321, USA",RANGE_INTERPOLATED,False,
469,Miguel Carrillo,"10350 PINES BLVD 
SUITE D 106 A - 117, PEMBROKE PINES","10350 PINES BLVD 
SUITE D 106 A - 117, PEMBROKE PINES, 33024, FL, USA",True,OK,26.009525,-80.2814495,"10350 Pines Blvd Ste D106A, Pembroke Pines, FL 33026, USA",ROOFTOP,True,
470,Milanos Bakery,"7120 N University Dr, Tamarac","7120 N University Dr, Tamarac, 33321, Florida, USA",True,OK,26.2105556,-80.2513889,"7120 N University Dr, Tamarac, FL 33321, USA",ROOFTOP,False,
471,Mexico Market,"407 Park Pl, Homestead","407 Park Pl, Homestead, 33030, FL, USA",True,OK,25.4735815,-80.47517189999999,"407 Park Pl, Homestead, FL 33030, USA",ROOFTOP,False,
473,PRESIDENTE SUPERMARKET #43,"1026 NW 10th Ave, Fort Lauderdale","1026 NW 10th Ave, Fort Lauderdale, 33311, FL, USA",True,OK,26.1380957,-80.1557342,"1026 NW 10th Ave, Fort Lauderdale, FL 33311, USA",ROOFTOP,False,
475,Presidente Supermarket #4,"1510 Hollywood S Federal Hwy, Hollywood","1510 Hollywood S Federal Hwy, Hollywood, 33020, Florida, USA",True,OK,26.0105121,-80.1426706,"S Federal Hwy, Hollywood, FL 33020, USA",GEOMETRIC_CENTER,True,
476,"QUIRCH FOODS, LLC","7600 NW 82nd PLACE, MEDLEY","7600 NW 82nd PLACE, MEDLEY, 33166, Florida, USA",True,OK,25.8428447,-80.33302979999999,"7600 NW 82nd Pl, Medley, FL 33166, USA",ROOFTOP,False,
477,RADU DISTRIBUCION,"2750 W 3 AVE, HIALEAH","2750 W 3 AVE, HIALEAH, FL, USA",True,OK,25.8468514,-80.2884658,"2750 W 3rd Ave, Hialeah, FL 33010, USA",ROOFTOP,False,
478,JUAN,"2750 W 3 AVE, HIALEAH","2750 W 3 AVE, HIALEAH, FL, USA",True,OK,25.8468514,-80.2884658,"2750 W 3rd Ave, Hialeah, FL 33010, USA",ROOFTOP,False,
479,Roberto Fernandez,"24801 SW 177th Ave, Homestead","24801 SW 177th Ave, Homestead, 33031, FL, USA",True,OK,25.5357719,-80.47786289999999,"24801 SW 177th Ave, Homestead, FL 33031, USA",RANGE_INTERPOLATED,False,
480,reychavezrogelio@gmail.com,"3400 NW 62nd St Ste 101, Miami","3400 NW 62nd St Ste 101, Miami, 33147, FL, USA",True,OK,25.8301302,-80.2521117,"3400 NW 62nd St #101, Miami, FL 33147, USA",ROOFTOP,False,
481,Rey chavez distributor #1,"3400 nw 62 ave, Miami","3400 nw 62 ave, Miami, FL, USA",True,OK,25.8066417,-80.297268,"3400 NW 62nd Ave, Miami, FL 33122, USA",RANGE_INTERPOLATED,False,
482,SABOR TROPICAL SUPERMARKET #6,"1410 N Krome Ave, Homestead","1410 N Krome Ave, Homestead, 33030, FL, USA",True,OK,25.4838855,-80.4778321,"1410 N Krome Ave, Homestead, FL 33030, USA",ROOFTOP,False,
485,SOUTH FLORIDA FOODS INTL INC,"5900 NW 97 AVE.
UNIT 19, DORAL","5900 NW 97 AVE.
UNIT 19, DORAL, 33178, FL, USA",True,OK,25.827684,-80.355254,"Meat Club Management Llc, 5900 NW 97th Ave #19, Doral, FL 33178, USA",ROOFTOP,False,
486,Sarah's Tent,"3565 NE 207 Street, Aventura","3565 NE 207 Street, Aventura, 33180, Florida, USA",True,OK,25.9689957,-80.1305916,"3565 NE 207th St, Miami, FL 33180, USA",ROOFTOP,False,
487,SPANISH CREATIONS CATERING LLC,"2555 W 3 ave, Hialeah","2555 W 3 ave, Hialeah, 33010, FL, USA",True,OK,25.845019,-80.2879975,"2555 W 3rd Ave, Hialeah, FL 33010, USA",ROOFTOP,False,
488,THE THRIST TRAP,"895 SW 67 AVE, MIAMI","895 SW 67 AVE, MIAMI, 33144, FL, USA",True,OK,25.7620855,-80.3034362,"895 SW 67th Ave, Miami, FL 33144, USA",ROOFTOP,False,
490,Twisted Juice Cafe Express LLC,"17637 NW 27th Ave, Miami","17637 NW 27th Ave, Miami, 33054, FL, USA",True,OK,25.9351006,-80.2446452,"17637 NW 27th Ave, Miami Gardens, FL 33056, USA",ROOFTOP,False,
491,"ULTRA PADEL, LLC","6301 NE 4TH  AVENUE, MIAMI","6301 NE 4TH  AVENUE, MIAMI, 33138, FL, USA",True,OK,25.8338749,-80.18846549999999,"6301 NE 4th Ave, Miami, FL 33138, USA",ROOFTOP,False,
492,"US 27 FUEL TRUCK STOP, LLC","2716 W US HIGHWAY 27, CLEWISTON","2716 W US HIGHWAY 27, CLEWISTON, 33440, Florida, USA",True,OK,26.7550282,-80.9784394,"2716 US-27, Clewiston, FL 33440, USA",ROOFTOP,False,
493,WINN-DIXIE - # 233 Miami,"11030 N.W. 7TH AVE, Miami","11030 N.W. 7TH AVE, Miami, 33168, FL, USA",True,OK,25.876048,-80.2114778,"11030 NW 7th Ave, Miami, FL 33168, USA",ROOFTOP,False,
494,WINN-DIXIE - # 236 SOUTHLAND PLAZA,"941 SW 24TH ST., FT LAUDERDALE","941 SW 24TH ST., FT LAUDERDALE, 33315, FL, USA",True,OK,26.0931557,-80.1545957,"941 SW 24th St, Fort Lauderdale, FL 33315, USA",ROOFTOP,False,
495,WINN-DIXIE - # 203 HALLANDALE SHOPPING CENTER,"1055 HALLANDALE BEACH BLVD, HALLANDALE","1055 HALLANDALE BEACH BLVD, HALLANDALE, 33009, Florida, USA",True,OK,25.9836549,-80.1637337,"1055 W Hallandale Beach Blvd, Hallandale Beach, FL 33009, USA",ROOFTOP,False,
496,WINN-DIXIE - # 210 - 3 Lakes Plaza,"1055 HALLANDALE BEACH BLVD, HALLANDALE","1055 HALLANDALE BEACH BLVD, HALLANDALE, 33009, Florida, USA",True,OK,25.9836549,-80.1637337,"1055 W Hallandale Beach Blvd, Hallandale Beach, FL 33009, USA",ROOFTOP,False,
497,WINN-DIXIE - # 226 Southport Plaza,"1625 Cordova Rd, Fort Lauderdale","1625 Cordova Rd, Fort Lauderdale, 33316, FL, USA",True,OK,26.1017868,-80.131478,"1625 Cordova Rd, Fort Lauderdale, FL 33316, USA",ROOFTOP,False,
498,WINN-DIXIE - # 247 MIAMI,"1155 NW 11TH ST, MIAMI","1155 NW 11TH ST, MIAMI, 33136, FL, USA",True,OK,25.7849027,-80.2130461,"1155 NW 11th St, Miami, FL 33136, USA",ROOFTOP,False,
499,WINN-DIXIE - # 251 MIAMI,"3275 SW 22ND STREET, MIAMI","3275 SW 22ND STREET, MIAMI, 33145, FL, USA",True,OK,25.7509649,-80.2477344,"3275 SW 22nd St, Miami, FL 33145, USA",ROOFTOP,False,
500,WINN-DIXIE - # 271 Lantana Village Shopping Center,"1491 S Dixie Hwy, Lantana","1491 S Dixie Hwy, Lantana, 33462, Florida, USA",True,OK,26.5744576,-80.0555127,"1491 S Dixie Hwy, Lantana, FL 33462, USA",ROOFTOP,False,
501,WINN-DIXIE - # 285 SOUTH MIAMI,"5850 SW 73RD STREET, SOUTH MIAMI","5850 SW 73RD STREET, SOUTH MIAMI, 33143, FL, USA",True,OK,25.7027663,-80.2885457,"5850 SW 73rd St, South Miami, FL 33143, USA",ROOFTOP,False,
502,WINN-DIXIE - # 290 Victoria Park Shoppes,"680 N Federal Hwy, Fort Lauderdale","680 N Federal Hwy, Fort Lauderdale, 33304, FL, USA",True,OK,26.1313701,-80.13649269999999,"680 N Federal Hwy, Fort Lauderdale, FL 33304, USA",ROOFTOP,False,
503,WINN-DIXIE - # 311 THE PLAZA,"11290  STATE ROAD 84, DAVIE","11290  STATE ROAD 84, DAVIE, 33325, Florida, USA",True,OK,26.1090619,-80.2998953,"11290 FL-84, Davie, FL 33325, USA",ROOFTOP,False,
504,WINN-DIXIE - # 370,"8710 SW 72nd st, Miami","8710 SW 72nd st, Miami, 33173, FL, USA",True,OK,25.7008953,-80.33483849999999,"8710 SW 72nd St, Miami, FL 33173, USA",ROOFTOP,False,
505,WINN-DIXIE - # 333 Gardens Park Plaza,"8924 N Military Trl, Palm Beach Gardens","8924 N Military Trl, Palm Beach Gardens, 33410, FL, USA",True,OK,26.8065874,-80.10490659999999,"8924 N Military Trl, Palm Beach Gardens, FL 33410, USA",ROOFTOP,False,
506,WINN-DIXIE - # 336 Emerald Woods Plaza,"3850 N 46th Ave, Hollywood","3850 N 46th Ave, Hollywood, 33021, Florida, USA",True,OK,26.0454895,-80.19140999999999,"3850 N 46th Ave, Hollywood, FL 33021, USA",ROOFTOP,False,
507,WINN-DIXIE - # 343 at Northway Shopping Center,"14900 NW 7th Ave, Miami","14900 NW 7th Ave, Miami, 33168, FL, USA",True,OK,25.9116337,-80.21322339999999,"14900 NW 7th Ave, Miami, FL 33168, USA",ROOFTOP,False,
508,WINN-DIXIE - # 345 Rivertowne Square,"1019 S Federal Hwy, Deerfield Beach","1019 S Federal Hwy, Deerfield Beach, 33441, Florida, USA",True,OK,26.3039055,-80.0949191,"1019 S Federal Hwy, Deerfield Beach, FL 33441, USA",ROOFTOP,False,
509,WINN-DIXIE - # 349 Pepper Tree Plaza,"5600 West Sample Road, MARGATE","5600 West Sample Road, MARGATE, 33073, Florida, USA",True,OK,26.27362,-80.19946089999999,"Winn Dixie - South, 5600 W Sample Rd, Margate, FL 33073, USA",ROOFTOP,False,
510,Winn-Dixie - # 2355 Fort Pierce,"4967 S US 1, Fort Pierce","4967 S US 1, Fort Pierce, 34982, Florida, USA",True,OK,27.3890305,-80.325184,"4967 S US Hwy 1, Fort Pierce, FL 34982, USA",ROOFTOP,False,
511,WINN-DIXIE - # 386 Galt Ocean Marketplace,"3800 N Ocean Blvd, Fort Lauderdale","3800 N Ocean Blvd, Fort Lauderdale, 33308, FL, USA",True,OK,26.1746349,-80.0990547,"3800 N Ocean Blvd, Fort Lauderdale, FL 33308, USA",ROOFTOP,False,
512,WINN-DIXIE - # 397 Charleston Square,"6600 Hypoluxo Rd, Lake Worth","6600 Hypoluxo Rd, Lake Worth, 33467, Florida, USA",True,OK,26.5715187,-80.1481649,"6600 Hypoluxo Rd, Greenacres, FL 33467, USA",ROOFTOP,False,
513,WINN-DIXIE - #212 Village Royale,"1135 Royal Palm Beach Blvd, Royal Palm Beach","1135 Royal Palm Beach Blvd, Royal Palm Beach, 33411, FL, USA",True,OK,26.7076068,-80.2316085,"1135 Royal Palm Beach Blvd, Royal Palm Beach, FL 33411, USA",ROOFTOP,False,
515,YAYABO CAFETERIA,"1087 E 25 STREET, HIALEAH","1087 E 25 STREET, HIALEAH, 33013, FL, USA",True,OK,25.8458333,-80.2602778,"1087 E 25th St, Hialeah, FL 33013, USA",ROOFTOP,False,
516,Winn-Dixie - # 305 Royal Palm Beach,"1135 Royal Palm Beach Blvd., Royal Palm Beach","1135 Royal Palm Beach Blvd., Royal Palm Beach, 33411, FL, USA",True,OK,26.7076068,-80.2316085,"1135 Royal Palm Beach Blvd, Royal Palm Beach, FL 33411, USA",ROOFTOP,False,
517,Winn-Dixie - # 308 Jensen Beach,"1105 NE Jensen Beach Blvd., Jensen Beach","1105 NE Jensen Beach Blvd., Jensen Beach, 34957, Florida, USA",True,OK,27.2460351,-80.2374464,"1105 NE Jensen Beach Blvd, Jensen Beach, FL 34957, USA",ROOFTOP,False,
518,Winn-Dixie - # 364 Stuart,"3320 SE Salerno Rd., Stuart","3320 SE Salerno Rd., Stuart, 34997, Florida, USA",True,OK,27.1404273,-80.208776,"3320 SE Salerno Rd, Stuart, FL 34997, USA",GEOMETRIC_CENTER,False,
521,D&S On Time Trucking LLC,"6703 Bayfront Dr, Margate","6703 Bayfront Dr, Margate, 33063, Florida, USA",True,OK,26.2657382,-80.2150609,"6703 Bayfront Dr, Margate, FL 33063, USA",ROOFTOP,False,
522,Cheney Brothers,"1 Cheney Way, Riviera Beach","1 Cheney Way, Riviera Beach, 33404, Florida, USA",True,OK,26.7678574,-80.0932548,"1 Cheney Way, Riviera Beach, FL 33404, USA",ROOFTOP,False,
523,MANGO TREE,"6431 Stirling road, Davie","6431 Stirling road, Davie, 33314, Florida, USA",True,OK,26.0471775,-80.23239269999999,"6431 Stirling Rd, Davie, FL 33314, USA",ROOFTOP,False,
524,Bruno Borges,"801 Fairway Drive, Miami Beach","801 Fairway Drive, Miami Beach, 33141, FL, USA",True,OK,25.8599257,-80.1407406,"801 Fairway Dr, Miami Beach, FL 33141, USA",ROOFTOP,False,
525,Food Fair Broward,"7139 W Broward Blvd, Plantation","7139 W Broward Blvd, Plantation, 33317, Florida, USA",True,OK,26.1223153,-80.2439373,"7139 W Broward Blvd, Plantation, FL 33317, USA",ROOFTOP,False,
526,"SELVAH ACAI, LLC.","321 NE 116th St, Miami","321 NE 116th St, Miami, 33161, FL, USA",True,OK,25.8816903,-80.1910894,"321 NE 116th St, Miami, FL 33161, USA",ROOFTOP,False,
527,"OSSO EDIBLE PROJECT, LLC","8510 NW 3RD Ln APT 7, Miami","8510 NW 3RD Ln APT 7, Miami, 33126-3857, FL, USA",True,OK,25.7734661,-80.3325073,"8510 NW 3rd Ln #7, Miami, FL 33126, USA",ROOFTOP,False,
528,Carlos Augusto Pereira da Silva Filho,"321 NE 116th St, Miami","321 NE 116th St, Miami, 33161, FL, USA",True,OK,25.8816903,-80.1910894,"321 NE 116th St, Miami, FL 33161, USA",ROOFTOP,False,
529,A- Family Winwood,"2827 NW 3 ave, Miami","2827 NW 3 ave, Miami, 33127, FL, USA",True,OK,25.8032046,-80.2010616,"2827 NW 3rd Ave, Miami, FL 33127, USA",ROOFTOP,False,
530,Benfresh LLC,"7337 NW 37 AVE, MIAMI","7337 NW 37 AVE, MIAMI, 33147, FL, USA",True,OK,25.8406558,-80.257392,"7337 NW 37th Ave, Miami, FL 33147, USA",ROOFTOP,False,
531,CACAO EXPRESS,"7165 SW 47th St. Suite 312, Miami","7165 SW 47th St. Suite 312, Miami, 33155, FL, USA",True,OK,25.7265409,-80.30936659999999,"7165 SW 47th St Ste 312, Miami, FL 33155, USA",ROOFTOP,False,
535,Milky Ways Cereal Bar,"17013 S Dixie Hwy, Palmetto Bay","17013 S Dixie Hwy, Palmetto Bay, 33157, Florida, USA",True,OK,25.6118394,-80.3462448,"17013 S Dixie Hwy, Palmetto Bay, FL 33157, USA",ROOFTOP,False,
536,SEDANOS # 1 - Hialeah 1,"3801  W Flager st, Coral Gables","3801  W Flager st, Coral Gables, 33126, Florida, USA",True,OK,25.7721925,-80.2576851,"3801 W Flagler St, Miami, FL 33134, USA",ROOFTOP,False,
