product_code,lista_id,precio
101085,lista-01-base,26234.41
101085,lista-02-15up,30169.57
101085,lista-03-10off,23610.97
101085,lista-04-15off,22299.25
101088,lista-01-base,20611.62
101088,lista-02-15up,23703.36
101088,lista-03-10off,18550.46
101088,lista-04-15off,17519.88
101021,lista-01-base,111908.38
101021,lista-02-15up,128694.64
101021,lista-03-10off,100717.54
101021,lista-04-15off,95122.12
101074,lista-01-base,18413.19
101074,lista-02-15up,21175.17
101074,lista-03-10off,16571.87
101074,lista-04-15off,15651.21
101072,lista-01-base,26141.34
101072,lista-02-15up,30062.54
101072,lista-03-10off,23527.21
101072,lista-04-15off,22220.14
101073,lista-01-base,40088.67
101073,lista-02-15up,46101.97
101073,lista-03-10off,36079.8
101073,lista-04-15off,34075.37
101027,lista-01-base,9150.69
101027,lista-02-15up,10523.29
101027,lista-03-10off,8235.62
101027,lista-04-15off,7778.09
101104,lista-01-base,27103.18
101104,lista-02-15up,31168.66
101104,lista-03-10off,24392.86
101104,lista-04-15off,23037.7
101090,lista-01-base,18859.07
101090,lista-02-15up,21687.93
101090,lista-03-10off,16973.16
101090,lista-04-15off,16030.21
101092,lista-01-base,22226.76
101092,lista-02-15up,25560.77
101092,lista-03-10off,20004.08
101092,lista-04-15off,18892.75
101093,lista-01-base,38930.51
101093,lista-02-15up,44770.09
101093,lista-03-10off,35037.46
101093,lista-04-15off,33090.93
101091,lista-01-base,18859.07
101091,lista-02-15up,21687.93
101091,lista-03-10off,16973.16
101091,lista-04-15off,16030.21
101083,lista-01-base,8621.29
101083,lista-02-15up,9914.48
101083,lista-03-10off,7759.16
101083,lista-04-15off,7328.1
101087,lista-01-base,21620.58
101087,lista-02-15up,24863.67
101087,lista-03-10off,19458.52
101087,lista-04-15off,18377.49
101144,lista-01-base,1219.1
101144,lista-02-15up,1401.96
101144,lista-03-10off,1097.19
101144,lista-04-15off,1036.23
101028,lista-01-base,12944.96
101028,lista-02-15up,14886.7
101028,lista-03-10off,11650.46
101028,lista-04-15off,11003.22
101069,lista-01-base,20899.89
101069,lista-02-15up,24034.87
101069,lista-03-10off,18809.9
101069,lista-04-15off,17764.91
101024,lista-01-base,34875.43
101024,lista-02-15up,40106.74
101024,lista-03-10off,31387.89
101024,lista-04-15off,29644.12
101094,lista-01-base,24712.32
101094,lista-02-15up,28419.17
101094,lista-03-10off,22241.09
101094,lista-04-15off,21005.47
101018,lista-01-base,12789.29
101018,lista-02-15up,14707.68
101018,lista-03-10off,11510.36
101018,lista-04-15off,10870.9
101020,lista-01-base,36718.95
101020,lista-02-15up,42226.79
101020,lista-03-10off,33047.06
101020,lista-04-15off,31211.11
101017,lista-01-base,8119.25
101017,lista-02-15up,9337.14
101017,lista-03-10off,7307.32
101017,lista-04-15off,6901.36
101022,lista-01-base,12363.61
101022,lista-02-15up,14218.15
101022,lista-03-10off,11127.25
101022,lista-04-15off,10509.07
101082,lista-01-base,29219.49
101082,lista-02-15up,33602.41
101082,lista-03-10off,26297.54
101082,lista-04-15off,24836.57
101070,lista-01-base,32745.09
101070,lista-02-15up,37656.85
101070,lista-03-10off,29470.58
101070,lista-04-15off,27833.33
101029,lista-01-base,16016.74
101029,lista-02-15up,18419.25
101029,lista-03-10off,14415.07
101029,lista-04-15off,13614.23
101030,lista-01-base,46710.54
101030,lista-02-15up,53717.12
101030,lista-03-10off,42039.49
101030,lista-04-15off,39703.96
101026,lista-01-base,9150.69
101026,lista-02-15up,10523.29
101026,lista-03-10off,8235.62
101026,lista-04-15off,7778.09
101025,lista-01-base,16166.43
101025,lista-02-15up,18591.39
101025,lista-03-10off,14549.79
101025,lista-04-15off,13741.47
101023,lista-01-base,15899.77
101023,lista-02-15up,18284.74
101023,lista-03-10off,14309.79
101023,lista-04-15off,13514.8
101071,lista-01-base,15899.77
101071,lista-02-15up,18284.74
101071,lista-03-10off,14309.79
101071,lista-04-15off,13514.8
11728,lista-01-base,62897.57
11728,lista-02-15up,72332.21
11728,lista-03-10off,56607.81
11728,lista-04-15off,53462.93
11719,lista-01-base,197103.12
11719,lista-02-15up,226668.59
11719,lista-03-10off,177392.81
11719,lista-04-15off,167537.65
11876,lista-01-base,11347.13
11876,lista-02-15up,13049.2
11876,lista-03-10off,10212.42
11876,lista-04-15off,9645.06
11714,lista-01-base,124846.87
11714,lista-02-15up,143573.9
11714,lista-03-10off,112362.18
11714,lista-04-15off,106119.84
11788,lista-01-base,112414.0
11788,lista-02-15up,129276.1
11788,lista-03-10off,101172.6
11788,lista-04-15off,95551.9
11833,lista-01-base,208929.3
11833,lista-02-15up,240268.69
11833,lista-03-10off,188036.37
11833,lista-04-15off,177589.9
11875,lista-01-base,208929.3
11875,lista-02-15up,240268.69
11875,lista-03-10off,188036.37
11875,lista-04-15off,177589.9
11878,lista-01-base,36075.22
11878,lista-02-15up,41486.5
11878,lista-03-10off,32467.7
11878,lista-04-15off,30663.94
11881,lista-01-base,8992.61
11881,lista-02-15up,10341.5
11881,lista-03-10off,8093.35
11881,lista-04-15off,7643.72
11877,lista-01-base,32131.56
11877,lista-02-15up,36951.29
11877,lista-03-10off,28918.4
11877,lista-04-15off,27311.83
11739,lista-01-base,270457.09
11739,lista-02-15up,311025.65
11739,lista-03-10off,243411.38
11739,lista-04-15off,229888.53
11912,lista-01-base,67355.53
11912,lista-02-15up,77458.86
11912,lista-03-10off,60619.98
11912,lista-04-15off,57252.2
11727,lista-01-base,18053.88
11727,lista-02-15up,20761.96
11727,lista-03-10off,16248.49
11727,lista-04-15off,15345.8
11778,lista-01-base,125631.0
11778,lista-02-15up,144475.65
11778,lista-03-10off,113067.9
11778,lista-04-15off,106786.35
11902,lista-01-base,25317.82
11902,lista-02-15up,29115.49
11902,lista-03-10off,22786.04
11902,lista-04-15off,21520.15
11879,lista-01-base,90981.41
11879,lista-02-15up,104628.62
11879,lista-03-10off,81883.27
11879,lista-04-15off,77334.2
11792,lista-01-base,69430.4
11792,lista-02-15up,79844.96
11792,lista-03-10off,62487.36
11792,lista-04-15off,59015.84
11950,lista-01-base,309533.12
11950,lista-02-15up,355963.09
11950,lista-03-10off,278579.81
11950,lista-04-15off,263103.15
11793,lista-01-base,81167.84
11793,lista-02-15up,93343.02
11793,lista-03-10off,73051.06
11793,lista-04-15off,68992.66
11787,lista-01-base,969872.27
11787,lista-02-15up,1115353.11
11787,lista-03-10off,872885.04
11787,lista-04-15off,824391.43
11946,lista-01-base,207232.36
11946,lista-02-15up,238317.21
11946,lista-03-10off,186509.12
11946,lista-04-15off,176147.51
11718,lista-01-base,24992.55
11718,lista-02-15up,28741.43
11718,lista-03-10off,22493.29
11718,lista-04-15off,21243.67
17756,lista-01-base,37491.3
17756,lista-02-15up,43115.0
17756,lista-03-10off,33742.17
17756,lista-04-15off,31867.61
17754,lista-01-base,29150.65
17754,lista-02-15up,33523.25
17754,lista-03-10off,26235.59
17754,lista-04-15off,24778.05
11913,lista-01-base,84993.0
11913,lista-02-15up,97741.95
11913,lista-03-10off,76493.7
11913,lista-04-15off,72244.05
11899,lista-01-base,781821.89
11899,lista-02-15up,899095.17
11899,lista-03-10off,703639.7
11899,lista-04-15off,664548.61
11746,lista-01-base,94382.2
11746,lista-02-15up,108539.53
11746,lista-03-10off,84943.98
11746,lista-04-15off,80224.87
11744,lista-01-base,38322.41
11744,lista-02-15up,44070.77
11744,lista-03-10off,34490.17
11744,lista-04-15off,32574.05
11721,lista-01-base,361121.21
11721,lista-02-15up,415289.39
11721,lista-03-10off,325009.09
11721,lista-04-15off,306953.03
11884,lista-01-base,45927.62
11884,lista-02-15up,52816.76
11884,lista-03-10off,41334.86
11884,lista-04-15off,39038.48
17760,lista-01-base,79020.87
17760,lista-02-15up,90874.0
17760,lista-03-10off,71118.78
17760,lista-04-15off,67167.74
11723,lista-01-base,68829.1
11723,lista-02-15up,79153.46
11723,lista-03-10off,61946.19
11723,lista-04-15off,58504.74
17757,lista-01-base,66316.83
17757,lista-02-15up,76264.35
17757,lista-03-10off,59685.15
17757,lista-04-15off,56369.31
11901,lista-01-base,71450.71
11901,lista-02-15up,82168.32
11901,lista-03-10off,64305.64
11901,lista-04-15off,60733.1
1316,lista-01-base,17627.24
1316,lista-02-15up,20271.33
1316,lista-03-10off,15864.52
1316,lista-04-15off,14983.15
879,lista-01-base,19479.62
879,lista-02-15up,22401.56
879,lista-03-10off,17531.66
879,lista-04-15off,16557.68
1289,lista-01-base,19890.62
1289,lista-02-15up,22874.21
1289,lista-03-10off,17901.56
1289,lista-04-15off,16907.03
1301,lista-01-base,19507.39
1301,lista-02-15up,22433.5
1301,lista-03-10off,17556.65
1301,lista-04-15off,16581.28
1320,lista-01-base,19479.62
1320,lista-02-15up,22401.56
1320,lista-03-10off,17531.66
1320,lista-04-15off,16557.68
2158,lista-01-base,25645.19
2158,lista-02-15up,29491.97
2158,lista-03-10off,23080.67
2158,lista-04-15off,21798.41
823,lista-01-base,21110.14
823,lista-02-15up,24276.66
823,lista-03-10off,18999.13
823,lista-04-15off,17943.62
1256,lista-01-base,25645.19
1256,lista-02-15up,29491.97
1256,lista-03-10off,23080.67
1256,lista-04-15off,21798.41
873,lista-01-base,19479.62
873,lista-02-15up,22401.56
873,lista-03-10off,17531.66
873,lista-04-15off,16557.68
1179,lista-01-base,19479.62
1179,lista-02-15up,22401.56
1179,lista-03-10off,17531.66
1179,lista-04-15off,16557.68
1182,lista-01-base,24132.02
1182,lista-02-15up,27751.82
1182,lista-03-10off,21718.82
1182,lista-04-15off,20512.22
1183,lista-01-base,24132.02
1183,lista-02-15up,27751.82
1183,lista-03-10off,21718.82
1183,lista-04-15off,20512.22
1411,lista-01-base,24132.02
1411,lista-02-15up,27751.82
1411,lista-03-10off,21718.82
1411,lista-04-15off,20512.22
1288,lista-01-base,25276.08
1288,lista-02-15up,29067.49
1288,lista-03-10off,22748.47
1288,lista-04-15off,21484.67
1353,lista-01-base,37685.57
1353,lista-02-15up,43338.41
1353,lista-03-10off,33917.01
1353,lista-04-15off,32032.73
1403,lista-01-base,23534.0
1403,lista-02-15up,27064.1
1403,lista-03-10off,21180.6
1403,lista-04-15off,20003.9
1317,lista-01-base,26901.48
1317,lista-02-15up,30936.7
1317,lista-03-10off,24211.33
1317,lista-04-15off,22866.26
1198,lista-01-base,28544.21
1198,lista-02-15up,32825.84
1198,lista-03-10off,25689.79
1198,lista-04-15off,24262.58
1364,lista-01-base,26901.48
1364,lista-02-15up,30936.7
1364,lista-03-10off,24211.33
1364,lista-04-15off,22866.26
1372,lista-01-base,25952.61
1372,lista-02-15up,29845.5
1372,lista-03-10off,23357.35
1372,lista-04-15off,22059.72
1195,lista-01-base,26974.5
1195,lista-02-15up,31020.67
1195,lista-03-10off,24277.05
1195,lista-04-15off,22928.33
1286,lista-01-base,26135.48
1286,lista-02-15up,30055.8
1286,lista-03-10off,23521.93
1286,lista-04-15off,22215.16
1291,lista-01-base,30747.45
1291,lista-02-15up,35359.57
1291,lista-03-10off,27672.71
1291,lista-04-15off,26135.33
1292,lista-01-base,30747.45
1292,lista-02-15up,35359.57
1292,lista-03-10off,27672.71
1292,lista-04-15off,26135.33
1293,lista-01-base,30747.45
1293,lista-02-15up,35359.57
1293,lista-03-10off,27672.71
1293,lista-04-15off,26135.33
1294,lista-01-base,30747.45
1294,lista-02-15up,35359.57
1294,lista-03-10off,27672.71
1294,lista-04-15off,26135.33
1312,lista-01-base,26723.66
1312,lista-02-15up,30732.21
1312,lista-03-10off,24051.29
1312,lista-04-15off,22715.11
1310,lista-01-base,26723.66
1310,lista-02-15up,30732.21
1310,lista-03-10off,24051.29
1310,lista-04-15off,22715.11
1315,lista-01-base,26723.66
1315,lista-02-15up,30732.21
1315,lista-03-10off,24051.29
1315,lista-04-15off,22715.11
1483,lista-01-base,15683.32
1483,lista-02-15up,18035.82
1483,lista-03-10off,14114.99
1483,lista-04-15off,13330.82
1484,lista-01-base,17737.12
1484,lista-02-15up,20397.69
1484,lista-03-10off,15963.41
1484,lista-04-15off,15076.55
1462,lista-01-base,17737.12
1462,lista-02-15up,20397.69
1462,lista-03-10off,15963.41
1462,lista-04-15off,15076.55
1488,lista-01-base,17737.12
1488,lista-02-15up,20397.69
1488,lista-03-10off,15963.41
1488,lista-04-15off,15076.55
1463,lista-01-base,17737.12
1463,lista-02-15up,20397.69
1463,lista-03-10off,15963.41
1463,lista-04-15off,15076.55
1485,lista-01-base,17737.12
1485,lista-02-15up,20397.69
1485,lista-03-10off,15963.41
1485,lista-04-15off,15076.55
1311,lista-01-base,26723.66
1311,lista-02-15up,30732.21
1311,lista-03-10off,24051.29
1311,lista-04-15off,22715.11
1302,lista-01-base,26135.48
1302,lista-02-15up,30055.8
1302,lista-03-10off,23521.93
1302,lista-04-15off,22215.16
703,lista-01-base,19479.62
703,lista-02-15up,22401.56
703,lista-03-10off,17531.66
703,lista-04-15off,16557.68
797,lista-01-base,28544.21
797,lista-02-15up,32825.84
797,lista-03-10off,25689.79
797,lista-04-15off,24262.58
796,lista-01-base,28544.21
796,lista-02-15up,32825.84
796,lista-03-10off,25689.79
796,lista-04-15off,24262.58
1352,lista-01-base,19479.62
1352,lista-02-15up,22401.56
1352,lista-03-10off,17531.66
1352,lista-04-15off,16557.68
1371,lista-01-base,26974.5
1371,lista-02-15up,31020.67
1371,lista-03-10off,24277.05
1371,lista-04-15off,22928.33
1381,lista-01-base,30747.45
1381,lista-02-15up,35359.57
1381,lista-03-10off,27672.71
1381,lista-04-15off,26135.33
1389,lista-01-base,20242.81
1389,lista-02-15up,23279.23
1389,lista-03-10off,18218.53
1389,lista-04-15off,17206.39
1426,lista-01-base,21191.73
1426,lista-02-15up,24370.49
1426,lista-03-10off,19072.56
1426,lista-04-15off,18012.97
1396,lista-01-base,26723.66
1396,lista-02-15up,30732.21
1396,lista-03-10off,24051.29
1396,lista-04-15off,22715.11
1466,lista-01-base,14799.57
1466,lista-02-15up,17019.51
1466,lista-03-10off,13319.61
1466,lista-04-15off,12579.63
1467,lista-01-base,11099.67
1467,lista-02-15up,12764.62
1467,lista-03-10off,9989.7
1467,lista-04-15off,9434.72
1468,lista-01-base,17737.12
1468,lista-02-15up,20397.69
1468,lista-03-10off,15963.41
1468,lista-04-15off,15076.55
1482,lista-01-base,25645.19
1482,lista-02-15up,29491.97
1482,lista-03-10off,23080.67
1482,lista-04-15off,21798.41
1260,lista-01-base,28817.22
1260,lista-02-15up,33139.8
1260,lista-03-10off,25935.5
1260,lista-04-15off,24494.64
1259,lista-01-base,28817.22
1259,lista-02-15up,33139.8
1259,lista-03-10off,25935.5
1259,lista-04-15off,24494.64
1246,lista-01-base,24132.02
1246,lista-02-15up,27751.82
1246,lista-03-10off,21718.82
1246,lista-04-15off,20512.22
1309,lista-01-base,13534.88
1309,lista-02-15up,15565.11
1309,lista-03-10off,12181.39
1309,lista-04-15off,11504.65
1473,lista-01-base,18810.99
1473,lista-02-15up,21632.64
1473,lista-03-10off,16929.89
1473,lista-04-15off,15989.34
1255,lista-01-base,24132.02
1255,lista-02-15up,27751.82
1255,lista-03-10off,21718.82
1255,lista-04-15off,20512.22
1258,lista-01-base,21191.73
1258,lista-02-15up,24370.49
1258,lista-03-10off,19072.56
1258,lista-04-15off,18012.97
1193,lista-01-base,26974.5
1193,lista-02-15up,31020.67
1193,lista-03-10off,24277.05
1193,lista-04-15off,22928.33
1194,lista-01-base,26974.5
1194,lista-02-15up,31020.67
1194,lista-03-10off,24277.05
1194,lista-04-15off,22928.33
1196,lista-01-base,26974.5
1196,lista-02-15up,31020.67
1196,lista-03-10off,24277.05
1196,lista-04-15off,22928.33
1197,lista-01-base,26974.5
1197,lista-02-15up,31020.67
1197,lista-03-10off,24277.05
1197,lista-04-15off,22928.33
1576,lista-01-base,23534.0
1576,lista-02-15up,27064.1
1576,lista-03-10off,21180.6
1576,lista-04-15off,20003.9
831,lista-01-base,24132.02
831,lista-02-15up,27751.82
831,lista-03-10off,21718.82
831,lista-04-15off,20512.22
704,lista-01-base,25975.44
704,lista-02-15up,29871.76
704,lista-03-10off,23377.9
704,lista-04-15off,22079.12
705,lista-01-base,25975.44
705,lista-02-15up,29871.76
705,lista-03-10off,23377.9
705,lista-04-15off,22079.12
1180,lista-01-base,29755.15
1180,lista-02-15up,34218.42
1180,lista-03-10off,26779.64
1180,lista-04-15off,25291.88
745,lista-01-base,29755.15
745,lista-02-15up,34218.42
745,lista-03-10off,26779.64
745,lista-04-15off,25291.88
1645,lista-01-base,29755.15
1645,lista-02-15up,34218.42
1645,lista-03-10off,26779.64
1645,lista-04-15off,25291.88
1490,lista-01-base,20194.06
1490,lista-02-15up,23223.17
1490,lista-03-10off,18174.65
1490,lista-04-15off,17164.95
1181,lista-01-base,29755.15
1181,lista-02-15up,34218.42
1181,lista-03-10off,26779.64
1181,lista-04-15off,25291.88
1476,lista-01-base,20194.06
1476,lista-02-15up,23223.17
1476,lista-03-10off,18174.65
1476,lista-04-15off,17164.95
785,lista-01-base,19479.62
785,lista-02-15up,22401.56
785,lista-03-10off,17531.66
785,lista-04-15off,16557.68
782,lista-01-base,19479.62
782,lista-02-15up,22401.56
782,lista-03-10off,17531.66
782,lista-04-15off,16557.68
794,lista-01-base,19479.62
794,lista-02-15up,22401.56
794,lista-03-10off,17531.66
794,lista-04-15off,16557.68
1227,lista-01-base,19479.62
1227,lista-02-15up,22401.56
1227,lista-03-10off,17531.66
1227,lista-04-15off,16557.68
791,lista-01-base,19479.62
791,lista-02-15up,22401.56
791,lista-03-10off,17531.66
791,lista-04-15off,16557.68
783,lista-01-base,19479.62
783,lista-02-15up,22401.56
783,lista-03-10off,17531.66
783,lista-04-15off,16557.68
777,lista-01-base,19479.62
777,lista-02-15up,22401.56
777,lista-03-10off,17531.66
777,lista-04-15off,16557.68
875,lista-01-base,19479.62
875,lista-02-15up,22401.56
875,lista-03-10off,17531.66
875,lista-04-15off,16557.68
722,lista-01-base,19479.62
722,lista-02-15up,22401.56
722,lista-03-10off,17531.66
722,lista-04-15off,16557.68
793,lista-01-base,19479.62
793,lista-02-15up,22401.56
793,lista-03-10off,17531.66
793,lista-04-15off,16557.68
865,lista-01-base,19479.62
865,lista-02-15up,22401.56
865,lista-03-10off,17531.66
865,lista-04-15off,16557.68
790,lista-01-base,19479.62
790,lista-02-15up,22401.56
790,lista-03-10off,17531.66
790,lista-04-15off,16557.68
833,lista-01-base,19479.62
833,lista-02-15up,22401.56
833,lista-03-10off,17531.66
833,lista-04-15off,16557.68
788,lista-01-base,19479.62
788,lista-02-15up,22401.56
788,lista-03-10off,17531.66
788,lista-04-15off,16557.68
1439,lista-01-base,19479.62
1439,lista-02-15up,22401.56
1439,lista-03-10off,17531.66
1439,lista-04-15off,16557.68
789,lista-01-base,19479.62
789,lista-02-15up,22401.56
789,lista-03-10off,17531.66
789,lista-04-15off,16557.68
780,lista-01-base,19479.62
780,lista-02-15up,22401.56
780,lista-03-10off,17531.66
780,lista-04-15off,16557.68
1351,lista-01-base,19479.62
1351,lista-02-15up,22401.56
1351,lista-03-10off,17531.66
1351,lista-04-15off,16557.68
1350,lista-01-base,21173.97
1350,lista-02-15up,24350.07
1350,lista-03-10off,19056.57
1350,lista-04-15off,17997.87
1178,lista-01-base,19479.62
1178,lista-02-15up,22401.56
1178,lista-03-10off,17531.66
1178,lista-04-15off,16557.68
795,lista-01-base,21173.97
795,lista-02-15up,24350.07
795,lista-03-10off,19056.57
795,lista-04-15off,17997.87
767,lista-01-base,19479.62
767,lista-02-15up,22401.56
767,lista-03-10off,17531.66
767,lista-04-15off,16557.68
1456,lista-01-base,19479.62
1456,lista-02-15up,22401.56
1456,lista-03-10off,17531.66
1456,lista-04-15off,16557.68
784,lista-01-base,19479.62
784,lista-02-15up,22401.56
784,lista-03-10off,17531.66
784,lista-04-15off,16557.68
867,lista-01-base,19479.62
867,lista-02-15up,22401.56
867,lista-03-10off,17531.66
867,lista-04-15off,16557.68
821,lista-01-base,19479.62
821,lista-02-15up,22401.56
821,lista-03-10off,17531.66
821,lista-04-15off,16557.68
781,lista-01-base,24132.02
781,lista-02-15up,27751.82
781,lista-03-10off,21718.82
781,lista-04-15off,20512.22
700,lista-01-base,25698.62
700,lista-02-15up,29553.41
700,lista-03-10off,23128.76
700,lista-04-15off,21843.83
701,lista-01-base,25698.62
701,lista-02-15up,29553.41
701,lista-03-10off,23128.76
701,lista-04-15off,21843.83
869,lista-01-base,26901.48
869,lista-02-15up,30936.7
869,lista-03-10off,24211.33
869,lista-04-15off,22866.26
1184,lista-01-base,19507.39
1184,lista-02-15up,22433.5
1184,lista-03-10off,17556.65
1184,lista-04-15off,16581.28
710,lista-01-base,31305.43
710,lista-02-15up,36001.24
710,lista-03-10off,28174.89
710,lista-04-15off,26609.62
778,lista-01-base,19479.62
778,lista-02-15up,22401.56
778,lista-03-10off,17531.66
778,lista-04-15off,16557.68
1354,lista-01-base,21173.97
1354,lista-02-15up,24350.07
1354,lista-03-10off,19056.57
1354,lista-04-15off,17997.87
1313,lista-01-base,26723.66
1313,lista-02-15up,30732.21
1313,lista-03-10off,24051.29
1313,lista-04-15off,22715.11
1464,lista-01-base,19479.62
1464,lista-02-15up,22401.56
1464,lista-03-10off,17531.66
1464,lista-04-15off,16557.68
1287,lista-01-base,19479.62
1287,lista-02-15up,22401.56
1287,lista-03-10off,17531.66
1287,lista-04-15off,16557.68
1370,lista-01-base,19479.62
1370,lista-02-15up,22401.56
1370,lista-03-10off,17531.66
1370,lista-04-15off,16557.68
792,lista-01-base,19479.62
792,lista-02-15up,22401.56
792,lista-03-10off,17531.66
792,lista-04-15off,16557.68
1489,lista-01-base,9489.44
1489,lista-02-15up,10912.86
1489,lista-03-10off,8540.5
1489,lista-04-15off,8066.02
1481,lista-01-base,9489.44
1481,lista-02-15up,10912.86
1481,lista-03-10off,8540.5
1481,lista-04-15off,8066.02
1319,lista-01-base,19479.62
1319,lista-02-15up,22401.56
1319,lista-03-10off,17531.66
1319,lista-04-15off,16557.68
3017,lista-01-base,2965.47
3017,lista-02-15up,3410.29
3017,lista-03-10off,2668.92
3017,lista-04-15off,2520.65
3030,lista-01-base,32018.8
3030,lista-02-15up,36821.62
3030,lista-03-10off,28816.92
3030,lista-04-15off,27215.98
3011,lista-01-base,5719.42
3011,lista-02-15up,6577.33
3011,lista-03-10off,5147.48
3011,lista-04-15off,4861.51
3024,lista-01-base,2769.38
3024,lista-02-15up,3184.79
3024,lista-03-10off,2492.44
3024,lista-04-15off,2353.97
3016,lista-01-base,4714.08
3016,lista-02-15up,5421.19
3016,lista-03-10off,4242.67
3016,lista-04-15off,4006.97
3018,lista-01-base,6288.69
3018,lista-02-15up,7231.99
3018,lista-03-10off,5659.82
3018,lista-04-15off,5345.39
3026,lista-01-base,4438.95
3026,lista-02-15up,5104.79
3026,lista-03-10off,3995.05
3026,lista-04-15off,3773.11
3020,lista-01-base,4108.45
3020,lista-02-15up,4724.72
3020,lista-03-10off,3697.61
3020,lista-04-15off,3492.18
3022,lista-01-base,5594.49
3022,lista-02-15up,6433.66
3022,lista-03-10off,5035.04
3022,lista-04-15off,4755.32
3028,lista-01-base,1731.77
3028,lista-02-15up,1991.54
3028,lista-03-10off,1558.59
3028,lista-04-15off,1472.0
3062,lista-01-base,179.56
3062,lista-02-15up,206.5
3062,lista-03-10off,161.61
3062,lista-04-15off,152.63
3029,lista-01-base,62.2
3029,lista-02-15up,71.54
3029,lista-03-10off,55.98
3029,lista-04-15off,52.87
3021,lista-01-base,27.85
3021,lista-02-15up,32.03
3021,lista-03-10off,25.07
3021,lista-04-15off,23.67
3052,lista-01-base,78.41
3052,lista-02-15up,90.17
3052,lista-03-10off,70.57
3052,lista-04-15off,66.65
3023,lista-01-base,30.35
3023,lista-02-15up,34.9
3023,lista-03-10off,27.31
3023,lista-04-15off,25.79
3019,lista-01-base,15.64
3019,lista-02-15up,17.99
3019,lista-03-10off,14.08
3019,lista-04-15off,13.3
3025,lista-01-base,37.22
3025,lista-02-15up,42.8
3025,lista-03-10off,33.5
3025,lista-04-15off,31.64
3049,lista-01-base,33.88
3049,lista-02-15up,38.96
3049,lista-03-10off,30.49
3049,lista-04-15off,28.8
3015,lista-01-base,999.55
3015,lista-02-15up,1149.48
3015,lista-03-10off,899.6
3015,lista-04-15off,849.62
3013,lista-01-base,1866.38
3013,lista-02-15up,2146.34
3013,lista-03-10off,1679.74
3013,lista-04-15off,1586.42
3014,lista-01-base,3709.73
3014,lista-02-15up,4266.19
3014,lista-03-10off,3338.76
3014,lista-04-15off,3153.27
3004,lista-01-base,25568.0
3004,lista-02-15up,29403.2
3004,lista-03-10off,23011.2
3004,lista-04-15off,21732.8
3005,lista-01-base,17321.13
3005,lista-02-15up,19919.3
3005,lista-03-10off,15589.02
3005,lista-04-15off,14722.96
3043,lista-01-base,28826.54
3043,lista-02-15up,33150.52
3043,lista-03-10off,25943.89
3043,lista-04-15off,24502.56
3037,lista-01-base,23615.38
3037,lista-02-15up,27157.69
3037,lista-03-10off,21253.84
3037,lista-04-15off,20073.07
3046,lista-01-base,35995.28
3046,lista-02-15up,41394.57
3046,lista-03-10off,32395.75
3046,lista-04-15off,30595.99
3056,lista-01-base,4582.66
3056,lista-02-15up,5270.06
3056,lista-03-10off,4124.39
3056,lista-04-15off,3895.26
3059,lista-01-base,12566.01
3059,lista-02-15up,14450.91
3059,lista-03-10off,11309.41
3059,lista-04-15off,10681.11
3002,lista-01-base,16047.68
3002,lista-02-15up,18454.83
3002,lista-03-10off,14442.91
3002,lista-04-15off,13640.53
3000,lista-01-base,14438.4
3000,lista-02-15up,16604.16
3000,lista-03-10off,12994.56
3000,lista-04-15off,12272.64
3036,lista-01-base,62292.41
3036,lista-02-15up,71636.27
3036,lista-03-10off,56063.17
3036,lista-04-15off,52948.55
3041,lista-01-base,37950.21
3041,lista-02-15up,43642.74
3041,lista-03-10off,34155.19
3041,lista-04-15off,32257.68
3034,lista-01-base,54231.18
3034,lista-02-15up,62365.86
3034,lista-03-10off,48808.06
3034,lista-04-15off,46096.5
3048,lista-01-base,6903.87
3048,lista-02-15up,7939.45
3048,lista-03-10off,6213.48
3048,lista-04-15off,5868.29
3063,lista-01-base,13507.49
3063,lista-02-15up,15533.61
3063,lista-03-10off,12156.74
3063,lista-04-15off,11481.37
3051,lista-01-base,21498.24
3051,lista-02-15up,24722.98
3051,lista-03-10off,19348.42
3051,lista-04-15off,18273.5
3061,lista-01-base,156897.22
3061,lista-02-15up,180431.8
3061,lista-03-10off,141207.5
3061,lista-04-15off,133362.64
3053,lista-01-base,25912.32
3053,lista-02-15up,29799.17
3053,lista-03-10off,23321.09
3053,lista-04-15off,22025.47
3038,lista-01-base,23816.88
3038,lista-02-15up,27389.41
3038,lista-03-10off,21435.19
3038,lista-04-15off,20244.35
3010,lista-01-base,21770.96
3010,lista-02-15up,25036.6
3010,lista-03-10off,19593.86
3010,lista-04-15off,18505.32
3008,lista-01-base,37797.84
3008,lista-02-15up,43467.52
3008,lista-03-10off,34018.06
3008,lista-04-15off,32128.16
3009,lista-01-base,12555.2
3009,lista-02-15up,14438.48
3009,lista-03-10off,11299.68
3009,lista-04-15off,10671.92
60165,lista-01-base,3958.39
60165,lista-02-15up,4552.15
60165,lista-03-10off,3562.55
60165,lista-04-15off,3364.63
60174,lista-01-base,13172.43
60174,lista-02-15up,15148.29
60174,lista-03-10off,11855.19
60174,lista-04-15off,11196.57
60173,lista-01-base,20981.33
60173,lista-02-15up,24128.53
60173,lista-03-10off,18883.2
60173,lista-04-15off,17834.13
60181,lista-01-base,4444.63
60181,lista-02-15up,5111.32
60181,lista-03-10off,4000.17
60181,lista-04-15off,3777.94
60247,lista-01-base,6840.08
60247,lista-02-15up,7866.09
60247,lista-03-10off,6156.07
60247,lista-04-15off,5814.07
60242,lista-01-base,8325.52
60242,lista-02-15up,9574.35
60242,lista-03-10off,7492.97
60242,lista-04-15off,7076.69
60243,lista-01-base,8325.52
60243,lista-02-15up,9574.35
60243,lista-03-10off,7492.97
60243,lista-04-15off,7076.69
60240,lista-01-base,7946.38
60240,lista-02-15up,9138.34
60240,lista-03-10off,7151.74
60240,lista-04-15off,6754.42
60239,lista-01-base,8326.31
60239,lista-02-15up,9575.26
60239,lista-03-10off,7493.68
60239,lista-04-15off,7077.36
60238,lista-01-base,8326.31
60238,lista-02-15up,9575.26
60238,lista-03-10off,7493.68
60238,lista-04-15off,7077.36
60185,lista-01-base,4846.17
60185,lista-02-15up,5573.1
60185,lista-03-10off,4361.55
60185,lista-04-15off,4119.24
60190,lista-01-base,6911.29
60190,lista-02-15up,7947.98
60190,lista-03-10off,6220.16
60190,lista-04-15off,5874.6
60180,lista-01-base,3835.48
60180,lista-02-15up,4410.8
60180,lista-03-10off,3451.93
60180,lista-04-15off,3260.16
60255,lista-01-base,8889.8
60255,lista-02-15up,10223.27
60255,lista-03-10off,8000.82
60255,lista-04-15off,7556.33
60260,lista-01-base,1244.25
60260,lista-02-15up,1430.89
60260,lista-03-10off,1119.83
60260,lista-04-15off,1057.61
60205,lista-01-base,2680.06
60205,lista-02-15up,3082.07
60205,lista-03-10off,2412.05
60205,lista-04-15off,2278.05
60196,lista-01-base,3216.17
60196,lista-02-15up,3698.6
60196,lista-03-10off,2894.55
60196,lista-04-15off,2733.74
60214,lista-01-base,8393.24
60214,lista-02-15up,9652.23
60214,lista-03-10off,7553.92
60214,lista-04-15off,7134.25
60290,lista-01-base,8393.24
60290,lista-02-15up,9652.23
60290,lista-03-10off,7553.92
60290,lista-04-15off,7134.25
60215,lista-01-base,8393.24
60215,lista-02-15up,9652.23
60215,lista-03-10off,7553.92
60215,lista-04-15off,7134.25
60172,lista-01-base,6124.34
60172,lista-02-15up,7042.99
60172,lista-03-10off,5511.91
60172,lista-04-15off,5205.69
60157,lista-01-base,2157.15
60157,lista-02-15up,2480.72
60157,lista-03-10off,1941.44
60157,lista-04-15off,1833.58
60158,lista-01-base,1690.61
60158,lista-02-15up,1944.2
60158,lista-03-10off,1521.55
60158,lista-04-15off,1437.02
60251,lista-01-base,12070.36
60251,lista-02-15up,13880.91
60251,lista-03-10off,10863.32
60251,lista-04-15off,10259.81
60250,lista-01-base,16422.5
60250,lista-02-15up,18885.88
60250,lista-03-10off,14780.25
60250,lista-04-15off,13959.12
60252,lista-01-base,18536.8
60252,lista-02-15up,21317.32
60252,lista-03-10off,16683.12
60252,lista-04-15off,15756.28
60159,lista-01-base,5507.66
60159,lista-02-15up,6333.81
60159,lista-03-10off,4956.89
60159,lista-04-15off,4681.51
60151,lista-01-base,8196.97
60151,lista-02-15up,9426.52
60151,lista-03-10off,7377.27
60151,lista-04-15off,6967.42
60161,lista-01-base,19753.61
60161,lista-02-15up,22716.65
60161,lista-03-10off,17778.25
60161,lista-04-15off,16790.57
60271,lista-01-base,6867.45
60271,lista-02-15up,7897.57
60271,lista-03-10off,6180.7
60271,lista-04-15off,5837.33
60221,lista-01-base,27336.87
60221,lista-02-15up,31437.4
60221,lista-03-10off,24603.18
60221,lista-04-15off,23236.34
60287,lista-01-base,49437.63
60287,lista-02-15up,56853.27
60287,lista-03-10off,44493.87
60287,lista-04-15off,42021.99
60265,lista-01-base,11773.74
60265,lista-02-15up,13539.8
60265,lista-03-10off,10596.37
60265,lista-04-15off,10007.68
60267,lista-01-base,11773.74
60267,lista-02-15up,13539.8
60267,lista-03-10off,10596.37
60267,lista-04-15off,10007.68
60266,lista-01-base,11430.77
60266,lista-02-15up,13145.39
60266,lista-03-10off,10287.69
60266,lista-04-15off,9716.15
63022,lista-01-base,5711.22
63022,lista-02-15up,6567.9
63022,lista-03-10off,5140.1
63022,lista-04-15off,4854.54
60563,lista-01-base,2429.99
60563,lista-02-15up,2794.49
60563,lista-03-10off,2186.99
60563,lista-04-15off,2065.49
60155,lista-01-base,19753.61
60155,lista-02-15up,22716.65
60155,lista-03-10off,17778.25
60155,lista-04-15off,16790.57
60150,lista-01-base,9690.87
60150,lista-02-15up,11144.5
60150,lista-03-10off,8721.78
60150,lista-04-15off,8237.24
60272,lista-01-base,11850.01
60272,lista-02-15up,13627.51
60272,lista-03-10off,10665.01
60272,lista-04-15off,10072.51
60270,lista-01-base,10030.99
60270,lista-02-15up,11535.64
60270,lista-03-10off,9027.89
60270,lista-04-15off,8526.34
60177,lista-01-base,11637.06
60177,lista-02-15up,13382.62
60177,lista-03-10off,10473.35
60177,lista-04-15off,9891.5
60178,lista-01-base,11637.06
60178,lista-02-15up,13382.62
60178,lista-03-10off,10473.35
60178,lista-04-15off,9891.5
60254,lista-01-base,21378.64
60254,lista-02-15up,24585.44
60254,lista-03-10off,19240.78
60254,lista-04-15off,18171.84
60152,lista-01-base,18636.65
60152,lista-02-15up,21432.15
60152,lista-03-10off,16772.99
60152,lista-04-15off,15841.15
60219,lista-01-base,12577.14
60219,lista-02-15up,14463.71
60219,lista-03-10off,11319.43
60219,lista-04-15off,10690.57
60289,lista-01-base,5927.23
60289,lista-02-15up,6816.31
60289,lista-03-10off,5334.51
60289,lista-04-15off,5038.15
60294,lista-01-base,8378.08
60294,lista-02-15up,9634.79
60294,lista-03-10off,7540.27
60294,lista-04-15off,7121.37
60259,lista-01-base,90690.45
60259,lista-02-15up,104294.02
60259,lista-03-10off,81621.4
60259,lista-04-15off,77086.88
60249,lista-01-base,19891.5
60249,lista-02-15up,22875.22
60249,lista-03-10off,17902.35
60249,lista-04-15off,16907.77
60248,lista-01-base,26927.21
60248,lista-02-15up,30966.29
60248,lista-03-10off,24234.49
60248,lista-04-15off,22888.13
11363,lista-01-base,30060.72
11363,lista-02-15up,34569.83
11363,lista-03-10off,27054.65
11363,lista-04-15off,25551.61
11364,lista-01-base,73626.66
11364,lista-02-15up,84670.66
11364,lista-03-10off,66263.99
11364,lista-04-15off,62582.66
11468,lista-01-base,10898.46
11468,lista-02-15up,12533.23
11468,lista-03-10off,9808.61
11468,lista-04-15off,9263.69
11486,lista-01-base,26963.15
11486,lista-02-15up,31007.62
11486,lista-03-10off,24266.84
11486,lista-04-15off,22918.68
11484,lista-01-base,92617.97
11484,lista-02-15up,106510.67
11484,lista-03-10off,83356.17
11484,lista-04-15off,78725.27
97127,lista-01-base,14127.73
97127,lista-02-15up,16246.89
97127,lista-03-10off,12714.96
97127,lista-04-15off,12008.57
11553,lista-01-base,5864.93
11553,lista-02-15up,6744.67
11553,lista-03-10off,5278.44
11553,lista-04-15off,4985.19
11556,lista-01-base,43726.4
11556,lista-02-15up,50285.36
11556,lista-03-10off,39353.76
11556,lista-04-15off,37167.44
11338,lista-01-base,76242.98
11338,lista-02-15up,87679.43
11338,lista-03-10off,68618.68
11338,lista-04-15off,64806.53
11554,lista-01-base,19845.99
11554,lista-02-15up,22822.89
11554,lista-03-10off,17861.39
11554,lista-04-15off,16869.09
11590,lista-01-base,7409.55
11590,lista-02-15up,8520.98
11590,lista-03-10off,6668.6
11590,lista-04-15off,6298.12
11591,lista-01-base,21775.16
11591,lista-02-15up,25041.43
11591,lista-03-10off,19597.64
11591,lista-04-15off,18508.89
11549,lista-01-base,65095.94
11549,lista-02-15up,74860.33
11549,lista-03-10off,58586.35
11549,lista-04-15off,55331.55
11503,lista-01-base,55993.95
11503,lista-02-15up,64393.04
11503,lista-03-10off,50394.56
11503,lista-04-15off,47594.86
11502,lista-01-base,78327.69
11502,lista-02-15up,90076.84
11502,lista-03-10off,70494.92
11502,lista-04-15off,66578.54
11584,lista-01-base,103874.67
11584,lista-02-15up,119455.87
11584,lista-03-10off,93487.2
11584,lista-04-15off,88293.47
11447,lista-01-base,4752.97
11447,lista-02-15up,5465.92
11447,lista-03-10off,4277.67
11447,lista-04-15off,4040.02
11449,lista-01-base,27962.06
11449,lista-02-15up,32156.37
11449,lista-03-10off,25165.85
11449,lista-04-15off,23767.75
11451,lista-01-base,42602.54
11451,lista-02-15up,48992.92
11451,lista-03-10off,38342.29
11451,lista-04-15off,36212.16
11448,lista-01-base,12568.92
11448,lista-02-15up,14454.26
11448,lista-03-10off,11312.03
11448,lista-04-15off,10683.58
11439,lista-01-base,28873.6
11439,lista-02-15up,33204.64
11439,lista-03-10off,25986.24
11439,lista-04-15off,24542.56
11583,lista-01-base,120671.55
11583,lista-02-15up,138772.28
11583,lista-03-10off,108604.4
11583,lista-04-15off,102570.82
11438,lista-01-base,8739.54
11438,lista-02-15up,10050.47
11438,lista-03-10off,7865.59
11438,lista-04-15off,7428.61
11361,lista-01-base,7284.45
11361,lista-02-15up,8377.12
11361,lista-03-10off,6556.01
11361,lista-04-15off,6191.78
11357,lista-01-base,44658.46
11357,lista-02-15up,51357.23
11357,lista-03-10off,40192.61
11357,lista-04-15off,37959.69
11337,lista-01-base,80621.08
11337,lista-02-15up,92714.24
11337,lista-03-10off,72558.97
11337,lista-04-15off,68527.92
11362,lista-01-base,20587.96
11362,lista-02-15up,23676.15
11362,lista-03-10off,18529.16
11362,lista-04-15off,17499.77
11457,lista-01-base,29094.05
11457,lista-02-15up,33458.16
11457,lista-03-10off,26184.65
11457,lista-04-15off,24729.94
11454,lista-01-base,147255.96
11454,lista-02-15up,169344.35
11454,lista-03-10off,132530.36
11454,lista-04-15off,125167.57
11453,lista-01-base,32978.52
11453,lista-02-15up,37925.3
11453,lista-03-10off,29680.67
11453,lista-04-15off,28031.74
11435,lista-01-base,98607.41
11435,lista-02-15up,113398.52
11435,lista-03-10off,88746.67
11435,lista-04-15off,83816.3
11456,lista-01-base,9110.2
11456,lista-02-15up,10476.73
11456,lista-03-10off,8199.18
11456,lista-04-15off,7743.67
11458,lista-01-base,68687.85
11458,lista-02-15up,78991.03
11458,lista-03-10off,61819.07
11458,lista-04-15off,58384.67
11463,lista-01-base,128356.08
11463,lista-02-15up,147609.49
11463,lista-03-10off,115520.47
11463,lista-04-15off,109102.67
11459,lista-01-base,7921.92
11459,lista-02-15up,9110.21
11459,lista-03-10off,7129.73
11459,lista-04-15off,6733.63
11462,lista-01-base,63599.87
11462,lista-02-15up,73139.85
11462,lista-03-10off,57239.88
11462,lista-04-15off,54059.89
11464,lista-01-base,120647.01
11464,lista-02-15up,138744.06
11464,lista-03-10off,108582.31
11464,lista-04-15off,102549.96
11461,lista-01-base,26915.88
11461,lista-02-15up,30953.26
11461,lista-03-10off,24224.29
11461,lista-04-15off,22878.5
11452,lista-01-base,9506.3
11452,lista-02-15up,10932.24
11452,lista-03-10off,8555.67
11452,lista-04-15off,8080.35
11441,lista-01-base,76357.75
11441,lista-02-15up,87811.41
11441,lista-03-10off,68721.98
11441,lista-04-15off,64904.09
11488,lista-01-base,183990.45
11488,lista-02-15up,211589.02
11488,lista-03-10off,165591.41
11488,lista-04-15off,156391.88
11482,lista-01-base,51334.73
11482,lista-02-15up,59034.94
11482,lista-03-10off,46201.26
11482,lista-04-15off,43634.52
11572,lista-01-base,6824.78
11572,lista-02-15up,7848.5
11572,lista-03-10off,6142.3
11572,lista-04-15off,5801.06
11558,lista-01-base,52476.77
11558,lista-02-15up,60348.29
11558,lista-03-10off,47229.09
11558,lista-04-15off,44605.25
11336,lista-01-base,90453.51
11336,lista-02-15up,104021.54
11336,lista-03-10off,81408.16
11336,lista-04-15off,76885.48
11557,lista-01-base,19845.99
11557,lista-02-15up,22822.89
11557,lista-03-10off,17861.39
11557,lista-04-15off,16869.09
11552,lista-01-base,32422.6
11552,lista-02-15up,37285.99
11552,lista-03-10off,29180.34
11552,lista-04-15off,27559.21
11504,lista-01-base,59530.01
11504,lista-02-15up,68459.51
11504,lista-03-10off,53577.01
11504,lista-04-15off,50600.51
11551,lista-01-base,14712.53
11551,lista-02-15up,16919.41
11551,lista-03-10off,13241.28
11551,lista-04-15off,12505.65
11483,lista-01-base,71648.87
11483,lista-02-15up,82396.2
11483,lista-03-10off,64483.98
11483,lista-04-15off,60901.54
11501,lista-01-base,125518.38
11501,lista-02-15up,144346.14
11501,lista-03-10off,112966.54
11501,lista-04-15off,106690.62
11571,lista-01-base,140044.5
11571,lista-02-15up,161051.17
11571,lista-03-10off,126040.05
11571,lista-04-15off,119037.82
11401,lista-01-base,91359.01
11401,lista-02-15up,105062.86
11401,lista-03-10off,82223.11
11401,lista-04-15off,77655.16
11596,lista-01-base,8019.43
11596,lista-02-15up,9222.34
11596,lista-03-10off,7217.49
11596,lista-04-15off,6816.52
11559,lista-01-base,11148.87
11559,lista-02-15up,12821.2
11559,lista-03-10off,10033.98
11559,lista-04-15off,9476.54
11562,lista-01-base,36825.01
11562,lista-02-15up,42348.76
11562,lista-03-10off,33142.51
11562,lista-04-15off,31301.26
11566,lista-01-base,172618.64
11566,lista-02-15up,198511.44
11566,lista-03-10off,155356.78
11566,lista-04-15off,146725.84
11578,lista-01-base,42961.99
11578,lista-02-15up,49406.29
11578,lista-03-10off,38665.79
11578,lista-04-15off,36517.69
11613,lista-01-base,42961.99
11613,lista-02-15up,49406.29
11613,lista-03-10off,38665.79
11613,lista-04-15off,36517.69
11581,lista-01-base,11148.87
11581,lista-02-15up,12821.2
11581,lista-03-10off,10033.98
11581,lista-04-15off,9476.54
11582,lista-01-base,36825.01
11582,lista-02-15up,42348.76
11582,lista-03-10off,33142.51
11582,lista-04-15off,31301.26
11563,lista-01-base,11148.87
11563,lista-02-15up,12821.2
11563,lista-03-10off,10033.98
11563,lista-04-15off,9476.54
11564,lista-01-base,151834.88
11564,lista-02-15up,174610.11
11564,lista-03-10off,136651.39
11564,lista-04-15off,129059.65
11579,lista-01-base,36825.01
11579,lista-02-15up,42348.76
11579,lista-03-10off,33142.51
11579,lista-04-15off,31301.26
11561,lista-01-base,11148.87
11561,lista-02-15up,12821.2
11561,lista-03-10off,10033.98
11561,lista-04-15off,9476.54
11593,lista-01-base,11148.87
11593,lista-02-15up,12821.2
11593,lista-03-10off,10033.98
11593,lista-04-15off,9476.54
11595,lista-01-base,8591.78
11595,lista-02-15up,9880.55
11595,lista-03-10off,7732.6
11595,lista-04-15off,7303.01
11592,lista-01-base,11148.87
11592,lista-02-15up,12821.2
11592,lista-03-10off,10033.98
11592,lista-04-15off,9476.54
11594,lista-01-base,36825.01
11594,lista-02-15up,42348.76
11594,lista-03-10off,33142.51
11594,lista-04-15off,31301.26
11543,lista-01-base,85784.39
11543,lista-02-15up,98652.05
11543,lista-03-10off,77205.95
11543,lista-04-15off,72916.73
11567,lista-01-base,8887.88
11567,lista-02-15up,10221.06
11567,lista-03-10off,7999.09
11567,lista-04-15off,7554.7
11569,lista-01-base,73079.93
11569,lista-02-15up,84041.92
11569,lista-03-10off,65771.94
11569,lista-04-15off,62117.94
11568,lista-01-base,30826.13
11568,lista-02-15up,35450.05
11568,lista-03-10off,27743.52
11568,lista-04-15off,26202.21
11609,lista-01-base,124483.24
11609,lista-02-15up,143155.73
11609,lista-03-10off,112034.92
11609,lista-04-15off,105810.75
11536,lista-01-base,8646.49
11536,lista-02-15up,9943.46
11536,lista-03-10off,7781.84
11536,lista-04-15off,7349.52
11524,lista-01-base,29665.28
11524,lista-02-15up,34115.07
11524,lista-03-10off,26698.75
11524,lista-04-15off,25215.49
11576,lista-01-base,8646.49
11576,lista-02-15up,9943.46
11576,lista-03-10off,7781.84
11576,lista-04-15off,7349.52
11526,lista-01-base,29665.28
11526,lista-02-15up,34115.07
11526,lista-03-10off,26698.75
11526,lista-04-15off,25215.49
11541,lista-01-base,8646.49
11541,lista-02-15up,9943.46
11541,lista-03-10off,7781.84
11541,lista-04-15off,7349.52
11527,lista-01-base,29665.28
11527,lista-02-15up,34115.07
11527,lista-03-10off,26698.75
11527,lista-04-15off,25215.49
11513,lista-01-base,8646.49
11513,lista-02-15up,9943.46
11513,lista-03-10off,7781.84
11513,lista-04-15off,7349.52
11597,lista-01-base,72777.16
11597,lista-02-15up,83693.73
11597,lista-03-10off,65499.44
11597,lista-04-15off,61860.59
11534,lista-01-base,134989.91
11534,lista-02-15up,155238.4
11534,lista-03-10off,121490.92
11534,lista-04-15off,114741.42
11573,lista-01-base,29665.28
11573,lista-02-15up,34115.07
11573,lista-03-10off,26698.75
11573,lista-04-15off,25215.49
11577,lista-01-base,8646.49
11577,lista-02-15up,9943.46
11577,lista-03-10off,7781.84
11577,lista-04-15off,7349.52
11529,lista-01-base,29665.28
11529,lista-02-15up,34115.07
11529,lista-03-10off,26698.75
11529,lista-04-15off,25215.49
11537,lista-01-base,8646.49
11537,lista-02-15up,9943.46
11537,lista-03-10off,7781.84
11537,lista-04-15off,7349.52
11528,lista-01-base,29665.28
11528,lista-02-15up,34115.07
11528,lista-03-10off,26698.75
11528,lista-04-15off,25215.49
11538,lista-01-base,8646.49
11538,lista-02-15up,9943.46
11538,lista-03-10off,7781.84
11538,lista-04-15off,7349.52
11574,lista-01-base,134989.91
11574,lista-02-15up,155238.4
11574,lista-03-10off,121490.92
11574,lista-04-15off,114741.42
11539,lista-01-base,29665.28
11539,lista-02-15up,34115.07
11539,lista-03-10off,26698.75
11539,lista-04-15off,25215.49
11522,lista-01-base,8646.49
11522,lista-02-15up,9943.46
11522,lista-03-10off,7781.84
11522,lista-04-15off,7349.52
11523,lista-01-base,29665.28
11523,lista-02-15up,34115.07
11523,lista-03-10off,26698.75
11523,lista-04-15off,25215.49
11517,lista-01-base,8646.49
11517,lista-02-15up,9943.46
11517,lista-03-10off,7781.84
11517,lista-04-15off,7349.52
11518,lista-01-base,29665.28
11518,lista-02-15up,34115.07
11518,lista-03-10off,26698.75
11518,lista-04-15off,25215.49
11514,lista-01-base,8646.49
11514,lista-02-15up,9943.46
11514,lista-03-10off,7781.84
11514,lista-04-15off,7349.52
11516,lista-01-base,29665.28
11516,lista-02-15up,34115.07
11516,lista-03-10off,26698.75
11516,lista-04-15off,25215.49
11531,lista-01-base,8646.49
11531,lista-02-15up,9943.46
11531,lista-03-10off,7781.84
11531,lista-04-15off,7349.52
11532,lista-01-base,8646.49
11532,lista-02-15up,9943.46
11532,lista-03-10off,7781.84
11532,lista-04-15off,7349.52
11533,lista-01-base,29665.28
11533,lista-02-15up,34115.07
11533,lista-03-10off,26698.75
11533,lista-04-15off,25215.49
11544,lista-01-base,8646.49
11544,lista-02-15up,9943.46
11544,lista-03-10off,7781.84
11544,lista-04-15off,7349.52
11519,lista-01-base,29665.28
11519,lista-02-15up,34115.07
11519,lista-03-10off,26698.75
11519,lista-04-15off,25215.49
11444,lista-01-base,11058.23
11444,lista-02-15up,12716.96
11444,lista-03-10off,9952.41
11444,lista-04-15off,9399.5
11442,lista-01-base,5137.9
11442,lista-02-15up,5908.58
11442,lista-03-10off,4624.11
11442,lista-04-15off,4367.21
11443,lista-01-base,6251.51
11443,lista-02-15up,7189.24
11443,lista-03-10off,5626.36
11443,lista-04-15off,5313.78
11446,lista-01-base,41689.6
11446,lista-02-15up,47943.04
11446,lista-03-10off,37520.64
11446,lista-04-15off,35436.16
11589,lista-01-base,24377.59
11589,lista-02-15up,28034.23
11589,lista-03-10off,21939.83
11589,lista-04-15off,20720.95
11612,lista-01-base,78008.26
11612,lista-02-15up,89709.5
11612,lista-03-10off,70207.43
11612,lista-04-15off,66307.02
11542,lista-01-base,51741.18
11542,lista-02-15up,59502.36
11542,lista-03-10off,46567.06
11542,lista-04-15off,43980.0
11611,lista-01-base,6306.37
11611,lista-02-15up,7252.33
11611,lista-03-10off,5675.73
11611,lista-04-15off,5360.41
11506,lista-01-base,43414.61
11506,lista-02-15up,49926.8
11506,lista-03-10off,39073.15
11506,lista-04-15off,36902.42
3500,lista-01-base,247326.21
3500,lista-02-15up,284425.14
3500,lista-03-10off,222593.59
3500,lista-04-15off,210227.28
3501,lista-01-base,180817.13
3501,lista-02-15up,207939.7
3501,lista-03-10off,162735.42
3501,lista-04-15off,153694.56
101153,lista-01-base,9101.96
101153,lista-02-15up,10467.25
101153,lista-03-10off,8191.76
101153,lista-04-15off,7736.67
11547,lista-01-base,27723.77
11547,lista-02-15up,31882.34
11547,lista-03-10off,24951.39
11547,lista-04-15off,23565.2
11508,lista-01-base,98044.86
11508,lista-02-15up,112751.59
11508,lista-03-10off,88240.37
11508,lista-04-15off,83338.13
11546,lista-01-base,98044.86
11546,lista-02-15up,112751.59
11546,lista-03-10off,88240.37
11546,lista-04-15off,83338.13
11512,lista-01-base,27723.77
11512,lista-02-15up,31882.34
11512,lista-03-10off,24951.39
11512,lista-04-15off,23565.2
11509,lista-01-base,98044.86
11509,lista-02-15up,112751.59
11509,lista-03-10off,88240.37
11509,lista-04-15off,83338.13
101156,lista-01-base,193227.1
101156,lista-02-15up,222211.16
101156,lista-03-10off,173904.39
101156,lista-04-15off,164243.04
101154,lista-01-base,39648.12
101154,lista-02-15up,45595.34
101154,lista-03-10off,35683.31
101154,lista-04-15off,33700.9
101155,lista-01-base,145178.14
101155,lista-02-15up,166954.86
101155,lista-03-10off,130660.33
101155,lista-04-15off,123401.42
101148,lista-01-base,138425.15
101148,lista-02-15up,159188.92
101148,lista-03-10off,124582.63
101148,lista-04-15off,117661.38
101157,lista-01-base,14669.59
101157,lista-02-15up,16870.03
101157,lista-03-10off,13202.63
101157,lista-04-15off,12469.15
11598,lista-01-base,73285.13
11598,lista-02-15up,84277.9
11598,lista-03-10off,65956.62
11598,lista-04-15off,62292.36
101016,lista-01-base,97928.34
101016,lista-02-15up,112617.59
101016,lista-03-10off,88135.51
101016,lista-04-15off,83239.09
101140,lista-01-base,125841.05
101140,lista-02-15up,144717.21
101140,lista-03-10off,113256.95
101140,lista-04-15off,106964.89
101150,lista-01-base,25124.48
101150,lista-02-15up,28893.15
101150,lista-03-10off,22612.03
101150,lista-04-15off,21355.81
101151,lista-01-base,84588.73
101151,lista-02-15up,97277.04
101151,lista-03-10off,76129.86
101151,lista-04-15off,71900.42
101149,lista-01-base,37889.74
101149,lista-02-15up,43573.2
101149,lista-03-10off,34100.77
101149,lista-04-15off,32206.28
101147,lista-01-base,160297.14
101147,lista-02-15up,184341.71
101147,lista-03-10off,144267.43
101147,lista-04-15off,136252.57
11641,lista-01-base,7692.26
11641,lista-02-15up,8846.1
11641,lista-03-10off,6923.03
11641,lista-04-15off,6538.42
11642,lista-01-base,14310.4
11642,lista-02-15up,16456.96
11642,lista-03-10off,12879.36
11642,lista-04-15off,12163.84
11649,lista-01-base,64424.74
11649,lista-02-15up,74088.45
11649,lista-03-10off,57982.27
11649,lista-04-15off,54761.03
11664,lista-01-base,12736.75
11664,lista-02-15up,14647.26
11664,lista-03-10off,11463.08
11664,lista-04-15off,10826.24
11663,lista-01-base,12736.75
11663,lista-02-15up,14647.26
11663,lista-03-10off,11463.08
11663,lista-04-15off,10826.24
11644,lista-01-base,8217.26
11644,lista-02-15up,9449.85
11644,lista-03-10off,7395.53
11644,lista-04-15off,6984.67
11643,lista-01-base,6855.65
11643,lista-02-15up,7884.0
11643,lista-03-10off,6170.09
11643,lista-04-15off,5827.3
11667,lista-01-base,6552.22
11667,lista-02-15up,7535.05
11667,lista-03-10off,5897.0
11667,lista-04-15off,5569.39
11633,lista-01-base,26110.39
11633,lista-02-15up,30026.95
11633,lista-03-10off,23499.35
11633,lista-04-15off,22193.83
11634,lista-01-base,15025.07
11634,lista-02-15up,17278.83
11634,lista-03-10off,13522.56
11634,lista-04-15off,12771.31
11639,lista-01-base,6223.85
11639,lista-02-15up,7157.43
11639,lista-03-10off,5601.47
11639,lista-04-15off,5290.27
11638,lista-01-base,11493.04
11638,lista-02-15up,13217.0
11638,lista-03-10off,10343.74
11638,lista-04-15off,9769.08
97027,lista-01-base,8782.21
97027,lista-02-15up,10099.54
97027,lista-03-10off,7903.99
97027,lista-04-15off,7464.88
101015,lista-01-base,18975.0
101015,lista-02-15up,21821.25
101015,lista-03-10off,17077.5
101015,lista-04-15off,16128.75
40668,lista-01-base,12836.59
40668,lista-02-15up,14762.08
40668,lista-03-10off,11552.93
40668,lista-04-15off,10911.1
1450,lista-01-base,2623880.5
1450,lista-02-15up,3017462.57
1450,lista-03-10off,2361492.45
1450,lista-04-15off,2230298.42
40137,lista-01-base,79.04
40137,lista-02-15up,90.9
40137,lista-03-10off,71.14
40137,lista-04-15off,67.19
40643,lista-01-base,504.11
40643,lista-02-15up,579.73
40643,lista-03-10off,453.7
40643,lista-04-15off,428.49
40645,lista-01-base,715.98
40645,lista-02-15up,823.38
40645,lista-03-10off,644.38
40645,lista-04-15off,608.58
40667,lista-01-base,1744.36
40667,lista-02-15up,2006.01
40667,lista-03-10off,1569.92
40667,lista-04-15off,1482.71
40644,lista-01-base,2253.67
40644,lista-02-15up,2591.72
40644,lista-03-10off,2028.3
40644,lista-04-15off,1915.62
40642,lista-01-base,2732.2
40642,lista-02-15up,3142.03
40642,lista-03-10off,2458.98
40642,lista-04-15off,2322.37
40646,lista-01-base,1744.36
40646,lista-02-15up,2006.01
40646,lista-03-10off,1569.92
40646,lista-04-15off,1482.71
40632,lista-01-base,704.53
40632,lista-02-15up,810.21
40632,lista-03-10off,634.08
40632,lista-04-15off,598.85
40661,lista-01-base,1336.68
40661,lista-02-15up,1537.18
40661,lista-03-10off,1203.01
40661,lista-04-15off,1136.18
40662,lista-01-base,1440.95
40662,lista-02-15up,1657.09
40662,lista-03-10off,1296.86
40662,lista-04-15off,1224.81
15600,lista-01-base,99862.46
15600,lista-02-15up,114841.83
15600,lista-03-10off,89876.21
15600,lista-04-15off,84883.09
1486,lista-01-base,6048.28
1486,lista-02-15up,6955.52
1486,lista-03-10off,5443.45
1486,lista-04-15off,5141.04
14582,lista-01-base,29422.04
14582,lista-02-15up,33835.35
14582,lista-03-10off,26479.84
14582,lista-04-15off,25008.73
14583,lista-01-base,46326.8
14583,lista-02-15up,53275.82
14583,lista-03-10off,41694.12
14583,lista-04-15off,39377.78
14581,lista-01-base,29422.04
14581,lista-02-15up,33835.35
14581,lista-03-10off,26479.84
14581,lista-04-15off,25008.73
14585,lista-01-base,46326.8
14585,lista-02-15up,53275.82
14585,lista-03-10off,41694.12
14585,lista-04-15off,39377.78
14586,lista-01-base,29422.04
14586,lista-02-15up,33835.35
14586,lista-03-10off,26479.84
14586,lista-04-15off,25008.73
14584,lista-01-base,46326.8
14584,lista-02-15up,53275.82
14584,lista-03-10off,41694.12
14584,lista-04-15off,39377.78
65301,lista-01-base,1086.9
65301,lista-02-15up,1249.93
65301,lista-03-10off,978.21
65301,lista-04-15off,923.87
101006,lista-01-base,3382.5
101006,lista-02-15up,3889.87
101006,lista-03-10off,3044.25
101006,lista-04-15off,2875.12
101012,lista-01-base,2887.5
101012,lista-02-15up,3320.62
101012,lista-03-10off,2598.75
101012,lista-04-15off,2454.38
14271,lista-01-base,1056.41
14271,lista-02-15up,1214.87
14271,lista-03-10off,950.77
14271,lista-04-15off,897.95
14247,lista-01-base,1262.54
14247,lista-02-15up,1451.92
14247,lista-03-10off,1136.29
14247,lista-04-15off,1073.16
14248,lista-01-base,1463.23
14248,lista-02-15up,1682.71
14248,lista-03-10off,1316.91
14248,lista-04-15off,1243.75
14278,lista-01-base,528.62
14278,lista-02-15up,607.91
14278,lista-03-10off,475.76
14278,lista-04-15off,449.32
14232,lista-01-base,777.99
14232,lista-02-15up,894.69
14232,lista-03-10off,700.19
14232,lista-04-15off,661.29
14234,lista-01-base,1023.59
14234,lista-02-15up,1177.13
14234,lista-03-10off,921.23
14234,lista-04-15off,870.05
14233,lista-01-base,900.5
14233,lista-02-15up,1035.58
14233,lista-03-10off,810.45
14233,lista-04-15off,765.43
14235,lista-01-base,1270.64
14235,lista-02-15up,1461.24
14235,lista-03-10off,1143.58
14235,lista-04-15off,1080.04
14236,lista-01-base,1294.96
14236,lista-02-15up,1489.2
14236,lista-03-10off,1165.46
14236,lista-04-15off,1100.72
14237,lista-01-base,1371.78
14237,lista-02-15up,1577.55
14237,lista-03-10off,1234.6
14237,lista-04-15off,1166.01
14277,lista-01-base,1383.25
14277,lista-02-15up,1590.74
14277,lista-03-10off,1244.92
14277,lista-04-15off,1175.76
14238,lista-01-base,1442.71
14238,lista-02-15up,1659.12
14238,lista-03-10off,1298.44
14238,lista-04-15off,1226.3
14239,lista-01-base,1535.72
14239,lista-02-15up,1766.08
14239,lista-03-10off,1382.15
14239,lista-04-15off,1305.36
14240,lista-01-base,1826.47
14240,lista-02-15up,2100.44
14240,lista-03-10off,1643.82
14240,lista-04-15off,1552.5
14241,lista-01-base,1983.92
14241,lista-02-15up,2281.51
14241,lista-03-10off,1785.53
14241,lista-04-15off,1686.33
14242,lista-01-base,2162.28
14242,lista-02-15up,2486.62
14242,lista-03-10off,1946.05
14242,lista-04-15off,1837.94
14243,lista-01-base,2389.21
14243,lista-02-15up,2747.59
14243,lista-03-10off,2150.29
14243,lista-04-15off,2030.83
101089,lista-01-base,5388.31
101089,lista-02-15up,6196.56
101089,lista-03-10off,4849.48
101089,lista-04-15off,4580.06
