Item Number,Descripcion,KG X Caja,UM Cj x Palet,FINAL C/IVA,PRECIO X KG
807.525,Lamb Weston Corte Fino 7 mm 5 bls x 2,5 kg,12.5,cj,60,$60.000,$4.800
807.822,Lamb Weston Corte Fino 7 mm 8 bls x 2,25 kg,18,cj,48,$86.000,$4.778
809.625,Lamb Weston Corte Tradicional 9 mm 6 bls x 2,5 kg,15,cj,60,$65.000,$4.333
818.525,Lamb Weston Corte Steakhouse 12 MM 5 x 2,5 kg,12.5,cj,60,$54.000,$4.320
100.084,BUTLER CORTE TRADICIONAL 9 MM 6 un x 2,5 Kg,15,cj,60,$54.000,$3.600
100.083,BUTLER CORTE TRADICIONAL 9 MM 6 un x 2,0 Kg,12,cj,75,$40.000,$3.333
100.082,BUTLER CORTE FINO X 7 MM 8 un x 2,25 Kg,18,cj,48,$68.000,$3.778
LW 503,LAMB WESTON Dippers (canoas) 5 x 2 Kg,10,cj,90,$52.000,$5.200
LW 505,LAMB WESTON Stealth Frites 9 15KG,15,CJ,90,$71.000,$4.733
LW 505,LAMB WESTON Stealth Frites 9 mm 5 x 2 Kg,10,cj,90,$47.500,$4.750
LW 509,LAMB WESTON Crisscut (papa Rejilla) 5 x 2 kg,10,cj,90,$60.000,$6.000
LW 507,LAMB WESTON Rusticas (gajos Sab. Ondulados) 5 x 2 Kg,10,cj,90,$52.000,$5.200