id,slug,title,category,price,originalPrice,currentStock,handleStock,type,featured,description,images,options
6806a2260ba1a600048ea430,combo-60-soquetes-animados_6806a2260ba1a600048ea430,COMBO 60 SOQUETES ANIMADOS,COMBOS,60000,0,0,false,available,true,"El combo incluye 60 soquetes animados

Podes surtirlo de talles para niños y adultos.

Más de 100 personajes disponibles.
",https://pency-images.nyc3.digitaloceanspaces.com/mayoristabmg/1745263453674.jpg,[]
6808cb6a55e3d00004c5a7df,mochila-3-en-1_6808cb6a55e3d00004c5a7df,MOCHILA 3 EN 1,MARROQUINERIA,50000,0,0,false,available,false,"El precio es por una mochila.

(Incluye lonchera térmica y cartuchera)

La compra mínima es de $50.000 (Podes llevar la cantidad que quieras de cada artículo y surtir tu compra, los precios ya son por mayor)",https://pency-images.nyc3.digitaloceanspaces.com/bmgmayorista/1745406568013.jpg | https://pency-images.nyc3.digitaloceanspaces.com/bmgmayorista/1745406573334.jpg | https://pency-images.nyc3.digitaloceanspaces.com/bmgmayorista/1745406577683.jpg | https://pency-images.nyc3.digitaloceanspaces.com/bmgmayorista/1745406583929.jpg,[]
6808cd6961f3ad00041a0974,llavero-de-capibara_6808cd6961f3ad00041a0974,LLAVERO DE CAPIBARA,NOVEDADES,3500,0,0,false,available,false,"- Variedad de modelos capibara
- Material resistente

Compra mínima de $50.000 (Podes surtirla con la cantidad de artículos que quieras)",https://pency-images.nyc3.digitaloceanspaces.com/bmgmayorista/1745407090764.jpg | https://pency-images.nyc3.digitaloceanspaces.com/bmgmayorista/1745407105106.jpg | https://pency-images.nyc3.digitaloceanspaces.com/bmgmayorista/1745407118149.jpg | https://pency-images.nyc3.digitaloceanspaces.com/bmgmayorista/1745407133543.jpg,[]
6808ce8806ca020004cf0e95,llaveros-animados_6808ce8806ca020004cf0e95,LLAVEROS ANIMADOS,NOVEDADES,3500,0,0,false,available,false,"- Variedad de modelos y personajes
- Material resistente

Compra mínima de $50.000 (Podes surtirla con la cantidad de artículos que quieras)",https://pency-images.nyc3.digitaloceanspaces.com/bmgmayorista/1745407437719.jpg | https://pency-images.nyc3.digitaloceanspaces.com/bmgmayorista/1745407505909.jpg | https://pency-images.nyc3.digitaloceanspaces.com/bmgmayorista/1745407522490.jpg | https://pency-images.nyc3.digitaloceanspaces.com/bmgmayorista/1745407536931.jpg,[]
6808cf50f7c7090004d3a961,naipes-uno_6808cf50f7c7090004d3a961,"NAIPES ""UNO""",NOVEDADES,2000,0,0,false,available,false,"juego de naipes.

Compra mínima de $50.000 (Podes surtirla con la cantidad de artículos que quieras)",https://pency-images.nyc3.digitaloceanspaces.com/bmgmayorista/1745407781513.jpg,[]
6808cf9ab81c5f00044d5eb3,termo-acero-inoxidable_6808cf9ab81c5f00044d5eb3,TERMO ACERO INOXIDABLE,BAZAR,17500,0,0,false,available,false,"- Presentado en caja
- Incluye estuche
- Acero inoxidable

Compra mínima de $50.000 (Podes surtirla con la cantidad de artículos que quieras)",https://pency-images.nyc3.digitaloceanspaces.com/bmgmayorista/1745407872204.jpg | https://pency-images.nyc3.digitaloceanspaces.com/bmgmayorista/1745407876787.jpg,[]
6808d0563197610004e9245b,botella-sport-750ml_6808d0563197610004e9245b,BOTELLA SPORT 750ML,BAZAR,19000,0,0,false,available,false,"- Colores variados.
- Térmica frío/calor
- Incluye limpiador
- Materiales resistentes

Compra mínima de $50.000 (Podes surtirla con la cantidad de artículos que quieras)",https://pency-images.nyc3.digitaloceanspaces.com/bmgmayorista/1745408037073.jpg | https://pency-images.nyc3.digitaloceanspaces.com/bmgmayorista/1745408040806.jpg,[]
6808d144625daf00047e1cc5,repasador-economicos_6808d144625daf00047e1cc5,REPASADOR ECONOMICOS,BLANQUERIA Y NOVEDADES,1500,0,0,false,unavailable,false,"El precio es por un repasador.

La compra mínima es de $50.000 (Podes llevar la cantidad que quieras de cada artículo y surtir tu compra, los precios ya son por mayor)",https://pency-images.nyc3.digitaloceanspaces.com/bmgmayorista/1745408258965.jpg | https://pency-images.nyc3.digitaloceanspaces.com/bmgmayorista/1745408271481.jpg,[]
6808d212625daf00047e1cc8,repasador-art-973_6808d212625daf00047e1cc8,REPASADOR ART 973,BLANQUERIA Y NOVEDADES,2500,0,0,false,hidden,false,"- Algodón
- Color/diseño unico

Compra mínima de $50.000 (Podes surtirla con la cantidad de artículos que quieras)",https://pency-images.nyc3.digitaloceanspaces.com/bmgmayorista/1745408485360.jpg | https://pency-images.nyc3.digitaloceanspaces.com/bmgmayorista/1745408527027.jpg,[]
6808d41bf0bafe000465a255,juego-de-sabanas-2-12-plazas_6808d41bf0bafe000465a255,JUEGO DE SÁBANAS 2 1/2 PLAZAS,BLANQUERIA Y NOVEDADES,13000,0,0,false,available,false,"- Variedad de diseños y estampas
- 180 hilos

Compra mínima de $50.000 (Podes surtirla con la cantidad de artículos que quieras)",https://pency-images.nyc3.digitaloceanspaces.com/bmgmayorista/1745409004244.jpg,[]
6808d4c13b260c0004dd1a2d,juego-de-sabanas-1-12-plazas_6808d4c13b260c0004dd1a2d,JUEGO DE SÁBANAS 1 1/2 PLAZAS,BLANQUERIA Y NOVEDADES,10500,0,0,false,available,false,"- Variedad de diseños y estampas
- 180 hilos

Compra mínima de $50.000 (Podes surtirla con la cantidad de artículos que quieras)",https://pency-images.nyc3.digitaloceanspaces.com/bmgmayorista/1745409175682.jpg,[]
6808d63ff3178f000406fa66,mantel-eco-cuero-140x200-m_6808d63ff3178f000406fa66,MANTEL ECO CUERO 1.40X2.00 M,BLANQUERIA Y NOVEDADES,10500,0,0,false,available,false,"- Medida: 1,40 x 2,00
- Variedad de estampas y colores

Compra mínima de $50.000 (Podes surtirla con la cantidad de artículos que quieras)",https://pency-images.nyc3.digitaloceanspaces.com/bmgmayorista/1745409451683.jpg | https://pency-images.nyc3.digitaloceanspaces.com/bmgmayorista/1745409549818.jpg,[]
6808d6acf3178f000406fa67,juego-toalla-y-toallon-wossen_6808d6acf3178f000406fa67,JUEGO TOALLA Y TOALLON “WOSSEN”,BLANQUERIA Y NOVEDADES,15000,0,0,false,available,false,"- Variedad de colores
- Incluye toalla y toallón

Compra mínima de $50.000 (Podes surtirla con la cantidad de artículos que quieras)",https://pency-images.nyc3.digitaloceanspaces.com/bmgmayorista/1745409692185.jpg | https://pency-images.nyc3.digitaloceanspaces.com/bmgmayorista/1745409705369.jpg,[]
6808d9502f28fc00048686ee,toallon-poncho-infantil_6808d9502f28fc00048686ee,TOALLÓN PONCHO INFANTIL,BLANQUERIA Y NOVEDADES,11500,0,0,false,available,false,"- Variedad de diseños y personajes
- Niños y niñas

Compra mínima de $50.000 (Podes surtirla con la cantidad de artículos que quieras)",https://pency-images.nyc3.digitaloceanspaces.com/bmgmayorista/1745410332400.jpg | https://pency-images.nyc3.digitaloceanspaces.com/bmgmayorista/1745410337842.jpg | https://pency-images.nyc3.digitaloceanspaces.com/bmgmayorista/1745410342780.jpg,[]
6808d99fcf60490004aecbe3,cortina-de-bano-de-pvc_6808d99fcf60490004aecbe3,CORTINA DE BAÑO DE PVC,BLANQUERIA Y NOVEDADES,6000,0,0,false,available,false,"- Gran variedad de diseños disponibles
- Incluye cortina blanca para interior

Compra mínima de $50.000 (Podes surtirla con la cantidad de artículos que quieras)",https://pency-images.nyc3.digitaloceanspaces.com/bmgmayorista/1745410443335.jpg,[]
68092a4a7b096f00046bfec4,gorras-de-marcas_68092a4a7b096f00046bfec4,GORRAS DE MARCAS,GORRAS DE VERANO,15000,0,0,false,available,false,"El precio es por una gorra.

La compra mínima es de $50.000 (Podes llevar la cantidad que quieras de cada artículo y surtir tu compra, los precios ya son por mayor)",https://pency-images.nyc3.digitaloceanspaces.com/bmgmayorista/1745431074609.jpg | https://pency-images.nyc3.digitaloceanspaces.com/bmgmayorista/1745431094077.jpg,[]
68092bb47b096f00046bfec9,capelina-con-orejitas-nena_68092bb47b096f00046bfec9,CAPELINA CON OREJITAS NENA,GORRAS DE VERANO,15000,0,0,false,available,false,"El precio es por una capelina.

La compra mínima es de $50.000 (Podes llevar la cantidad que quieras de cada artículo y surtir tu compra, los precios ya son por mayor)",https://pency-images.nyc3.digitaloceanspaces.com/bmgmayorista/1745431360220.jpg | https://pency-images.nyc3.digitaloceanspaces.com/bmgmayorista/1745431390492.jpg,[]
680936d8cc71820004c437f6,gorra-lisa-poliester_680936d8cc71820004c437f6,GORRA LISA POLIESTER,GORRAS DE VERANO,5000,0,0,false,available,false,"El precio es por una gorra.

La compra mínima es de $50.000 (Podes llevar la cantidad que quieras de cada artículo y surtir tu compra, los precios ya son por mayor)",https://pency-images.nyc3.digitaloceanspaces.com/bmgmayorista/1745434291966.jpg | https://pency-images.nyc3.digitaloceanspaces.com/bmgmayorista/1745434308655.jpg,[]
680938dfa4b14c00041e3754,gorra-infantil_680938dfa4b14c00041e3754,GORRA INFANTIL,GORRAS DE VERANO,5000,0,0,false,available,false,"El precio es por un par de medias invisibles animadas.

La compra mínima es de $50.000 (Podes llevar la cantidad que quieras de cada artículo y surtir tu compra, los precios ya son por mayor)",https://pency-images.nyc3.digitaloceanspaces.com/bmgmayorista/1745434785770.jpg | https://pency-images.nyc3.digitaloceanspaces.com/bmgmayorista/1745434791164.jpg,[]
6809655f776ca200047083cb,combo-mixto-medias-34-soquetes-animados_6809655f776ca200047083cb,COMBO MIXTO (MEDIAS 3/4 + SOQUETES ANIMADOS),COMBOS,0,0,0,false,variant,true,"El combo incluye tenis animadas y soquetes animados. 

Debe elegir uno de los dos combos disponibles: 24 y 24 o 30 y 30 de cada uno",https://pency-images.nyc3.digitaloceanspaces.com/bmgmayorista/1747688648725.jpg,"[{""options"":[{""currentStock"":0,""handleStock"":false,""enabled"":true,""title"":""24 Medias 3/4 + 24 Soquetes animados"",""id"":""8wV7uR-q5b"",""price"":65000},{""currentStock"":0,""handleStock"":false,""enabled"":true,""title"":""30 Medias 3/4 + 30 Soquetes animados"",""id"":""ZHgGnaD8FE"",""price"":80000}],""count"":1,""required"":true,""value"":[],""title"":""Cantidades"",""id"":""c8bD3Lh9D""}]"
68306c4f4da4c2000449f14a,combo-48-tenis-animadasmarcas_68306c4f4da4c2000449f14a,COMBO 48 TENIS ANIMADAS/MARCAS,COMBOS,82000,0,0,false,available,false,"El combo incluye 48 (4 docenas) de tenis animadas y de marcas.

Talles para adultos y niños
Diseños variados y surtidos",https://pency-images.nyc3.digitaloceanspaces.com/bmgmayorista/1748003842693.jpg | https://pency-images.nyc3.digitaloceanspaces.com/bmgmayorista/1748003849777.jpg | https://pency-images.nyc3.digitaloceanspaces.com/bmgmayorista/1748003856122.jpg,[]
685ae40aa9b8640004a8e575,perfume-arabe-club-de-nuit-105ml_685ae40aa9b8640004a8e575,"PERFUME ÁRABE ""CLUB DE NUIT"" 105ML",PERFUMES,22300,34000,0,false,promotional,false,"El precio equivale a un perfume.

Perfume árabe Club de Nuit intense Man",https://pency-images.nyc3.digitaloceanspaces.com/bmgmayorista/1750787070522.jpg,[]
685ae4744e0f7a00049e1f4b,perfume-arabe-amber-oud-105ml_685ae4744e0f7a00049e1f4b,"PERFUME ÁRABE ""AMBER OUD""  105ML",PERFUMES,30800,45000,0,false,promotional,false,"El precio equivale a un perfume.

Perfume Árabe HARAMAIN Amber Oud",https://pency-images.nyc3.digitaloceanspaces.com/bmgmayorista/1750787099012.jpg | https://pency-images.nyc3.digitaloceanspaces.com/bmgmayorista/1750787102718.jpg,[]
685c6a2766443e00047238b7,manta-flanel-lisa-2-plazas_685c6a2766443e00047238b7,MANTA FLANEL LISA 2 PLAZAS,BLANQUERIA Y NOVEDADES,25000,0,0,false,available,false,"- 2 plazas 
- Tiene polar 

Compra mínima de $50.000 (Podes surtirla con la cantidad de artículos que quieras)",https://pency-images.nyc3.digitaloceanspaces.com/bmgmayorista/1750886926308.jpg,[]
6877e397ec07430004761282,frazada-para-bebe-x-2-unidades_6877e397ec07430004761282,FRAZADA PARA BEBÉ X 2 UNIDADES,BLANQUERIA Y NOVEDADES,20000,0,0,false,available,false,"- Antialegicas
- 100 x 130 cm",https://pency-images.nyc3.digitaloceanspaces.com/bmgmayorista/1752687397461.jpg | https://pency-images.nyc3.digitaloceanspaces.com/bmgmayorista/1752687404751.jpg | https://pency-images.nyc3.digitaloceanspaces.com/bmgmayorista/1752687409122.jpg,[]
6877f20a45cea10004ebc396,frazada-2-12-plazas-terrenal_6877f20a45cea10004ebc396,"FRAZADA 2 1/2 PLAZAS ""TERRENAL""",BLANQUERIA Y NOVEDADES,25000,0,0,false,available,false,"Terminacion con costura detallada y acabado de razo..
200 x 240 cm

MARCA TERRENAL",https://pency-images.nyc3.digitaloceanspaces.com/bmgmayorista/1752691025295.jpg | https://pency-images.nyc3.digitaloceanspaces.com/bmgmayorista/1752691041553.jpg,[]
6877f25f7118860004171422,frazada-1-12-plazas-terrenal_6877f25f7118860004171422,"FRAZADA 1 1/2 PLAZAS ""TERRENAL""",BLANQUERIA Y NOVEDADES,18500,0,0,false,available,false,"Terminacion con costura detallada y acabado de razo..

90 X 190 CM

MARCA TERRENAL",https://pency-images.nyc3.digitaloceanspaces.com/bmgmayorista/1752691216923.jpg | https://pency-images.nyc3.digitaloceanspaces.com/bmgmayorista/1752691226185.jpg,[]
687829b1fa95a9000460d440,sonny-angel-labubu-y-fruta-decorativo-oferton_687829b1fa95a9000460d440,SONNY ANGEL LABUBU Y FRUTA DECORATIVO OFERTON,JUGUETES,2000,0,0,false,available,false,"- JUGUETE SORPRESA, ADAPTATIVO A CUALQUIER TIPO DE DISPOSITIVO. VIENE EN CAJA SELLADA Y PUEDE TOCAR CUALQUIERA DE 12 VARIANTES.",https://pency-images.nyc3.digitaloceanspaces.com/bmgmayorista/1752705292890.jpg | https://pency-images.nyc3.digitaloceanspaces.com/bmgmayorista/1752705297811.jpg,[]
68782bc0fa95a9000460d444,llavero-labubu-con-ropa_68782bc0fa95a9000460d444,LLAVERO LABUBU CON ROPA,JUGUETES,25000,0,0,false,available,false,"- LLAVERO LABUBU MONSTER. EDICION LIMITADA COCA COLA. EMPAQUE SORPRESA, PUEDEN TOCAR 2 DISEÑOS DIFERENTES Y UNO MISTERIOSO. CADA MODELO VIENE CON ROPA.",https://pency-images.nyc3.digitaloceanspaces.com/bmgmayorista/1752705975587.jpg,[]
68782da9575f4d0004f4c0de,peluche-capibara-con-luz-y-sonido_68782da9575f4d0004f4c0de,PELUCHE CAPIBARA CON LUZ Y SONIDO,JUGUETES,25000,0,0,false,available,false,- PELUCHE DE CAPIBARA CON LUZ Y SONIDO. 3 DIFERENTES MODOS. SE ACTIVA DESDE LA PATA DERECHA. FUNCIONA A PILAS QUE SE COLOCAN DESDE LA PARTE DE ATRAS.,https://pency-images.nyc3.digitaloceanspaces.com/bmgmayorista/1752706369488.jpg | https://pency-images.nyc3.digitaloceanspaces.com/bmgmayorista/1752706373478.jpg,[]
687fd63de04629000442baa5,monedero-capibara_687fd63de04629000442baa5,MONEDERO CAPIBARA,JUGUETES,10000,0,0,false,available,false,,https://pency-images.nyc3.digitaloceanspaces.com/bmgmayorista/1753208249479.jpg | https://pency-images.nyc3.digitaloceanspaces.com/bmgmayorista/1753208259126.jpg | https://pency-images.nyc3.digitaloceanspaces.com/bmgmayorista/1753208263168.jpg,[]
687fdb2caafbe40004ebc612,dispenser-mini-pato-y-capibara_687fdb2caafbe40004ebc612,DISPENSER MINI PATO Y CAPIBARA,JUGUETES,5000,0,0,false,available,false,"Dispenser mini para niños, modelos de pato y capibara",https://pency-images.nyc3.digitaloceanspaces.com/bmgmayorista/1753209533667.jpg | https://pency-images.nyc3.digitaloceanspaces.com/bmgmayorista/1753209538894.jpg,[]
687ffe74d760110004860432,monopatin-de-capibara-con-luces-y-musica_687ffe74d760110004860432,MONOPATIN DE CAPIBARA CON LUCES Y MUSICA,JUGUETES,60000,0,0,false,available,false,"Monopatin de capibara
Tiene luces y musica
Es plegable
Variedad de colores",https://pency-images.nyc3.digitaloceanspaces.com/bmgmayorista/1753218593954.jpg | https://pency-images.nyc3.digitaloceanspaces.com/bmgmayorista/1753218599420.jpg | https://pency-images.nyc3.digitaloceanspaces.com/bmgmayorista/1753218616634.jpg | https://pency-images.nyc3.digitaloceanspaces.com/bmgmayorista/1753218623574.jpg,[]
688002d4f0c4760004bc0aa7,set-x3-munecos-chifles_688002d4f0c4760004bc0aa7,SET X3 MUÑECOS CHIFLES,JUGUETES,12000,0,0,false,available,false,El precio es por el pack de 3 muñecos,https://pency-images.nyc3.digitaloceanspaces.com/bmgmayorista/1753219770828.jpg,[]
6880082c41e2e8000499747d,cabeza-musical-labubu-oferta_6880082c41e2e8000499747d,CABEZA MUSICAL LABUBU OFERTA,JUGUETES,10000,0,0,false,available,false,Labubu sorpresa en bolsa,https://pency-images.nyc3.digitaloceanspaces.com/bmgmayorista/1753221044108.jpg | https://pency-images.nyc3.digitaloceanspaces.com/bmgmayorista/1753221048947.jpg,[]
688008740416e700046fdf41,labubu-candy-sorpresa-oferta_688008740416e700046fdf41,LABUBU CANDY SORPRESA OFERTA,JUGUETES,9000,0,0,false,available,false,"Labubu tamaño y estilo llavero
Diseño sorpresa",https://pency-images.nyc3.digitaloceanspaces.com/bmgmayorista/1753221198108.jpg,[]
688008bb0416e700046fdf42,labubu-con-ropa-en-caja-transparente_688008bb0416e700046fdf42,LABUBU CON ROPA EN CAJA TRANSPARENTE,JUGUETES,24000,0,0,false,available,false,,https://pency-images.nyc3.digitaloceanspaces.com/bmgmayorista/1753221265760.jpg,[]
688010cbd68cda0004271963,piloto-de-lluvia-infantil_688010cbd68cda0004271963,PILOTO DE LLUVIA INFANTIL,NOVEDADES,15000,0,0,false,available,false,"100% NILON
TALLES AJUSTABLES DEL 5 AL 16
4 DISEÑOS DISPONIBLES",https://pency-images.nyc3.digitaloceanspaces.com/bmgmayorista/1753223317682.jpg | https://pency-images.nyc3.digitaloceanspaces.com/bmgmayorista/1753223321302.jpg | https://pency-images.nyc3.digitaloceanspaces.com/bmgmayorista/1753223328503.jpg | https://pency-images.nyc3.digitaloceanspaces.com/bmgmayorista/1753223336595.jpg,[]
6880123c9e463c00046ed0c0,peluche-labubu-gigante_6880123c9e463c00046ed0c0,PELUCHE LABUBU GIGANTE,JUGUETES,36000,0,0,false,available,false,3 DISEÑOS DISPONIBLES,https://pency-images.nyc3.digitaloceanspaces.com/bmgmayorista/1753223662434.jpg | https://pency-images.nyc3.digitaloceanspaces.com/bmgmayorista/1753223666305.jpg | https://pency-images.nyc3.digitaloceanspaces.com/bmgmayorista/1753223670412.jpg | https://pency-images.nyc3.digitaloceanspaces.com/bmgmayorista/1753223675198.jpg,[]
688408fe53a62100046f6aab,slime-chico_688408fe53a62100046f6aab,SLIME CHICO ,JUGUETES,1500,0,0,false,available,false,"- SLIME DE ALIEN, TORTUGA, PAPITA, SAPO, PERRITO Y ANIMALES. CON BOLITAS DE COLORES. 6 COLORES DIFERENTES DISPONIBLES.",https://pency-images.nyc3.digitaloceanspaces.com/bmgmayorista/1753483374559.jpg | https://pency-images.nyc3.digitaloceanspaces.com/bmgmayorista/1753483408235.jpg | https://pency-images.nyc3.digitaloceanspaces.com/bmgmayorista/1753483413133.jpg | https://pency-images.nyc3.digitaloceanspaces.com/bmgmayorista/1753483418506.jpg,[]
68840a8553a62100046f6aac,slime-mediano_68840a8553a62100046f6aac,SLIME MEDIANO,JUGUETES,4000,0,0,false,available,false,"- SLIME MEDIANO DE POPIT, ZAPATILLA NIKE, CUBO RUBIK, PELOTA FUTBOL. CON BOLITAS DE COLORES. 4 COLORES DIFERENTES DISPONIBLES.",https://pency-images.nyc3.digitaloceanspaces.com/bmgmayorista/1753483683729.jpg | https://pency-images.nyc3.digitaloceanspaces.com/bmgmayorista/1753483688389.jpg | https://pency-images.nyc3.digitaloceanspaces.com/bmgmayorista/1753483691662.jpg | https://pency-images.nyc3.digitaloceanspaces.com/bmgmayorista/1753483695385.jpg,[]
68840b6753a62100046f6aae,slime-grande-munecos_68840b6753a62100046f6aae,SLIME GRANDE MUÑECOS,JUGUETES,5000,0,0,false,available,false,"- SLIME GRANDE CON MUÑECOS DE ASTRONAUTA, CAPIBARA, PRINCESA. CON BOLITAS GLITTER. 4 COLORES DIFERENTES DISPONIBLES.",https://pency-images.nyc3.digitaloceanspaces.com/bmgmayorista/1753484038178.jpg | https://pency-images.nyc3.digitaloceanspaces.com/bmgmayorista/1753484043369.jpg | https://pency-images.nyc3.digitaloceanspaces.com/bmgmayorista/1753484046325.jpg | https://pency-images.nyc3.digitaloceanspaces.com/bmgmayorista/1753484049123.jpg,[]
68840d0fd4311300046763f5,squishy-oreopulpo_68840d0fd4311300046763f5,SQUISHY OREO/PULPO,JUGUETES,4000,0,0,false,available,false,- SQUISHY DE OREO Y PULPO. OREOS VIENEN EN DOS COLORES. PULPOS EN 6 COLORES DIFERENTES.,https://pency-images.nyc3.digitaloceanspaces.com/bmgmayorista/1753484396786.jpg | https://pency-images.nyc3.digitaloceanspaces.com/bmgmayorista/1753484400334.jpg | https://pency-images.nyc3.digitaloceanspaces.com/bmgmayorista/1753484405027.jpg,[]
68840dc5d4311300046763f8,squishy-ardilladino-rexfrutillabanana_68840dc5d4311300046763f8,SQUISHY ARDILLA/DINO REX/FRUTILLA/BANANA,JUGUETES,3000,0,0,false,available,false,"- SQUISHY DE ARDILLA, DINO REX, FRUTILLA Y BANANA. VAROS COLOSRES DISPONIBLES EN TODOS LOS MODELOS. ",https://pency-images.nyc3.digitaloceanspaces.com/bmgmayorista/1753484672959.jpg | https://pency-images.nyc3.digitaloceanspaces.com/bmgmayorista/1753484676545.jpg | https://pency-images.nyc3.digitaloceanspaces.com/bmgmayorista/1753484680209.jpg | https://pency-images.nyc3.digitaloceanspaces.com/bmgmayorista/1753484683965.jpg,[]
6884de9743d0280004d459cd,squishy-calverapatitomurcielagopelota-pastel_6884de9743d0280004d459cd,SQUISHY CALVERA/PATITO/MURCIELAGO/PELOTA PASTEL,JUGUETES,3000,0,0,false,available,false,"- SQUISHY DE CALAVERA, PATITO, MURCIELAGO, PELOTA PASTEL. ",https://pency-images.nyc3.digitaloceanspaces.com/bmgmayorista/1753538123568.jpg | https://pency-images.nyc3.digitaloceanspaces.com/bmgmayorista/1753538127249.jpg | https://pency-images.nyc3.digitaloceanspaces.com/bmgmayorista/1753538131207.jpg | https://pency-images.nyc3.digitaloceanspaces.com/bmgmayorista/1753538135776.jpg,[]
688a9c621006a700042d19b5,velador-capibara-25057_688a9c621006a700042d19b5,VELADOR  CAPIBARA (25057),JUGUETES,17500,0,0,false,available,false,"Lampara de ecritorio capibara
Tiempo estimado de uso 3hs
bateria de 250mah
Carga por USB",https://pency-images.nyc3.digitaloceanspaces.com/bmgmayorista/1753914366225.jpg | https://pency-images.nyc3.digitaloceanspaces.com/bmgmayorista/1753914371661.jpg | https://pency-images.nyc3.digitaloceanspaces.com/bmgmayorista/1753914445322.jpg,[]
688a9ddc03116800046fec8a,velador-capibara-25137_688a9ddc03116800046fec8a,VELADOR CAPIBARA (25137),JUGUETES,14000,0,0,false,available,false,"Lampara de ecritorio capibara
Tiempo estimado de uso 3hs
bateria de 250mah
Carga por USB",https://pency-images.nyc3.digitaloceanspaces.com/bmgmayorista/1753914745292.jpg | https://pency-images.nyc3.digitaloceanspaces.com/bmgmayorista/1753914750688.jpg | https://pency-images.nyc3.digitaloceanspaces.com/bmgmayorista/1753914754399.jpg,[]
688a9f2f29a1bd0004dc362e,velador-capibara-c-saca-puntas-25138-25140_688a9f2f29a1bd0004dc362e,VELADOR CAPIBARA C/ SACA PUNTAS (25138 - 25140),JUGUETES,10000,0,0,false,available,false,"Lampara de ecritorio capibara
Carga por USB
Tiene saca puntas",https://pency-images.nyc3.digitaloceanspaces.com/bmgmayorista/1753915134879.jpg | https://pency-images.nyc3.digitaloceanspaces.com/bmgmayorista/1753915139878.jpg | https://pency-images.nyc3.digitaloceanspaces.com/bmgmayorista/1753915143825.jpg | https://pency-images.nyc3.digitaloceanspaces.com/bmgmayorista/1753915153298.jpg,[]
688aa01f29a1bd0004dc3632,velador-capibara-25139_688aa01f29a1bd0004dc3632,VELADOR CAPIBARA (25139),JUGUETES,15000,0,0,false,available,false,"Lampara de escritorio capibara
Carga por USB
Luz calida y luz fria
",https://pency-images.nyc3.digitaloceanspaces.com/bmgmayorista/1753915347472.jpg | https://pency-images.nyc3.digitaloceanspaces.com/bmgmayorista/1753915353733.jpg | https://pency-images.nyc3.digitaloceanspaces.com/bmgmayorista/1753915358442.jpg | https://pency-images.nyc3.digitaloceanspaces.com/bmgmayorista/1753915365632.jpg,[]
688aa141fc6b660004b37d74,velador-capibara-74_688aa141fc6b660004b37d74,VELADOR CAPIBARA (74),JUGUETES,16000,0,0,false,available,false,"Lampara de escritorio capibara
Carga por USB
Tiene saca puntas
2 intensidades de luz",https://pency-images.nyc3.digitaloceanspaces.com/bmgmayorista/1753915645109.jpg | https://pency-images.nyc3.digitaloceanspaces.com/bmgmayorista/1753915650865.jpg | https://pency-images.nyc3.digitaloceanspaces.com/bmgmayorista/1753915655797.jpg,[]
688aa253fc6b660004b37d78,velador-kitty-celeste-rosa_688aa253fc6b660004b37d78,VELADOR KITTY CELESTE / ROSA,JUGUETES,14000,0,0,false,available,false,"LUZ LED
CARGA USB
COLOR CELESTE Y ROSA",https://pency-images.nyc3.digitaloceanspaces.com/bmgmayorista/1753915957660.jpg | https://pency-images.nyc3.digitaloceanspaces.com/bmgmayorista/1753915961337.jpg | https://pency-images.nyc3.digitaloceanspaces.com/bmgmayorista/1753915964816.jpg,[]
688aa36929a1bd0004dc3645,velador-labubu-342343_688aa36929a1bd0004dc3645,VELADOR LABUBU (342/343),JUGUETES,16800,0,0,false,available,false,"Tiempo estimado de duracion 3hs.
Carga en 3hs
Carga por USB
",https://pency-images.nyc3.digitaloceanspaces.com/bmgmayorista/1753916164855.jpg | https://pency-images.nyc3.digitaloceanspaces.com/bmgmayorista/1753916169154.jpg | https://pency-images.nyc3.digitaloceanspaces.com/bmgmayorista/1753916172559.jpg,[]
689503dea287b0000470ad49,arco-y-flecha-con-sopapa_689503dea287b0000470ad49,ARCO Y FLECHA CON SOPAPA,JUGUETES,12000,0,0,false,available,false,"- ARCO Y FLECHAS DE SUPER HEROES, MODELO DE SPIDERMAN Y CAPITAN AMERICA. VIENEN CON TRES FLECHAS CON SOPAPA.",https://pency-images.nyc3.digitaloceanspaces.com/bmgmayorista/1754596252050.jpg | https://pency-images.nyc3.digitaloceanspaces.com/bmgmayorista/1754596255612.jpg | https://pency-images.nyc3.digitaloceanspaces.com/bmgmayorista/1754596258732.jpg,[]
6895046acdf946000440b36e,pony-para-peinar-tiny_6895046acdf946000440b36e,"PONY PARA PEINAR ""TINY""",JUGUETES,15000,0,0,false,available,false,"- PONY PARA PEINAR MARCA ""TINY"", TRES COLORES DOSPONIBLES. VIENE CON BROCHES Y PEINE.",https://pency-images.nyc3.digitaloceanspaces.com/bmgmayorista/1754596412005.jpg | https://pency-images.nyc3.digitaloceanspaces.com/bmgmayorista/1754596415383.jpg | https://pency-images.nyc3.digitaloceanspaces.com/bmgmayorista/1754596418344.jpg | https://pency-images.nyc3.digitaloceanspaces.com/bmgmayorista/1754596421392.jpg,[]
689507a7cdf946000440b373,auto-a-friccion-mega-f1_689507a7cdf946000440b373,AUTO A FRICCION MEGA F1,JUGUETES,8500,0,0,false,available,false,- AUTOS MEGA F1 A FRICCION. 5 COLORES DISPONIBLES. MEDIDA APROX 20CM,https://pency-images.nyc3.digitaloceanspaces.com/bmgmayorista/1754597246895.jpg | https://pency-images.nyc3.digitaloceanspaces.com/bmgmayorista/1754597250192.jpg | https://pency-images.nyc3.digitaloceanspaces.com/bmgmayorista/1754597253524.jpg,[]
6895081bcdf946000440b374,auto-transformers_6895081bcdf946000440b374,AUTO TRANSFORMERS,JUGUETES,6000,0,0,false,available,false,- AUTO TRANSFORMERS. 4 MODELOS DIFERENTES CON ACCESORIOS. MEDIDAS APROX DE 15CM. ,https://pency-images.nyc3.digitaloceanspaces.com/bmgmayorista/1754597359266.jpg | https://pency-images.nyc3.digitaloceanspaces.com/bmgmayorista/1754597362866.jpg | https://pency-images.nyc3.digitaloceanspaces.com/bmgmayorista/1754597366179.jpg | https://pency-images.nyc3.digitaloceanspaces.com/bmgmayorista/1754597369387.jpg,[]
68c965555abc0f0004b75c90,toalla-de-mano-art-997_68c965555abc0f0004b75c90,TOALLA DE MANO - ART 997,BLANQUERIA Y NOVEDADES,3000,0,0,false,available,false,- Toalla de mano doble guarda. Algodon 100%. Las medidas son de 29x37cm aprox. Mas de 5 colores disponibles.,https://pency-images.nyc3.digitaloceanspaces.com/bmgmayorista/1758029063490.jpg | https://pency-images.nyc3.digitaloceanspaces.com/bmgmayorista/1758029066230.jpg,[]
68c966c0bef61e0004bae856,toalla-de-mano-art-995_68c966c0bef61e0004bae856,TOALLA DE MANO - ART 995,BLANQUERIA Y NOVEDADES,2500,0,0,false,available,false,"- Tolla de mano doble guarda marca ""Wossen"", 100% de algodón. Medidas aprox 27x43cm. Mas de 10 colores disponibles.",https://pency-images.nyc3.digitaloceanspaces.com/bmgmayorista/1758029457714.jpg | https://pency-images.nyc3.digitaloceanspaces.com/bmgmayorista/1758029460906.jpg,[]
68c979871038dd0004dd2553,toallon-secado-rapido-con-funda-175x10cm_68c979871038dd0004dd2553,TOALLON SECADO RAPIDO CON FUNDA - (1.75X1.0CM),BLANQUERIA Y NOVEDADES,18500,0,0,false,available,false,"- Tallón de secado rápido marca ""Terrenal"", ideales para realizar deporte. Con funda, mas de 10 colores disponibles. Medidas de 1.75x1.02m)",https://pency-images.nyc3.digitaloceanspaces.com/bmgmayorista/1758034223050.jpg | https://pency-images.nyc3.digitaloceanspaces.com/bmgmayorista/1758034225587.jpg | https://pency-images.nyc3.digitaloceanspaces.com/bmgmayorista/1758034231187.jpg,[]
68c979bc1038dd0004dd2555,toallon-secado-rapido-con-funda-130x80cm_68c979bc1038dd0004dd2555,TOALLON SECADO RAPIDO CON FUNDA - (1.30X80cm),BLANQUERIA Y NOVEDADES,11500,0,0,false,available,false,"- Tallón de secado rápido marca ""Terrenal"", ideales para realizar deporte. Con funda, mas de 10 colores disponibles. Medidas de 1.30x80cm)",https://pency-images.nyc3.digitaloceanspaces.com/bmgmayorista/1758034110759.jpg | https://pency-images.nyc3.digitaloceanspaces.com/bmgmayorista/1758034113546.jpg | https://pency-images.nyc3.digitaloceanspaces.com/bmgmayorista/1758034116454.jpg,[]
68c97a0c1038dd0004dd2558,toalla-de-secado-rapido-terrenal-50x35cm_68c97a0c1038dd0004dd2558,"TOALLA DE SECADO RAPIDO ""TERRENAL"" - (50X35CM)",BLANQUERIA Y NOVEDADES,3000,0,0,false,available,false,"- Toalla de secado rápido marca ""Terrenal"". Ideal para realizar deporte, medidas de 50x35cm, con funda de transporte.",https://pency-images.nyc3.digitaloceanspaces.com/bmgmayorista/1758034380598.jpg | https://pency-images.nyc3.digitaloceanspaces.com/bmgmayorista/1758034384103.jpg,[]
68c981ed57ed4f00043b65f8,cortina-de-ambiente-120x200-m_68c981ed57ed4f00043b65f8,CORTINA DE AMBIENTE 1.20X2.00 M.,BLANQUERIA Y NOVEDADES,10000,0,0,false,available,false,- Cortina de ambiente 1.20x2.00m. Tres colores disponibles. ,https://pency-images.nyc3.digitaloceanspaces.com/bmgmayorista/1758036321746.jpg | https://pency-images.nyc3.digitaloceanspaces.com/bmgmayorista/1758036324969.jpg | https://pency-images.nyc3.digitaloceanspaces.com/bmgmayorista/1758036327868.jpg,[]
68dea77bd0814f0004054d40,combo-remeras-de-marca-para-hombre_68dea77bd0814f0004054d40,COMBO REMERAS DE MARCA PARA HOMBRE,COMBOS,0,0,0,false,hidden,false,"Ingresar para elegir cantidades.

Las remeras vienen surtidas en talles del 1 al 6
Surtidas en diseños, colores y marcas

Llevate una gran variedad de modelos a un excelente precio!

Material: Algodón",https://pency-images.nyc3.digitaloceanspaces.com/bmgmayorista/1762776134119.jpg | https://pency-images.nyc3.digitaloceanspaces.com/bmgmayorista/1762776150561.jpg | https://pency-images.nyc3.digitaloceanspaces.com/bmgmayorista/1762776159361.jpg | https://pency-images.nyc3.digitaloceanspaces.com/bmgmayorista/1762776166021.jpg,"[{""options"":[{""currentStock"":0,""handleStock"":false,""enabled"":true,""title"":""5 REMERAS ($6000 C/U)"",""id"":""xowSnkzAP_"",""price"":30000},{""currentStock"":0,""handleStock"":false,""enabled"":true,""title"":""10 REMERAS ($5500 C/U)"",""id"":""Rf4bYFiaXv"",""price"":55000}],""count"":1,""required"":true,""value"":[],""title"":""CANTIDAD"",""id"":""OZoCQcae3""}]"
68dea8c4c2b2830004ac1f29,combo-remeras-estampadas-para-dama_68dea8c4c2b2830004ac1f29,COMBO REMERAS ESTAMPADAS PARA DAMA,COMBOS,0,0,0,false,hidden,true,"Ingresar para elegir cantidades.

Las remeras vienen surtidas en talles del 2 al 6
Surtidas en diseños, colores y marcas

Llevate una gran variedad de modelos a un excelente precio!

Material: Algodón",https://pency-images.nyc3.digitaloceanspaces.com/bmgmayorista/1762776215668.jpg | https://pency-images.nyc3.digitaloceanspaces.com/bmgmayorista/1762776226629.jpg,"[{""options"":[{""currentStock"":0,""handleStock"":false,""enabled"":true,""title"":""5 REMERAS ($6.000 C/U)"",""id"":""3YIkS-rYvp"",""price"":30000},{""currentStock"":0,""handleStock"":false,""enabled"":true,""title"":""10 REMERAS ($5.500 C/U)"",""id"":""bQBbANJHEo"",""price"":55000}],""count"":1,""required"":true,""value"":[],""title"":""CANTIDAD"",""id"":""qP9zMV0yF""}]"
6927043d3f47ac0004fabc7e,box-5-pares-de-medias-34-para-adulto_6927043d3f47ac0004fabc7e,BOX 5 PARES DE MEDIAS 3/4 PARA ADULTO.,COMBOS,12000,0,0,false,available,true,- BOX DE 5 PARES SURTIDO DE MEDIAS TENIS O 3/4 PARA ADULTO. LA SOLUCIÓN PERFECTA PARA REVENDER. CON CAJA.,https://pency-images.nyc3.digitaloceanspaces.com/bmgmayorista/1783432295141.jpg | https://pency-images.nyc3.digitaloceanspaces.com/bmgmayorista/1783432299611.jpg,[]
693989ce7ebf570004b72cd6,repasador-eco_693989ce7ebf570004b72cd6,REPASADOR ECO,BLANQUERIA Y NOVEDADES,1500,0,0,false,hidden,false,REPASADOR ECO CUADRILLE 56X36CM,https://pency-images.nyc3.digitaloceanspaces.com/bmgmayorista/1765378487131.jpg | https://pency-images.nyc3.digitaloceanspaces.com/bmgmayorista/1765378491390.jpg,[]
69a838e7c02d0b0004a00953,faja-reductora-con-bolsillo-para-celular_69a838e7c02d0b0004a00953,FAJA REDUCTORA CON BOLSILLO PARA CELULAR,NOVEDADES,7500,0,0,false,available,false,,https://pency-images.nyc3.digitaloceanspaces.com/bmgmayorista/1772632252463.jpg | https://pency-images.nyc3.digitaloceanspaces.com/bmgmayorista/1772632256504.jpg,[]
69a8391a3191d7000414d6ea,paragua-chico-para-bolso_69a8391a3191d7000414d6ea,PARAGUA CHICO PARA BOLSO,NOVEDADES,7000,0,0,false,available,false,,https://pency-images.nyc3.digitaloceanspaces.com/bmgmayorista/1772632303274.jpg | https://pency-images.nyc3.digitaloceanspaces.com/bmgmayorista/1772634351116.jpg,[]
69a839fcfcfe180004c820b4,balanza-comercial-40kg_69a839fcfcfe180004c820b4,BALANZA COMERCIAL 40KG,BAZAR,90000,0,0,false,available,false,,https://pency-images.nyc3.digitaloceanspaces.com/bmgmayorista/1772632538719.jpg | https://pency-images.nyc3.digitaloceanspaces.com/bmgmayorista/1772634305433.jpg,[]
69a83a8efcfe180004c820b5,correa-para-mascotas_69a83a8efcfe180004c820b5,CORREA  PARA MASCOTAS,NOVEDADES,10000,0,0,false,available,false,,https://pency-images.nyc3.digitaloceanspaces.com/bmgmayorista/1772632683060.jpg | https://pency-images.nyc3.digitaloceanspaces.com/bmgmayorista/1772632687845.jpg | https://pency-images.nyc3.digitaloceanspaces.com/bmgmayorista/1772634332179.jpg,[]
69a83a9dfcfe180004c820b6,balanza-comercial-40km-con-visor_69a83a9dfcfe180004c820b6,BALANZA COMERCIAL 40KM CON VISOR,BAZAR,110000,0,0,false,available,false,,https://pency-images.nyc3.digitaloceanspaces.com/bmgmayorista/1772632357036.jpg | https://pency-images.nyc3.digitaloceanspaces.com/bmgmayorista/1772632729557.jpg,[]
69a83b623191d7000414d6ef,tapon-de-termo_69a83b623191d7000414d6ef,TAPON DE TERMO,BAZAR,2000,0,0,false,available,false,,https://pency-images.nyc3.digitaloceanspaces.com/bmgmayorista/1772632878477.jpg | https://pency-images.nyc3.digitaloceanspaces.com/bmgmayorista/1772632882972.jpg | https://pency-images.nyc3.digitaloceanspaces.com/bmgmayorista/1772634664830.jpg,[]
69a83c8ac02d0b0004a00957,encendedor-con-linterna_69a83c8ac02d0b0004a00957,ENCENDEDOR CON LINTERNA,NOVEDADES,4500,0,0,false,available,false,,https://pency-images.nyc3.digitaloceanspaces.com/bmgmayorista/1772633173613.jpg,[]
69a84132fcfe180004c820c0,naipe-uno-labubu_69a84132fcfe180004c820c0,NAIPE “UNO” LABUBU,NOVEDADES,2000,0,0,false,available,false,,https://pency-images.nyc3.digitaloceanspaces.com/bmgmayorista/1773254016965.jpg,[]
69a84168fcfe180004c820c3,tupper-apilable-plastico-x-3_69a84168fcfe180004c820c3,TUPPER APILABLE PLASTICO X 3,BAZAR,8000,0,0,false,available,false,,https://pency-images.nyc3.digitaloceanspaces.com/bmgmayorista/1772634434719.jpg | https://pency-images.nyc3.digitaloceanspaces.com/bmgmayorista/1772634439253.jpg,[]
69a841b43191d7000414d6f2,set-nivel-tira-linea-con-tiza_69a841b43191d7000414d6f2,SET NIVEL - TIRA LINEA CON TIZA,FERRETERIA,5000,0,0,false,available,false,,https://pency-images.nyc3.digitaloceanspaces.com/bmgmayorista/1772634493627.jpg | https://pency-images.nyc3.digitaloceanspaces.com/bmgmayorista/1772634500828.jpg,[]
69a842023191d7000414d6f3,paraguas-transparente_69a842023191d7000414d6f3,PARAGUAS TRANSPARENTE,NOVEDADES,10500,0,0,false,available,false,,https://pency-images.nyc3.digitaloceanspaces.com/bmgmayorista/1772634589743.jpg,[]
69a8426b5205850004bb242c,mini-procesadora-recargable_69a8426b5205850004bb242c,MINI PROCESADORA RECARGABLE,BAZAR,11000,0,0,false,available,false,,https://pency-images.nyc3.digitaloceanspaces.com/bmgmayorista/1772634708278.jpg | https://pency-images.nyc3.digitaloceanspaces.com/bmgmayorista/1772634713043.jpg,[]
69a96cb677797c0004d93aa5,candado-chico-25mm_69a96cb677797c0004d93aa5,CANDADO CHICO 25MM,FERRETERIA,1500,0,0,false,available,false,,https://pency-images.nyc3.digitaloceanspaces.com/bmgmayorista/1772711054145.jpg,[]
69a96ce877797c0004d93aa6,candado-para-moto_69a96ce877797c0004d93aa6,CANDADO PARA MOTO,FERRETERIA,9000,0,0,false,available,false,,https://pency-images.nyc3.digitaloceanspaces.com/bmgmayorista/1772711108857.jpg | https://pency-images.nyc3.digitaloceanspaces.com/bmgmayorista/1772711114027.jpg | https://pency-images.nyc3.digitaloceanspaces.com/bmgmayorista/1772711119469.jpg,[]
69a96d1377797c0004d93aa7,balanza-10-kg_69a96d1377797c0004d93aa7,BALANZA 10 KG,BAZAR,9000,0,0,false,available,false,,https://pency-images.nyc3.digitaloceanspaces.com/bmgmayorista/1772711156291.jpg | https://pency-images.nyc3.digitaloceanspaces.com/bmgmayorista/1772711160931.jpg,[]
69a96d8577797c0004d93aa8,tapon-de-termo_69a96d8577797c0004d93aa8,TAPON DE TERMO,BAZAR,2000,0,0,false,available,false,,https://pency-images.nyc3.digitaloceanspaces.com/bmgmayorista/1772711197693.jpg | https://pency-images.nyc3.digitaloceanspaces.com/bmgmayorista/1772719927687.jpg,[]
69a96da42f908500047c9960,mochila-calidad-premium-marcas_69a96da42f908500047c9960,MOCHILA CALIDAD PREMIUM MARCAS,MARROQUINERIA,38000,0,0,false,available,false,,https://pency-images.nyc3.digitaloceanspaces.com/bmgmayorista/1772711314126.jpg | https://pency-images.nyc3.digitaloceanspaces.com/bmgmayorista/1772725089272.jpg | https://pency-images.nyc3.digitaloceanspaces.com/bmgmayorista/1772725093429.jpg | https://pency-images.nyc3.digitaloceanspaces.com/bmgmayorista/1772725098254.jpg,[]
69a96dec2f908500047c9961,cinta-metrica-75m_69a96dec2f908500047c9961,CINTA METRICA 7.5M,FERRETERIA,8000,0,0,false,available,false,,https://pency-images.nyc3.digitaloceanspaces.com/bmgmayorista/1772711344558.jpg,[]
69a96e54d9d285000471b37b,plancha-de-pelo-profesional-45wts_69a96e54d9d285000471b37b,PLANCHA DE PELO PROFESIONAL 45WTS,BELLEZA,15000,0,0,false,available,false,,https://pency-images.nyc3.digitaloceanspaces.com/bmgmayorista/1772711413876.jpg | https://pency-images.nyc3.digitaloceanspaces.com/bmgmayorista/1772712603781.jpg,[]
69a96f0ad9d285000471b37c,set-arte-208-pzas_69a96f0ad9d285000471b37c,SET ARTE 208 PZAS.,ESCOLAR,35000,0,0,false,available,false,,https://pency-images.nyc3.digitaloceanspaces.com/bmgmayorista/1772711622457.jpg | https://pency-images.nyc3.digitaloceanspaces.com/bmgmayorista/1772711628077.jpg,[]
69a96f88d9d285000471b37e,dilatador-nasal-con-iman-y-paches-imantados_69a96f88d9d285000471b37e,DILATADOR NASAL CON IMAN Y PACHES IMANTADOS,NOVEDADES,8500,0,0,false,available,false,,https://pency-images.nyc3.digitaloceanspaces.com/bmgmayorista/1772711753037.jpg | https://pency-images.nyc3.digitaloceanspaces.com/bmgmayorista/1772711758379.jpg,[]
69a97045d9d285000471b383,hueveras_69a97045d9d285000471b383,HUEVERAS,BAZAR,6000,0,0,false,available,false,,https://pency-images.nyc3.digitaloceanspaces.com/bmgmayorista/1772711825358.jpg | https://pency-images.nyc3.digitaloceanspaces.com/bmgmayorista/1772712000584.jpg,[]
69a970bb93e33d0004fa7759,ki-de-terere_69a970bb93e33d0004fa7759,KI DE TERERE,BAZAR,15000,0,0,false,available,false,,https://pency-images.nyc3.digitaloceanspaces.com/bmgmayorista/1772712085586.jpg | https://pency-images.nyc3.digitaloceanspaces.com/bmgmayorista/1772719954713.jpg,[]
69a9710393e33d0004fa775a,balanza-de-viaje-50kg-digital_69a9710393e33d0004fa775a,BALANZA DE VIAJE 50KG DIGITAL,NOVEDADES,17500,0,0,false,available,false,,https://pency-images.nyc3.digitaloceanspaces.com/bmgmayorista/1772712152332.jpg,[]
69a9712293e33d0004fa775c,desmenuzador-triturados-de-carnes_69a9712293e33d0004fa775c,DESMENUZADOR / TRITURADOS DE CARNES,BAZAR,3500,0,0,false,available,false,,https://pency-images.nyc3.digitaloceanspaces.com/bmgmayorista/1772711703138.jpg | https://pency-images.nyc3.digitaloceanspaces.com/bmgmayorista/1772712216849.jpg | https://pency-images.nyc3.digitaloceanspaces.com/bmgmayorista/1772712223294.jpg,[]
69a9713f93e33d0004fa775d,destornillador-x-6-mango-plastico_69a9713f93e33d0004fa775d,DESTORNILLADOR X 6 MANGO PLASTICO,FERRETERIA,5000,0,0,false,available,false,,https://pency-images.nyc3.digitaloceanspaces.com/bmgmayorista/1772711856546.jpg | https://pency-images.nyc3.digitaloceanspaces.com/bmgmayorista/1772712241118.jpg,[]
69a971602f908500047c9962,secador-de-pelo-2000-w_69a971602f908500047c9962,SECADOR DE PELO 2000 W.,BELLEZA,20000,0,0,false,available,false,,https://pency-images.nyc3.digitaloceanspaces.com/bmgmayorista/1772711913691.jpg | https://pency-images.nyc3.digitaloceanspaces.com/bmgmayorista/1772711975725.jpg | https://pency-images.nyc3.digitaloceanspaces.com/bmgmayorista/1772712282899.jpg,[]
69a972412f908500047c9963,linterna-minera_69a972412f908500047c9963,LINTERNA MINERA,FERRETERIA,6000,0,0,false,available,false,,https://pency-images.nyc3.digitaloceanspaces.com/bmgmayorista/1772712488650.jpg,[]
69a972732f908500047c9964,mini-plancha-de-pelo_69a972732f908500047c9964,MINI PLANCHA DE PELO,BELLEZA,5000,0,0,false,available,false,,https://pency-images.nyc3.digitaloceanspaces.com/bmgmayorista/1772712536704.jpg,[]
69a972c993e33d0004fa775e,kit-plancha-secador-profesional_69a972c993e33d0004fa775e,KIT PLANCHA + SECADOR PROFESIONAL,BELLEZA,40000,0,0,false,available,false,,https://pency-images.nyc3.digitaloceanspaces.com/bmgmayorista/1772712620830.jpg,[]
69a9735e2f908500047c9965,depilador-cristal_69a9735e2f908500047c9965,DEPILADOR CRISTAL,BELLEZA,3000,0,0,false,available,false,,https://pency-images.nyc3.digitaloceanspaces.com/bmgmayorista/1772712763410.jpg | https://pency-images.nyc3.digitaloceanspaces.com/bmgmayorista/1772712769113.jpg,[]
69a98c604313b50004f14a32,lapiz-carpinero_69a98c604313b50004f14a32,LAPIZ CARPINERO,FERRETERIA,3500,0,0,false,available,false,,https://pency-images.nyc3.digitaloceanspaces.com/bmgmayorista/1772719131089.jpg,[]
69a98da4720cdc00042d4ae1,set-x5-bowl-de-hierro-enlozado_69a98da4720cdc00042d4ae1,SET X5 BOWL DE HIERRO ENLOZADO,BAZAR,20000,0,0,false,available,false,,https://pency-images.nyc3.digitaloceanspaces.com/bmgmayorista/1772719478414.jpg | https://pency-images.nyc3.digitaloceanspaces.com/bmgmayorista/1772719483976.jpg,[]
69a98e02720cdc00042d4ae2,parlante-bluetooth-magnetico-coc-luz_69a98e02720cdc00042d4ae2,PARLANTE BLUETOOTH MAGNETICO COC LUZ,NOVEDADES,12000,0,0,false,available,false,,https://pency-images.nyc3.digitaloceanspaces.com/bmgmayorista/1772719542185.jpg | https://pency-images.nyc3.digitaloceanspaces.com/bmgmayorista/1772719546398.jpg,[]
69a98e304313b50004f14a38,linterna-con-picana-en-caja_69a98e304313b50004f14a38,LINTERNA CON PICANA EN CAJA,NOVEDADES,20000,0,0,false,available,false,,https://pency-images.nyc3.digitaloceanspaces.com/bmgmayorista/1772719639555.jpg | https://pency-images.nyc3.digitaloceanspaces.com/bmgmayorista/1772724684723.jpg,[]
69a98e5a4313b50004f14a39,pila-aa-x-4-unidades_69a98e5a4313b50004f14a39,PILA AA X 4 UNIDADES,FERRETERIA,1000,0,0,false,available,false,,https://pency-images.nyc3.digitaloceanspaces.com/bmgmayorista/1772719683525.jpg,[]
69a98e7c720cdc00042d4ae3,pila-aaa-x-4-unidades_69a98e7c720cdc00042d4ae3,PILA AAA X 4 UNIDADES,FERRETERIA,1000,0,0,false,hidden,false,,https://pency-images.nyc3.digitaloceanspaces.com/bmgmayorista/1772719723147.jpg,[]
69a98eaa3b491a00046a30ac,cinta-metrica-5-m_69a98eaa3b491a00046a30ac,CINTA METRICA 5 M,FERRETERIA,5000,0,0,false,available,false,,https://pency-images.nyc3.digitaloceanspaces.com/bmgmayorista/1772719759623.jpg,[]
69a98ec34313b50004f14a3b,cinta-metrica-3m_69a98ec34313b50004f14a3b,CINTA METRICA 3M,FERRETERIA,4000,0,0,false,available,false,,https://pency-images.nyc3.digitaloceanspaces.com/bmgmayorista/1772719794683.jpg,[]
69a98efd4313b50004f14a3c,destornillador-golpe-x-6_69a98efd4313b50004f14a3c,DESTORNILLADOR GOLPE X 6,FERRETERIA,12000,0,0,false,available,false,,https://pency-images.nyc3.digitaloceanspaces.com/bmgmayorista/1772719835206.jpg | https://pency-images.nyc3.digitaloceanspaces.com/bmgmayorista/1772719839121.jpg,[]
69a99097720cdc00042d4aea,vaso-shaker-650ml_69a99097720cdc00042d4aea,VASO SHAKER 650ML,BAZAR,8500,0,0,false,available,false,,https://pency-images.nyc3.digitaloceanspaces.com/bmgmayorista/1772720241910.jpg,[]
69a990ba720cdc00042d4aec,auricular_69a990ba720cdc00042d4aec,AURICULAR,NOVEDADES,9000,0,0,false,available,false,,https://pency-images.nyc3.digitaloceanspaces.com/bmgmayorista/1772720289944.jpg | https://pency-images.nyc3.digitaloceanspaces.com/bmgmayorista/1772720293823.jpg,[]
69a990e3720cdc00042d4aed,cuchillo-tenedor-mango-madera-x-6_69a990e3720cdc00042d4aed,CUCHILLO / TENEDOR MANGO MADERA X 6 ,BAZAR,7000,0,0,false,available,false,,https://pency-images.nyc3.digitaloceanspaces.com/bmgmayorista/1772720331626.jpg,[]
69a99142720cdc00042d4af0,bolsa-x50-bolitas_69a99142720cdc00042d4af0,BOLSA X50 BOLITAS,NOVEDADES,1900,0,0,false,available,false,,https://pency-images.nyc3.digitaloceanspaces.com/bmgmayorista/1772720426848.jpg,[]
69a9917b4313b50004f14a42,tijera-premium-8_69a9917b4313b50004f14a42,"TIJERA PREMIUM 8""",ESCOLAR,2500,0,0,false,hidden,false,,https://pency-images.nyc3.digitaloceanspaces.com/bmgmayorista/1772720472213.jpg,[]
69a991c74313b50004f14a44,set-geometria-flexibles_69a991c74313b50004f14a44,SET GEOMETRIA FLEXIBLES ,ESCOLAR,2000,0,0,false,available,false,,https://pency-images.nyc3.digitaloceanspaces.com/bmgmayorista/1772720565604.jpg,[]
69a9921d3b491a00046a30ae,birome-gel-x-6_69a9921d3b491a00046a30ae,BIROME GEL X 6 ,ESCOLAR,3000,0,0,false,available,false,,https://pency-images.nyc3.digitaloceanspaces.com/bmgmayorista/1772720596917.jpg,[]
69a992cd720cdc00042d4af3,set-hilo-blanco-y-negro_69a992cd720cdc00042d4af3,SET HILO BLANCO Y NEGRO,NOVEDADES,3000,0,0,false,available,false,,https://pency-images.nyc3.digitaloceanspaces.com/bmgmayorista/1772720792704.jpg,[]
69a99334720cdc00042d4af7,set-arte-x-24_69a99334720cdc00042d4af7,SET ARTE X 24,ESCOLAR,3500,0,0,false,available,false,,https://pency-images.nyc3.digitaloceanspaces.com/bmgmayorista/1772720890813.jpg | https://pency-images.nyc3.digitaloceanspaces.com/bmgmayorista/1772720898937.jpg,[]
69a993633b491a00046a30b3,set-arte-x-42_69a993633b491a00046a30b3,SET ARTE X 42,ESCOLAR,6500,0,0,false,available,false,,https://pency-images.nyc3.digitaloceanspaces.com/bmgmayorista/1772720962461.jpg | https://pency-images.nyc3.digitaloceanspaces.com/bmgmayorista/1772720972817.jpg,[]
69a993c03b491a00046a30b6,set-arte-x67_69a993c03b491a00046a30b6,SET ARTE X67,ESCOLAR,12000,0,0,false,available,false,,https://pency-images.nyc3.digitaloceanspaces.com/bmgmayorista/1772721011617.jpg | https://pency-images.nyc3.digitaloceanspaces.com/bmgmayorista/1772721033936.jpg,[]
69a99407720cdc00042d4af9,set-arte-x150_69a99407720cdc00042d4af9,SET ARTE X150,ESCOLAR,18000,0,0,false,available,false,,https://pency-images.nyc3.digitaloceanspaces.com/bmgmayorista/1772721124641.jpg | https://pency-images.nyc3.digitaloceanspaces.com/bmgmayorista/1772721130389.jpg,[]
69a994f14313b50004f14a4a,naipe-pictionary_69a994f14313b50004f14a4a,NAIPE PICTIONARY,NOVEDADES,2000,0,0,false,available,false,,https://pency-images.nyc3.digitaloceanspaces.com/bmgmayorista/1772721347341.jpg,[]
69a9953d4313b50004f14a4d,lapiz-estuche-tubo-x-36_69a9953d4313b50004f14a4d,LAPIZ ESTUCHE TUBO X 36,ESCOLAR,7500,0,0,false,available,false,,https://pency-images.nyc3.digitaloceanspaces.com/bmgmayorista/1772721426561.jpg,[]
69a995864313b50004f14a4f,cartuchera-tubo-camuflado_69a995864313b50004f14a4f,CARTUCHERA TUBO CAMUFLADO,ESCOLAR,2000,0,0,false,available,false,,https://pency-images.nyc3.digitaloceanspaces.com/bmgmayorista/1772721525645.jpg,[]
69a9959e4313b50004f14a50,cartuchera-tubo-brillos_69a9959e4313b50004f14a50,CARTUCHERA TUBO BRILLOS,ESCOLAR,4000,0,0,false,available,false,,https://pency-images.nyc3.digitaloceanspaces.com/bmgmayorista/1772721550144.jpg,[]
69a995d34313b50004f14a51,set-escolar-surtido-en-blister_69a995d34313b50004f14a51,SET ESCOLAR SURTIDO EN BLISTER,ESCOLAR,2500,0,0,false,available,false,,https://pency-images.nyc3.digitaloceanspaces.com/bmgmayorista/1772721586146.jpg,[]
69a995f54313b50004f14a52,cepillo-peine_69a995f54313b50004f14a52,CEPILLO + PEINE ,BELLEZA,2500,0,0,false,hidden,false,,https://pency-images.nyc3.digitaloceanspaces.com/bmgmayorista/1772721641277.jpg,[]
69a996224313b50004f14a53,chispero-recargable_69a996224313b50004f14a53,CHISPERO RECARGABLE,BAZAR,8000,0,0,false,unavailable,false,,https://pency-images.nyc3.digitaloceanspaces.com/bmgmayorista/1772721667231.jpg | https://pency-images.nyc3.digitaloceanspaces.com/bmgmayorista/1772721671886.jpg,[]
69a996914313b50004f14a54,linterna-para-bici-4-modos_69a996914313b50004f14a54,LINTERNA PARA BICI 4 MODOS,NOVEDADES,9000,0,0,false,available,false,,https://pency-images.nyc3.digitaloceanspaces.com/bmgmayorista/1772721708549.jpg | https://pency-images.nyc3.digitaloceanspaces.com/bmgmayorista/1772721712934.jpg,[]
69a996d64313b50004f14a55,batidor-de-leche-caccesorio_69a996d64313b50004f14a55,BATIDOR DE LECHE C/ACCESORIO ,BAZAR,11500,0,0,false,available,false,,https://pency-images.nyc3.digitaloceanspaces.com/bmgmayorista/1772721820007.jpg | https://pency-images.nyc3.digitaloceanspaces.com/bmgmayorista/1772721824607.jpg | https://pency-images.nyc3.digitaloceanspaces.com/bmgmayorista/1772721831037.jpg,[]
69a99746720cdc00042d4b00,morral-cruzada_69a99746720cdc00042d4b00,MORRAL CRUZADA,MARROQUINERIA,8000,0,0,false,available,false,,https://pency-images.nyc3.digitaloceanspaces.com/bmgmayorista/1772721970228.jpg | https://pency-images.nyc3.digitaloceanspaces.com/bmgmayorista/1772721974590.jpg,[]
69a999ae4313b50004f14a58,tenedor-tramontina-x-6_69a999ae4313b50004f14a58,TENEDOR TRAMONTINA X 6,BAZAR,7000,0,0,false,available,false,,https://pency-images.nyc3.digitaloceanspaces.com/bmgmayorista/1772722585561.jpg,[]
69a999c74313b50004f14a59,cuchillo-tramontina-x-6_69a999c74313b50004f14a59,CUCHILLO TRAMONTINA X 6,BAZAR,7000,0,0,false,available,false,,https://pency-images.nyc3.digitaloceanspaces.com/bmgmayorista/1772722617955.jpg,[]
69a99a0f720cdc00042d4b03,set-x6-bombilla-acero-inox_69a99a0f720cdc00042d4b03,SET X6 BOMBILLA ACERO INOX,BAZAR,12000,0,0,false,available,false,,https://pency-images.nyc3.digitaloceanspaces.com/bmgmayorista/1772722690198.jpg,[]
69a99a454313b50004f14a5a,destornillador-16-en-1_69a99a454313b50004f14a5a,DESTORNILLADOR 16 EN 1 ,FERRETERIA,4000,0,0,false,available,false,,https://pency-images.nyc3.digitaloceanspaces.com/bmgmayorista/1772722727388.jpg | https://pency-images.nyc3.digitaloceanspaces.com/bmgmayorista/1772722732446.jpg,[]
69a99dce399e5300043f52cc,licuadora-portatil-autolimpiante_69a99dce399e5300043f52cc,LICUADORA PORTATIL AUTOLIMPIANTE,BAZAR,19500,0,0,false,available,false,,https://pency-images.nyc3.digitaloceanspaces.com/bmgmayorista/1772722806117.jpg | https://pency-images.nyc3.digitaloceanspaces.com/bmgmayorista/1772722811934.jpg,[]
69a99e12399e5300043f52ce,coradora-de-papa-baston_69a99e12399e5300043f52ce,CORADORA DE PAPA BASTON ,BAZAR,3500,0,0,false,available,false,,https://pency-images.nyc3.digitaloceanspaces.com/bmgmayorista/1772723679173.jpg | https://pency-images.nyc3.digitaloceanspaces.com/bmgmayorista/1772723683903.jpg,[]
69a99e5432ead5000496a25c,limpia-vidrio-magnetico-con-respuesto_69a99e5432ead5000496a25c,LIMPIA VIDRIO MAGNETICO CON RESPUESTO,NOVEDADES,12000,0,0,false,available,false,,https://pency-images.nyc3.digitaloceanspaces.com/bmgmayorista/1772723754473.jpg | https://pency-images.nyc3.digitaloceanspaces.com/bmgmayorista/1772723758356.jpg | https://pency-images.nyc3.digitaloceanspaces.com/bmgmayorista/1772723762588.jpg,[]
69a99e9832ead5000496a25d,luz-para-bici-con-bocina-recargable_69a99e9832ead5000496a25d,LUZ PARA BICI CON BOCINA RECARGABLE,NOVEDADES,12000,0,0,false,hidden,false,,https://pency-images.nyc3.digitaloceanspaces.com/bmgmayorista/1772723811572.jpg | https://pency-images.nyc3.digitaloceanspaces.com/bmgmayorista/1772723815947.jpg | https://pency-images.nyc3.digitaloceanspaces.com/bmgmayorista/1772723820163.jpg,[]
69a9a16d32ead5000496a25f,paragua-chico-transparente_69a9a16d32ead5000496a25f,PARAGUA CHICO TRANSPARENTE,NOVEDADES,8000,0,0,false,available,false,,https://pency-images.nyc3.digitaloceanspaces.com/bmgmayorista/1772724566811.jpg,[]
69a9a2508fafdb0004704153,dosificador-spray-aceitevinagre_69a9a2508fafdb0004704153,DOSIFICADOR SPRAY ACEITE/VINAGRE,BAZAR,5000,0,0,false,available,false,,https://pency-images.nyc3.digitaloceanspaces.com/bmgmayorista/1772724725383.jpg | https://pency-images.nyc3.digitaloceanspaces.com/bmgmayorista/1772724730119.jpg,[]
69a9a2f032ead5000496a261,limpia-palabrisas_69a9a2f032ead5000496a261,LIMPIA PALABRISAS,NOVEDADES,6500,0,0,false,available,false,,https://pency-images.nyc3.digitaloceanspaces.com/bmgmayorista/1772724940634.jpg | https://pency-images.nyc3.digitaloceanspaces.com/bmgmayorista/1772724944632.jpg,[]
69a9a31132ead5000496a262,camiseta-argentina-linea-economica_69a9a31132ead5000496a262,CAMISETA ARGENTINA LINEA ECONOMICA,NOVEDADES,13500,0,0,false,available,false,,https://pency-images.nyc3.digitaloceanspaces.com/bmgmayorista/1772724984747.jpg | https://pency-images.nyc3.digitaloceanspaces.com/bmgmayorista/1772724989283.jpg,[]
69a9a35532ead5000496a264,mochila-premium-jansport_69a9a35532ead5000496a264,MOCHILA PREMIUM JANSPORT,MARROQUINERIA,34000,0,0,false,available,false,,https://pency-images.nyc3.digitaloceanspaces.com/bmgmayorista/1772725018692.jpg | https://pency-images.nyc3.digitaloceanspaces.com/bmgmayorista/1772725023130.jpg | https://pency-images.nyc3.digitaloceanspaces.com/bmgmayorista/1772725036108.jpg | https://pency-images.nyc3.digitaloceanspaces.com/bmgmayorista/1772725043556.jpg,[]
69a9a3ac35c1350004237c7e,lentes-de-sol_69a9a3ac35c1350004237c7e,LENTES DE SOL,NOVEDADES,3000,0,0,false,available,false,,https://pency-images.nyc3.digitaloceanspaces.com/bmgmayorista/1772725112339.jpg | https://pency-images.nyc3.digitaloceanspaces.com/bmgmayorista/1772725116776.jpg | https://pency-images.nyc3.digitaloceanspaces.com/bmgmayorista/1772725120792.jpg | https://pency-images.nyc3.digitaloceanspaces.com/bmgmayorista/1772725126176.jpg,[]
69a9a3c635c1350004237c7f,lente-de-sol_69a9a3c635c1350004237c7f,LENTE DE SOL ,NOVEDADES,3000,0,0,false,available,false,,https://pency-images.nyc3.digitaloceanspaces.com/bmgmayorista/1772725173000.jpg | https://pency-images.nyc3.digitaloceanspaces.com/bmgmayorista/1772725176918.jpg,[]
69b00ee934b6e90004284250,alfombra-memory_69b00ee934b6e90004284250,ALFOMBRA MEMORY,BLANQUERIA Y NOVEDADES,7000,0,0,false,available,false,,https://pency-images.nyc3.digitaloceanspaces.com/bmgmayorista/1773145794162.jpg | https://pency-images.nyc3.digitaloceanspaces.com/bmgmayorista/1773145803564.jpg,[]
69b00f3514fe85000435916e,alfombra-para-bano-ovalada_69b00f3514fe85000435916e,ALFOMBRA PARA BAÑO OVALADA,BLANQUERIA Y NOVEDADES,4000,0,0,false,available,false,,https://pency-images.nyc3.digitaloceanspaces.com/bmgmayorista/1773145865872.jpg | https://pency-images.nyc3.digitaloceanspaces.com/bmgmayorista/1773145885905.jpg | https://pency-images.nyc3.digitaloceanspaces.com/bmgmayorista/1773145892610.jpg,[]
69b00f789202430004c3fb28,alfombra-bano-rectangular_69b00f789202430004c3fb28,ALFOMBRA BAÑO RECTANGULAR,BLANQUERIA Y NOVEDADES,7000,0,0,false,available,false,,https://pency-images.nyc3.digitaloceanspaces.com/bmgmayorista/1773145940370.jpg | https://pency-images.nyc3.digitaloceanspaces.com/bmgmayorista/1773145948509.jpg | https://pency-images.nyc3.digitaloceanspaces.com/bmgmayorista/1773145953390.jpg,[]
69b00fb09202430004c3fb2a,juego-de-toalla-y-toallon-con-guarda_69b00fb09202430004c3fb2a,JUEGO DE TOALLA Y TOALLON CON GUARDA,BLANQUERIA Y NOVEDADES,12000,0,0,false,available,false,El precio incluye la toalla y el toallon,https://pency-images.nyc3.digitaloceanspaces.com/bmgmayorista/1773145987350.jpg | https://pency-images.nyc3.digitaloceanspaces.com/bmgmayorista/1773145991568.jpg,[]
69b011a734b6e90004284251,cinta-aisladora-x-10-unidades_69b011a734b6e90004284251,CINTA AISLADORA X 10 UNIDADES,FERRETERIA,4500,0,0,false,hidden,false,,https://pency-images.nyc3.digitaloceanspaces.com/bmgmayorista/1773146511729.jpg,[]
69b011e134b6e90004284252,cinta-embalar-50mts-x-5-unidades_69b011e134b6e90004284252,CINTA EMBALAR 50MTS X 5 UNIDADES,FERRETERIA,6000,0,0,false,available,false,,https://pency-images.nyc3.digitaloceanspaces.com/bmgmayorista/1773146562156.jpg,[]
69b012629202430004c3fb2d,bolso-deportivo-t60_69b012629202430004c3fb2d,BOLSO DEPORTIVO T60,MARROQUINERIA,45000,0,0,false,available,false,,https://pency-images.nyc3.digitaloceanspaces.com/bmgmayorista/1773146610627.jpg | https://pency-images.nyc3.digitaloceanspaces.com/bmgmayorista/1773146623278.jpg,[]
69b012c99202430004c3fb30,covertor-de-cama-1-12-plazas_69b012c99202430004c3fb30,COVERTOR DE CAMA 1 1/2 PLAZAS,BLANQUERIA Y NOVEDADES,16000,0,0,false,available,false,,https://pency-images.nyc3.digitaloceanspaces.com/bmgmayorista/1773146794291.jpg,[]
69b012e19202430004c3fb31,covertor-de-cama-2-12-plazas_69b012e19202430004c3fb31,COVERTOR DE CAMA 2 1/2 PLAZAS,BLANQUERIA Y NOVEDADES,20500,0,0,false,available,false,,https://pency-images.nyc3.digitaloceanspaces.com/bmgmayorista/1773146834672.jpg,[]
69b0136d14fe85000435916f,cortina-cocina-microfibra-11m_69b0136d14fe85000435916f,CORTINA COCINA MICROFIBRA 1.1M,BLANQUERIA Y NOVEDADES,6500,0,0,false,available,false,,https://pency-images.nyc3.digitaloceanspaces.com/bmgmayorista/1773146858935.jpg,[]
69b013a714fe850004359170,cortina-bano-de-teflon-con-ganchos_69b013a714fe850004359170,CORTINA BAÑO DE TEFLON CON GANCHOS,BLANQUERIA Y NOVEDADES,12500,0,0,false,available,false,,https://pency-images.nyc3.digitaloceanspaces.com/bmgmayorista/1773146999425.jpg,[]
69b0140114fe850004359172,cortina-cocina-con-faldon-11m_69b0140114fe850004359172,CORTINA COCINA CON FALDON 1.1M,BLANQUERIA Y NOVEDADES,7500,0,0,false,available,false,,https://pency-images.nyc3.digitaloceanspaces.com/bmgmayorista/1773147059729.jpg | https://pency-images.nyc3.digitaloceanspaces.com/bmgmayorista/1773147076088.jpg,[]
69b0144f14fe850004359174,sabana-ajustable-2-12_69b0144f14fe850004359174,SABANA AJUSTABLE 2 1/2,BLANQUERIA Y NOVEDADES,7000,0,0,false,available,false,,https://pency-images.nyc3.digitaloceanspaces.com/bmgmayorista/1773147171463.jpg,[]
69b0146999a2470004cdd437,sabana-ajustable-1-12_69b0146999a2470004cdd437,SABANA AJUSTABLE 1 1/2,BLANQUERIA Y NOVEDADES,5500,0,0,false,available,false,,https://pency-images.nyc3.digitaloceanspaces.com/bmgmayorista/1773147224448.jpg,[]
69b014a014fe850004359176,pelota-no2-boca_69b014a014fe850004359176,PELOTA Nº2 BOCA,JUGUETES,6000,0,0,false,available,false,,https://pency-images.nyc3.digitaloceanspaces.com/bmgmayorista/1773147266733.jpg,[]
69b014e434b6e90004284255,protector-de-bano-50-micrones_69b014e434b6e90004284255,PROTECTOR DE BAÑO 50 MICRONES,BLANQUERIA Y NOVEDADES,3500,0,0,false,available,false,,https://pency-images.nyc3.digitaloceanspaces.com/bmgmayorista/1773147313993.jpg,[]
69b0150814fe850004359177,protector-de-bano-75-micrones_69b0150814fe850004359177,PROTECTOR DE BAÑO 75 MICRONES,BLANQUERIA Y NOVEDADES,4500,0,0,false,available,false,,https://pency-images.nyc3.digitaloceanspaces.com/bmgmayorista/1773147374683.jpg,[]
69b0153334b6e90004284256,toallon-playeros_69b0153334b6e90004284256,TOALLON PLAYEROS,BLANQUERIA Y NOVEDADES,7500,0,0,false,available,false,,https://pency-images.nyc3.digitaloceanspaces.com/bmgmayorista/1773147416729.jpg | https://pency-images.nyc3.digitaloceanspaces.com/bmgmayorista/1773147431107.jpg,[]
69b0155734b6e90004284257,lente-de-lectura_69b0155734b6e90004284257,LENTE DE LECTURA,NOVEDADES,2500,0,0,false,available,false,,https://pency-images.nyc3.digitaloceanspaces.com/bmgmayorista/1773147456345.jpg,[]
69b1b5104d443c0004cee344,naipe-dos_69b1b5104d443c0004cee344,NAIPE “DOS”,NOVEDADES,2000,0,0,false,available,false,,https://pency-images.nyc3.digitaloceanspaces.com/bmgmayorista/1773253889349.jpg,[]
69b1b59e565b98000427704e,naipe-uno-brain-rot_69b1b59e565b98000427704e,NAIPE “UNO” BRAIN ROT,NOVEDADES,2000,0,0,false,available,false,,https://pency-images.nyc3.digitaloceanspaces.com/bmgmayorista/1773254028110.jpg,[]
69d842b5ab286c0004515f50,paraguas-largo-negro-y-plateado_69d842b5ab286c0004515f50,PARAGUAS LARGO NEGRO Y PLATEADO,NOVEDADES,10000,0,0,false,available,false,,https://pency-images.nyc3.digitaloceanspaces.com/bmgmayorista/1775780379787.jpg | https://pency-images.nyc3.digitaloceanspaces.com/bmgmayorista/1775780390051.jpg | https://pency-images.nyc3.digitaloceanspaces.com/bmgmayorista/1775780399091.jpg | https://pency-images.nyc3.digitaloceanspaces.com/bmgmayorista/1775780410928.jpg,[]
69d843e135b7750004411b35,paraguas-mini-plegable-uv_69d843e135b7750004411b35,PARAGUAS MINI PLEGABLE UV,NOVEDADES,8000,0,0,false,available,false,,https://pency-images.nyc3.digitaloceanspaces.com/bmgmayorista/1775780563040.jpg | https://pency-images.nyc3.digitaloceanspaces.com/bmgmayorista/1775780569718.jpg | https://pency-images.nyc3.digitaloceanspaces.com/bmgmayorista/1775780575904.jpg,[]
69d8441c35b7750004411b36,cortadorrayador-multiuso_69d8441c35b7750004411b36,CORTADOR/RAYADOR MULTIUSO,BAZAR,13000,0,0,false,available,false,,https://pency-images.nyc3.digitaloceanspaces.com/bmgmayorista/1775780863185.jpg | https://pency-images.nyc3.digitaloceanspaces.com/bmgmayorista/1775780866505.jpg | https://pency-images.nyc3.digitaloceanspaces.com/bmgmayorista/1775780874970.jpg | https://pency-images.nyc3.digitaloceanspaces.com/bmgmayorista/1775780879586.jpg,[]
69d84541ab286c0004515f53,botella-hielera_69d84541ab286c0004515f53,BOTELLA HIELERA,NOVEDADES,15000,0,0,false,available,false,,https://pency-images.nyc3.digitaloceanspaces.com/bmgmayorista/1775781155766.jpg | https://pency-images.nyc3.digitaloceanspaces.com/bmgmayorista/1775781163573.jpg | https://pency-images.nyc3.digitaloceanspaces.com/bmgmayorista/1775781169882.jpg | https://pency-images.nyc3.digitaloceanspaces.com/bmgmayorista/1775781174992.jpg,[]
69d84684ab286c0004515f54,estuche-de-marcadores-x60-unidades_69d84684ab286c0004515f54,ESTUCHE DE MARCADORES X60 UNIDADES,ESCOLAR,16500,0,0,false,available,false,,https://pency-images.nyc3.digitaloceanspaces.com/bmgmayorista/1775781348807.jpg | https://pency-images.nyc3.digitaloceanspaces.com/bmgmayorista/1775781352684.jpg | https://pency-images.nyc3.digitaloceanspaces.com/bmgmayorista/1775781356150.jpg | https://pency-images.nyc3.digitaloceanspaces.com/bmgmayorista/1775781498869.jpg,[]
69d84770ab286c0004515f56,calculadora-con-panel-solar_69d84770ab286c0004515f56,CALCULADORA CON PANEL SOLAR,NOVEDADES,9000,0,0,false,available,false,,https://pency-images.nyc3.digitaloceanspaces.com/bmgmayorista/1775781708852.jpg | https://pency-images.nyc3.digitaloceanspaces.com/bmgmayorista/1775781711013.jpg | https://pency-images.nyc3.digitaloceanspaces.com/bmgmayorista/1775781712776.jpg,[]
69dfb4b953ab9600040bc48b,perfumes-en-tubo_69dfb4b953ab9600040bc48b,PERFUMES EN TUBO,PERFUMES,0,0,0,false,available,true,,https://pency-images.nyc3.digitaloceanspaces.com/bmgmayorista/1776268285191.jpg | https://pency-images.nyc3.digitaloceanspaces.com/bmgmayorista/1776268289594.jpg | https://pency-images.nyc3.digitaloceanspaces.com/bmgmayorista/1776268294328.jpg,"[{""options"":[{""id"":""c08SMzd7NG"",""title"":""X1 "",""price"":3500,""enabled"":true,""handleStock"":false,""currentStock"":0},{""id"":""2JKfU0kI9j"",""title"":""X12 SURTIDOS ($2.600 C/U)"",""price"":31200,""enabled"":true,""handleStock"":false,""currentStock"":0},{""id"":""TVPEBo8N-"",""title"":""X24 SURTIDOS (INCLUYE EXHIBIDOR) $2.250 C/U"",""price"":54000,""enabled"":true,""handleStock"":false,""currentStock"":0}],""count"":1,""required"":false,""value"":[],""title"":""PRECIOS"",""id"":""4BXxGH2BXN""}]"
69dfb610792dd9000467f009,cremas-masajeadoras_69dfb610792dd9000467f009,CREMAS MASAJEADORAS,BELLEZA,0,0,0,false,available,true,"Cannabis
Kalma ya
Mentisan 
Mentolina 
Coca eucalipto 
Aceite coca 
Rodilla
Cervicales 
Calambres
Alo vera
Átomo
Calma flex 
Curativa 
Azufre 
Arnica coca ",https://pency-images.nyc3.digitaloceanspaces.com/bmgmayorista/1776268579687.jpg,"[{""options"":[{""id"":""PEL8wT_48r"",""title"":""X12 ($1.300 C/U)"",""price"":15600,""enabled"":true,""handleStock"":false,""currentStock"":0},{""id"":""3tZOLOXYlb"",""title"":""X50 ($1.200 C/U)"",""price"":60000,""enabled"":true,""handleStock"":false,""currentStock"":0},{""id"":""afhmr9kiY"",""title"":""X100 ($1.100 C/U)"",""price"":100000,""enabled"":true,""handleStock"":false,""currentStock"":0}],""count"":1,""required"":false,""value"":[],""title"":""PRECIOS"",""id"":""3tmynSoMo""}]"
6a4cfbb7255a760004109edb,naipe-espanol_6a4cfbb7255a760004109edb,NAIPE ESPAÑOL,NOVEDADES,2000,0,0,false,available,false,El precio es por un mazo,https://pency-images.nyc3.digitaloceanspaces.com/bmgmayorista/1783430029273.jpg,[]