product_code,nombre,precio_lista_1,stock,unidades_por_bulto,unidad_minima_de_venta,umv_tipo,categoria_1,categoria_2,categoria_3,categoria_4,aliases,rotacion_index,mental_priority,descripcion,image_url,en_catalogo,is_mock,fuente_hoja
150,DIFUSOR CON VARILLAS VAINILLA - VAINILLA/COCO - VAINILLA-LIMON - FRUTOS ROJOS - UVA - CHICLES - CITRICOS - LIMON - LAVANDA-LAVANDA/LIMON - BAMBU - VAINILLA/NARANJA - CONIGLIO — UNIDAD,4600.0,157,1,unidad,unidad,Aromas,Difusores,Dinamic,unidad,150|difusor con varillas vainilla - vainilla/coco - vainilla-limon - frutos rojos - uva - chicles - citricos - limon - lavanda-lavanda/limon - bambu - vainilla/naranja - coniglio|difusores|unidad|dinamic|dinamicquim|difusor|con|varillas|vainilla|pieza,0.28,0.23,"Aromatizante Difusor Con Varillas Vainilla - Vainilla/Coco - Vainilla-Limon, marca Dinamic, unidad, listo para usar.",,True,True,pagina-3
153,ESENCIA HORNILLO LAVANDA-LIMON-VAINILLA-FRUTILLA-DURAZNO-CANELA-MARINO — UNIDAD,1900.0,157,1,unidad,unidad,Aromas,Hornillos,Dinamic,unidad,153|esencia hornillo lavanda-limon-vainilla-frutilla-durazno-canela-marino|hornillos|unidad|dinamic|dinamicquim|esencia|hornillo|lavanda|limon|pieza,0.28,0.23,"Aromatizante Esencia Hornillo Lavanda-Limon-Vainilla-Frutilla-Durazno-Canela-Marino, marca Dinamic, unidad, listo para usar.",,True,True,pagina-3
152,PERFUMANTE VEHICULO VAINILLA-LIMON-LAVANDA-CONIGLIO-VIVEX-UVA — UNIDAD,4100.0,300,1,unidad,unidad,Automotriz,Aromatizante,Dinamic,unidad,152|perfumante vehiculo vainilla-limon-lavanda-coniglio-vivex-uva|aromatizante|unidad|dinamic|dinamicquim|perfumante|vehiculo|vainilla|limon|pieza,0.62,0.57,"Producto automotor Perfumante Vehiculo Vainilla-Limon-Lavanda-Coniglio-Vivex-Uva, marca Dinamic, unidad, listo para usar.",,True,True,pagina-3
1002,SHAMPOO P/ AUTOMOTOR C/ ABRILLANTADOR — 5 L,1900.0,300,1,unidad,unidad,Automotriz,Limpieza,Dinamic,5 L,1002|shampoo p/ automotor c/ abrillantador|limpieza|5 l|dinamic|dinamicquim|shampoo|automotor|abrillantador|bidon|bidón|5 litros,0.62,0.57,"Producto automotor Shampoo P/ Automotor C/ Abrillantador, marca Dinamic, 5 L, listo para usar.",,True,True,pagina-1
1004,ESPUMA ACTIVA P/ CARROSERIA CONCENTRADA — 5 L,3360.0,300,1,unidad,unidad,Automotriz,Limpieza,Dinamic,5 L,1004|espuma activa p/ carroseria concentrada|limpieza|5 l|dinamic|dinamicquim|espuma|activa|carroseria|concentrada|bidon|bidón,0.62,0.57,"Producto automotor Espuma Activa P/ Carroseria Concentrada, marca Dinamic, 5 L, dilución 1+4.",,True,True,pagina-1
1133,PERFUMES P/TAPIZADOS AUTOS — 5 L,3180.0,300,1,unidad,unidad,Automotriz,Limpieza,Dinamic,5 L,1133|perfumes p/tapizados autos|limpieza|5 l|dinamic|dinamicquim|perfumes|tapizados|autos|bidon|bidón|5 litros,0.62,0.57,"Producto automotor Perfumes P/Tapizados Autos, marca Dinamic, 5 L, listo para usar.",,True,True,pagina-1
1162,LIMPIADOR ABRILLANTADOR DE METALES (INOXIDABLE Y ALUMINIO) — 5 L,4920.0,300,1,unidad,unidad,Automotriz,Limpieza,Dinamic,5 L,1162|limpiador abrillantador de metales (inoxidable y aluminio)|limpieza|5 l|dinamic|dinamicquim|limpiador|abrillantador|metales|inoxidable|bidon|bidón,0.62,0.57,"Producto automotor Limpiador Abrillantador De Metales (Inoxidable Y Aluminio), marca Dinamic, 5 L, listo para usar.",,True,True,pagina-1
1164,JABON MANOS DESENGRASANTE P/ TALLERES — 5 L,5670.0,300,1,unidad,unidad,Automotriz,Limpieza,Dinamic,5 L,1164|jabon manos desengrasante p/ talleres|limpieza|5 l|dinamic|dinamicquim|jabon|manos|desengrasante|talleres|bidon|bidón,0.62,0.57,"Producto automotor Jabon Manos Desengrasante P/ Talleres, marca Dinamic, 5 L, listo para usar.",,True,True,pagina-1
1181,DESMANCHADOR LIMPIA ALFOMBRA APC — 5 L,5200.0,300,1,unidad,unidad,Automotriz,Limpieza,Dinamic,5 L,1181|desmanchador limpia alfombra apc|limpieza|5 l|dinamic|dinamicquim|desmanchador|limpia|alfombra|apc|bidon|bidón,0.62,0.57,"Producto automotor Desmanchador Limpia Alfombra Apc, marca Dinamic, 5 L, listo para usar.",,True,True,pagina-1
1300,DESENGRASANTE MOTORES FORCE X PREMIUM — 5 L,5100.0,300,1,unidad,unidad,Automotriz,Limpieza,Dinamic,5 L,1300|desengrasante motores force x premium|limpieza|5 l|dinamic|dinamicquim|desengrasante|motores|force|premium|bidon|bidón,0.62,0.57,"Producto automotor Desengrasante Motores Force X Premium, marca Dinamic, 5 L, listo para usar.",,True,True,pagina-1
2181,DESMANCHADOR LIMPIA ALFOMBRA APC — 1 L,6250.0,300,1,unidad,unidad,Automotriz,Limpieza,Dinamic,1 L,2181|desmanchador limpia alfombra apc|limpieza|1 l|dinamic|dinamicquim|desmanchador|limpia|alfombra|apc|litro|botella,0.62,0.57,"Producto automotor Desmanchador Limpia Alfombra Apc, marca Dinamic, 1 L, listo para usar.",,True,True,pagina-1
2300,DESENGRASANTE MOTORES FORCE X PREMIUM — 1 L,5955.0,300,1,unidad,unidad,Automotriz,Limpieza,Dinamic,1 L,2300|desengrasante motores force x premium|limpieza|1 l|dinamic|dinamicquim|desengrasante|motores|force|premium|litro|botella,0.62,0.57,"Producto automotor Desengrasante Motores Force X Premium, marca Dinamic, 1 L, listo para usar.",,True,True,pagina-1
1030,DESENG .BLANCO CREMOSO (CIF) — 5 L,1775.0,300,1,unidad,unidad,Desengrasantes,Industrial,Dinamic,5 L,1030|deseng .blanco cremoso (cif)|industrial|5 l|dinamic|dinamicquim|deseng|blanco|cremoso|cif|bidon|bidón,0.62,0.57,"Desengrasante Deseng .Blanco Cremoso (Cif), marca Dinamic, 5 L, listo para usar.",,True,True,pagina-1
1031,DES.DESCARBONIZANTE SÓDICO (P/BANDEJA/FRITERAS) SUPER EFECTIVO — 5 L,3200.0,300,1,unidad,unidad,Desengrasantes,Industrial,Dinamic,5 L,1031|des.descarbonizante sódico (p/bandeja/friteras) super efectivo|industrial|5 l|dinamic|dinamicquim|des|descarbonizante|sódico|bandeja|bidon|bidón,0.62,0.57,"Desengrasante Des.Descarbonizante Sódico (P/Bandeja/Friteras) , marca Dinamic, 5 L, listo para usar.",,True,True,pagina-1
1151,DES. INDUSTRIAL CREMOSO/GEL — 5 L,3440.0,300,1,unidad,unidad,Desengrasantes,Industrial,Dinamic,5 L,1151|des. industrial cremoso/gel|industrial|5 l|dinamic|dinamicquim|des|cremoso|gel|bidon|bidón|5 litros,0.62,0.57,"Desengrasante Des. Industrial Cremoso/Gel, marca Dinamic, 5 L, listo para usar.",,True,True,pagina-1
1154,DESENG. GASTROMICO C/ BASE DE TERPERNO (GRASA ANIMAL/VEGETAL) — 5 L,5620.0,300,1,unidad,unidad,Desengrasantes,Industrial,Dinamic,5 L,1154|deseng. gastromico c/ base de terperno (grasa animal/vegetal)|industrial|5 l|dinamic|dinamicquim|deseng|gastromico|base|terperno|bidon|bidón,0.62,0.57,"Desengrasante Deseng. Gastromico C/ Base De Terperno (Grasa Animal/Vegetal), marca Dinamic, 5 L, dilución 1+1.",,True,True,pagina-1
1161,DESENG. MOTORES- GEL 1+2 — 5 L,3440.0,300,1,unidad,unidad,Desengrasantes,Industrial,Dinamic,5 L,1161|deseng. motores- gel 1+2|industrial|5 l|dinamic|dinamicquim|deseng|motores|gel|1+2|bidon|bidón,0.62,0.57,"Desengrasante Deseng. Motores- Gel 1+2, marca Dinamic, 5 L, dilución 1+1.",,True,True,pagina-1
1034,DET. LAVAVAJILLA FLUOR — 5 L,1580.0,409,1,unidad,unidad,Detergentes,Lavavajillas,Dinamic,5 L,1034|det. lavavajilla fluor|lavavajillas|5 l|dinamic|dinamicquim|det|lavavajilla|fluor|bidon|bidón|5 litros,0.88,0.83,"Detergente lavavajillas Det. Lavavajilla Fluor, marca Dinamic, 5 L, listo para usar.",,True,True,pagina-1
1035,DET. LAVAVAJILLA AMARILLO — 5 L,1580.0,409,1,unidad,unidad,Detergentes,Lavavajillas,Dinamic,5 L,1035|det. lavavajilla amarillo|lavavajillas|5 l|dinamic|dinamicquim|det|lavavajilla|amarillo|bidon|bidón|5 litros,0.88,0.83,"Detergente lavavajillas Det. Lavavajilla Amarillo, marca Dinamic, 5 L, listo para usar.",,True,True,pagina-1
1037,DET. LAVAVAJILLA CREMOSO — 5 L,1580.0,409,1,unidad,unidad,Detergentes,Lavavajillas,Dinamic,5 L,1037|det. lavavajilla cremoso|lavavajillas|5 l|dinamic|dinamicquim|det|lavavajilla|cremoso|bidon|bidón|5 litros,0.88,0.83,"Detergente lavavajillas Det. Lavavajilla Cremoso, marca Dinamic, 5 L, listo para usar.",,True,True,pagina-1
1137,DET. LAVAVAJILLA NARANJA — 5 L,1580.0,409,1,unidad,unidad,Detergentes,Lavavajillas,Dinamic,5 L,1137|det. lavavajilla naranja|lavavajillas|5 l|dinamic|dinamicquim|det|lavavajilla|naranja|bidon|bidón|5 litros,0.88,0.83,"Detergente lavavajillas Det. Lavavajilla Naranja, marca Dinamic, 5 L, listo para usar.",,True,True,pagina-1
1138,DET GASTRONOMICO ESPECIALIZADO X3 CONCENTRADO — 5 L,2200.0,409,1,unidad,unidad,Detergentes,Lavavajillas,Dinamic,5 L,1138|det gastronomico especializado x3 concentrado|lavavajillas|5 l|dinamic|dinamicquim|det|gastronomico|especializado|concentrado|bidon|bidón,0.88,0.83,"Detergente lavavajillas Det Gastronomico Especializado X3 Concentrado, marca Dinamic, 5 L, listo para usar.",,True,True,pagina-1
1235,DET. LAVAVAJILLAS AROMA LIMON — 5 L,1580.0,409,1,unidad,unidad,Detergentes,Lavavajillas,Dinamic,5 L,1235|det. lavavajillas aroma limon|lavavajillas|5 l|dinamic|dinamicquim|det|aroma|limon|bidon|bidón|5 litros,0.88,0.83,"Detergente lavavajillas Det. Lavavajillas Aroma Limon, marca Dinamic, 5 L, listo para usar.",,True,True,pagina-1
138,DET GASTRONOMICO ESPECIALIZADO X3 CONCENTRADO — 20 L,1885.0,409,1,unidad,unidad,Detergentes,Lavavajillas,Dinamic,20 L,138|det gastronomico especializado x3 concentrado|lavavajillas|20 l|dinamic|dinamicquim|det|gastronomico|especializado|concentrado|bidon 20|20 litros,0.88,0.83,"Detergente lavavajillas Det Gastronomico Especializado X3 Concentrado, marca Dinamic, 20 L, listo para usar.",,True,True,pagina-1
450,BIDON POL. X 5 LTS — UNIDAD,3000.0,157,1,unidad,unidad,Envases,Plástico,Dinamic,unidad,450|bidon pol. x 5 lts|plástico|unidad|dinamic|dinamicquim|bidon|pol|lts|pieza,0.28,0.23,"Envase plástico Bidon Pol. X 5 Lts, marca Dinamic, unidad, listo para usar.",,True,True,pagina-3
451,BIDON PLASTICO X 20LT — UNIDAD,5000.0,157,1,unidad,unidad,Envases,Plástico,Dinamic,unidad,451|bidon plastico x 20lt|plástico|unidad|dinamic|dinamicquim|bidon|plastico|20lt|pieza,0.28,0.23,"Envase plástico Bidon Plastico X 20Lt, marca Dinamic, unidad, listo para usar.",,True,True,pagina-3
1118,SHAMPOO T/SEDAL NACARADO (PH NEUTRO) — 5 L,2100.0,229,1,unidad,unidad,Higiene,Capilar,Dinamic,5 L,1118|shampoo t/sedal nacarado (ph neutro)|capilar|5 l|dinamic|dinamicquim|shampoo|sedal|nacarado|neutro|bidon|bidón,0.45,0.4,"Producto de higiene Shampoo T/Sedal Nacarado (Ph Neutro), marca Dinamic, 5 L, listo para usar.",,True,True,pagina-3
1119,ENJUAGUE CAPILAR T /SEDAL (PH NEUTRO) — 5 L,2100.0,229,1,unidad,unidad,Higiene,Capilar,Dinamic,5 L,1119|enjuague capilar t /sedal (ph neutro)|capilar|5 l|dinamic|dinamicquim|enjuague|sedal|neutro|bidon|bidón|5 litros,0.45,0.4,"Producto de higiene Enjuague Capilar T /Sedal (Ph Neutro), marca Dinamic, 5 L, listo para usar.",,True,True,pagina-3
1174,SHAMPOO PARA PERROS (PH NEUTRO) — 5 L,1980.0,229,1,unidad,unidad,Higiene,Capilar,Dinamic,5 L,1174|shampoo para perros (ph neutro)|capilar|5 l|dinamic|dinamicquim|shampoo|para|perros|neutro|bidon|bidón,0.45,0.4,"Producto de higiene Shampoo Para Perros (Ph Neutro), marca Dinamic, 5 L, listo para usar.",,True,True,pagina-3
1125,JABON DE MANOS CREMOSO COCO — 5 L,2100.0,409,1,unidad,unidad,Higiene,Jabón de manos,Dinamic,5 L,1125|jabon de manos cremoso coco|jabón de manos|5 l|dinamic|dinamicquim|jabon|manos|cremoso|coco|bidon|bidón,0.88,0.83,"Producto de higiene Jabon De Manos Cremoso Coco, marca Dinamic, 5 L, listo para usar.",,True,True,pagina-3
1130,JABON DE MANOS BEBE/NEW WHITE TRANSP. AZUL — 5 L,2100.0,409,1,unidad,unidad,Higiene,Jabón de manos,Dinamic,5 L,1130|jabon de manos bebe/new white transp. azul|jabón de manos|5 l|dinamic|dinamicquim|jabon|manos|bebe|new|bidon|bidón,0.88,0.83,"Producto de higiene Jabon De Manos Bebe/New White Transp. Azul, marca Dinamic, 5 L, listo para usar.",,True,True,pagina-3
1132,JABON DE MANOS ANTIBACTERIAL ESPADOL TRANSP. AMARILLO — 5 L,2100.0,409,1,unidad,unidad,Higiene,Jabón de manos,Dinamic,5 L,1132|jabon de manos antibacterial espadol transp. amarillo|jabón de manos|5 l|dinamic|dinamicquim|jabon|manos|antibacterial|espadol|bidon|bidón,0.88,0.83,"Producto de higiene Jabon De Manos Antibacterial Espadol Transp. Amarillo, marca Dinamic, 5 L, listo para usar.",,True,True,pagina-3
1134,JABON DE MANOS CREMOSO DOVE — 5 L,2100.0,409,1,unidad,unidad,Higiene,Jabón de manos,Dinamic,5 L,1134|jabon de manos cremoso dove|jabón de manos|5 l|dinamic|dinamicquim|jabon|manos|cremoso|dove|bidon|bidón,0.88,0.83,"Producto de higiene Jabon De Manos Cremoso Dove, marca Dinamic, 5 L, listo para usar.",,True,True,pagina-3
1016,LAVANDINA ROPA BLANCA — 5 L,925.0,229,1,unidad,unidad,Limpieza,Cloro y lavandina,Dinamic,5 L,1016|lavandina ropa blanca|cloro y lavandina|5 l|dinamic|dinamicquim|lavandina|ropa|blanca|bidon|bidón|5 litros,0.45,0.4,"Producto de limpieza Lavandina Ropa Blanca, marca Dinamic, 5 L, listo para usar.",,True,True,pagina-1
1027,LAVANDINA GEL PREMIUM VERDE CON EUCALIPTUS — 5 L,1550.0,229,1,unidad,unidad,Limpieza,Cloro y lavandina,Dinamic,5 L,1027|lavandina gel premium verde con eucaliptus|cloro y lavandina|5 l|dinamic|dinamicquim|lavandina|gel|premium|verde|bidon|bidón,0.45,0.4,"Producto de limpieza Lavandina Gel Premium Verde Con Eucaliptus, marca Dinamic, 5 L, listo para usar.",,True,True,pagina-1
1028,LAVANDINA EN GEL — 5 L,1290.0,229,1,unidad,unidad,Limpieza,Cloro y lavandina,Dinamic,5 L,1028|lavandina en gel|cloro y lavandina|5 l|dinamic|dinamicquim|lavandina|gel|bidon|bidón|5 litros|cinco litros,0.45,0.4,"Producto de limpieza Lavandina En Gel, marca Dinamic, 5 L, listo para usar.",,True,True,pagina-1
25,CLORO AL 104% — 5 L,815.0,229,1,unidad,unidad,Limpieza,Cloro y lavandina,Dinamic,5 L,25|cloro al 104%|cloro y lavandina|5 l|dinamic|dinamicquim|cloro|104|bidon|bidón|5 litros|cinco litros,0.45,0.4,"Producto de limpieza Cloro Al 104%, marca Dinamic, 5 L, listo para usar.",,True,True,pagina-1
26,LAVANDINA AL 55% — 5 L,704.0,229,1,unidad,unidad,Limpieza,Cloro y lavandina,Dinamic,5 L,26|lavandina al 55%|cloro y lavandina|5 l|dinamic|dinamicquim|lavandina|bidon|bidón|5 litros|cinco litros,0.45,0.4,"Producto de limpieza Lavandina Al 55%, marca Dinamic, 5 L, listo para usar.",,True,True,pagina-1
3075,ALGUICIDA CONCENTRADO 1+3 BIDON — 5 LT,38500.0,300,1,unidad,unidad,Pileta,Alguicida,Dinamiclor,5 LT,3075|alguicida concentrado 1+3 bidon|alguicida|5 lt|dinamic|dinamicquim|concentrado|1+3|bidon|bidón|5 litros|cinco litros,0.62,0.57,"Producto para pileta Alguicida Concentrado 1+3 Bidon, marca Dinamic, 5 LT, listo para usar.",,True,True,pagina-4
1076,PASTILLA DE CLORO TRIPLE ACCION 200 GR . — 1 KG,8200.0,300,1,unidad,unidad,Pileta,Cloro,Dinamiclor,1 KG,1076|pastilla de cloro triple accion 200 gr .|cloro|1 kg|dinamic|dinamicquim|pastilla|triple|accion|200,0.62,0.57,"Producto para pileta Pastilla De Cloro Triple Accion 200 Gr ., marca Dinamic, 1 KG, listo para usar.",,True,True,pagina-4
1077,CLORO POLVO POTE ( DISOLUCION RAPIDA) — 1 KG,7850.0,300,1,unidad,unidad,Pileta,Cloro,Dinamiclor,1 KG,1077|cloro polvo pote ( disolucion rapida)|cloro|1 kg|dinamic|dinamicquim|polvo|pote|disolucion|rapida,0.62,0.57,"Producto para pileta Cloro Polvo Pote ( Disolucion Rapida), marca Dinamic, 1 KG, listo para usar.",,True,True,pagina-4
1078,MICROBIOCIDA ( CLORO POLVO 3 EN 1 ) POTE — 1 KG,9400.0,300,1,unidad,unidad,Pileta,Cloro,Dinamiclor,1 KG,1078|microbiocida ( cloro polvo 3 en 1 ) pote|cloro|1 kg|dinamic|dinamicquim|microbiocida|polvo|pote,0.62,0.57,"Producto para pileta Microbiocida ( Cloro Polvo 3 En 1 ), marca Dinamic, 1 KG, listo para usar.",,True,True,pagina-4
1177,CLORO POLVO POTE ( DISOLUCION RAPIDA) — 5 KG,34450.0,300,1,unidad,unidad,Pileta,Cloro,Dinamiclor,5 KG,1177|cloro polvo pote ( disolucion rapida)|cloro|5 kg|dinamic|dinamicquim|polvo|pote|disolucion|rapida,0.62,0.57,"Producto para pileta Cloro Polvo Pote ( Disolucion Rapida), marca Dinamic, 5 KG, listo para usar.",,True,True,pagina-4
1178,MICROBIOCIDA ( CLORO POLVO 3 EN 1 ) POTE — 5 KG,42700.0,300,1,unidad,unidad,Pileta,Cloro,Dinamiclor,5 KG,1178|microbiocida ( cloro polvo 3 en 1 ) pote|cloro|5 kg|dinamic|dinamicquim|microbiocida|polvo|pote,0.62,0.57,"Producto para pileta Microbiocida ( Cloro Polvo 3 En 1 ), marca Dinamic, 5 KG, listo para usar.",,True,True,pagina-4
1040,CERA ACRILICA NEGRA AUTOBRILLO — 5 L,4500.0,355,1,unidad,unidad,Pisos,Ceras,Dinamic,5 L,1040|cera acrilica negra autobrillo|ceras|5 l|dinamic|dinamicquim|cera|acrilica|negra|autobrillo|bidon|bidón,0.75,0.7,"Producto para pisos Cera Acrilica Negra Autobrillo, marca Dinamic, 5 L, dilución 1+2.",,True,True,pagina-2
1042,CERA ACRILICA NATURAL AUTOBRILLO — 5 L,8695.0,355,1,unidad,unidad,Pisos,Ceras,Dinamic,5 L,1042|cera acrilica natural autobrillo|ceras|5 l|dinamic|dinamicquim|cera|acrilica|natural|autobrillo|bidon|bidón,0.75,0.7,"Producto para pisos Cera Acrilica Natural Autobrillo, marca Dinamic, 5 L, dilución 1+4.",,True,True,pagina-2
2040,CERA ACRILICA NEGRA AUTOBRILLO — 1 L,6475.0,355,1,unidad,unidad,Pisos,Ceras,Dinamic,1 L,2040|cera acrilica negra autobrillo|ceras|1 l|dinamic|dinamicquim|cera|acrilica|negra|autobrillo|litro|botella,0.75,0.7,"Producto para pisos Cera Acrilica Negra Autobrillo, marca Dinamic, 1 L, dilución 1+2.",,True,True,pagina-2
2041,CERA ACRILICA ROJA AUTOBRILLO — 1 L,6475.0,355,1,unidad,unidad,Pisos,Ceras,Dinamic,1 L,2041|cera acrilica roja autobrillo|ceras|1 l|dinamic|dinamicquim|cera|acrilica|roja|autobrillo|litro|botella,0.75,0.7,"Producto para pisos Cera Acrilica Roja Autobrillo, marca Dinamic, 1 L, dilución 1+2.",,True,True,pagina-2
2042,CERA ACRILICA NATURAL AUTOBRILLO — 1 L,9780.0,355,1,unidad,unidad,Pisos,Ceras,Dinamic,1 L,2042|cera acrilica natural autobrillo|ceras|1 l|dinamic|dinamicquim|cera|acrilica|natural|autobrillo|litro|botella,0.75,0.7,"Producto para pisos Cera Acrilica Natural Autobrillo, marca Dinamic, 1 L, dilución 1+4.",,True,True,pagina-2
1052,LIMPIADOR CONCENTRADO LECHOSO/TRANSPARENTE ARPEGE — 5 L,11950.0,409,1,unidad,unidad,Pisos,Limpiador concentrado,Línea tradicional,5 L,1052|limpiador concentrado lechoso/transparente arpege|limpiador concentrado|5 l|dinamic|dinamicquim|limpiador|concentrado|lechoso|transparente|bidon|bidón,0.88,0.83,"Producto para pisos Limpiador Concentrado Lechoso/Transparente Arpege, marca Dinamic, 5 L, dilución 1 LT + 60.",,True,True,pagina-2
1058,LIMPIADOR CONCENTRADO FLOR DE LIZ LECHOSO (VIOLETA) — 5 L,13000.0,409,1,unidad,unidad,Pisos,Limpiador concentrado,Línea innovadora,5 L,1058|limpiador concentrado flor de liz lechoso (violeta)|limpiador concentrado|5 l|dinamic|dinamicquim|limpiador|concentrado|flor|liz|bidon|bidón,0.88,0.83,"Producto para pisos LIMPIADOR CONCENTRADO FLOR DE LIZ LECHOSO (violeta), marca Dinamic, 5 L, dilución 1 LT + 60.",,True,True,pagina-2
1059,LIMPIADOR CONCENTRADO FRESCURAL LECHOSO (AMARILLO) — 5 L,13000.0,409,1,unidad,unidad,Pisos,Limpiador concentrado,Línea innovadora,5 L,1059|limpiador concentrado frescural lechoso (amarillo)|limpiador concentrado|5 l|dinamic|dinamicquim|limpiador|concentrado|frescural|lechoso|bidon|bidón,0.88,0.83,"Producto para pisos LIMPIADOR CONCENTRADO FRESCURAL LECHOSO (amarillo), marca Dinamic, 5 L, dilución 1 LT + 60.",,True,True,pagina-2
1070,CIPERMETRINA P/ DILUIR ( K-OTRINA ) EMULSIONADA DILUSION 1/20 LTS — 5 L,14400.0,409,1,unidad,unidad,Pisos,Limpiador concentrado,Línea clásica,5 L,1070|cipermetrina p/ diluir ( k-otrina ) emulsionada dilusion 1/20 lts|limpiador concentrado|5 l|dinamic|dinamicquim|cipermetrina|diluir|otrina|emulsionada|bidon|bidón,0.88,0.83,"Producto para pisos Cipermetrina P/ Diluir ( K-Otrina ) Emulsionada Dilusion, marca Dinamic, 5 L, dilución 1 LT + 20.",,True,True,pagina-2
1071,LIMPIADOR CONCENTRADO LAVANDA GLADE TRANSP. (VIOLETA) — 5 L,13000.0,409,1,unidad,unidad,Pisos,Limpiador concentrado,Línea innovadora,5 L,1071|limpiador concentrado lavanda glade transp. (violeta)|limpiador concentrado|5 l|dinamic|dinamicquim|limpiador|concentrado|lavanda|glade|bidon|bidón,0.88,0.83,"Producto para pisos LIMPIADOR CONCENTRADO LAVANDA GLADE TRANSP. (violeta), marca Dinamic, 5 L, dilución 1 LT + 60.",,True,True,pagina-2
1160,LIMPIADOR CONCENTRADO LECHOSO PROCENEX — 5 L,11950.0,409,1,unidad,unidad,Pisos,Limpiador concentrado,Línea tradicional,5 L,1160|limpiador concentrado lechoso procenex|limpiador concentrado|5 l|dinamic|dinamicquim|limpiador|concentrado|lechoso|procenex|bidon|bidón,0.88,0.83,"Producto para pisos Limpiador Concentrado Lechoso Procenex, marca Dinamic, 5 L, dilución 1 LT + 60.",,True,True,pagina-2
1170,LIMPIADOR CONCENTRADO CITRAL TRANSP. (VERDE) — 5 L,13000.0,409,1,unidad,unidad,Pisos,Limpiador concentrado,Línea innovadora,5 L,1170|limpiador concentrado citral transp. (verde)|limpiador concentrado|5 l|dinamic|dinamicquim|limpiador|concentrado|citral|transp|bidon|bidón,0.88,0.83,"Producto para pisos LIMPIADOR CONCENTRADO CITRAL TRANSP. (verde), marca Dinamic, 5 L, dilución 1 LT + 60.",,True,True,pagina-2
2058,LIMPIADOR CONCENTRADO FLOR DE LIZ LECHOSO (VIOLETA) — 1 L,3750.0,409,1,unidad,unidad,Pisos,Limpiador concentrado,Línea innovadora,1 L,2058|limpiador concentrado flor de liz lechoso (violeta)|limpiador concentrado|1 l|dinamic|dinamicquim|limpiador|concentrado|flor|liz|litro|botella,0.88,0.83,"Producto para pisos LIMPIADOR CONCENTRADO FLOR DE LIZ LECHOSO (violeta), marca Dinamic, 1 L, dilución 1 LT + 60.",,True,True,pagina-2
2070,CIPERMETRINA P/ DILUIR ( K-OTRINA ) EMULSIONADA DILUSION 1/20 LTS — 1 L,16700.0,409,1,unidad,unidad,Pisos,Limpiador concentrado,Línea clásica,1 L,2070|cipermetrina p/ diluir ( k-otrina ) emulsionada dilusion 1/20 lts|limpiador concentrado|1 l|dinamic|dinamicquim|cipermetrina|diluir|otrina|emulsionada|litro|botella,0.88,0.83,"Producto para pisos Cipermetrina P/ Diluir ( K-Otrina ) Emulsionada Dilusion, marca Dinamic, 1 L, dilución 1 LT + 20.",,True,True,pagina-2
2170,LIMPIADOR CONCENTRADO CITRAL TRANSP. (VERDE) — 1 L,3750.0,409,1,unidad,unidad,Pisos,Limpiador concentrado,Línea innovadora,1 L,2170|limpiador concentrado citral transp. (verde)|limpiador concentrado|1 l|dinamic|dinamicquim|limpiador|concentrado|citral|transp|litro|botella,0.88,0.83,"Producto para pisos LIMPIADOR CONCENTRADO CITRAL TRANSP. (verde), marca Dinamic, 1 L, dilución 1 LT + 60.",,True,True,pagina-2
1113,ALCOHOL ETILICO SUELTO 96º — 5 L,3333.0,229,1,unidad,unidad,Químicos,Insumos,Dinamic,5 L,1113|alcohol etilico suelto 96º|insumos|5 l|dinamic|dinamicquim|alcohol|etilico|suelto|bidon|bidón|5 litros,0.45,0.4,"Insumo químico Alcohol Etilico Suelto 96º, marca Dinamic, 5 L, listo para usar.",,True,True,pagina-3
1116,ALCOHOL EN GEL .(FORMULA SECADO RAPIDO) NO PEGAJOSO — 5 L,3333.0,229,1,unidad,unidad,Químicos,Insumos,Dinamic,5 L,1116|alcohol en gel .(formula secado rapido) no pegajoso|insumos|5 l|dinamic|dinamicquim|alcohol|gel|formula|secado|bidon|bidón,0.45,0.4,"Insumo químico Alcohol En Gel .(Formula Secado Rapido) No Pegajoso, marca Dinamic, 5 L, listo para usar.",,True,True,pagina-3
1140,ALCOHOL DE QUEMAR — 5 L,3333.0,229,1,unidad,unidad,Químicos,Insumos,Dinamic,5 L,1140|alcohol de quemar|insumos|5 l|dinamic|dinamicquim|alcohol|quemar|bidon|bidón|5 litros|cinco litros,0.45,0.4,"Insumo químico Alcohol De Quemar, marca Dinamic, 5 L, listo para usar.",,True,True,pagina-3
1112,JABON EN POLVO BAJA ESPUMA X 10 KG — 10 KG,16200.0,355,1,unidad,unidad,Ropa,Jabón en polvo,Dinamic,10 kg,1112|jabon en polvo baja espuma x 10 kg|jabón en polvo|10 kg|dinamic|dinamicquim|jabon|polvo|baja|espuma,0.75,0.7,"Producto para ropa Jabon En Polvo Baja Espuma X 10 Kg, marca Dinamic, 10 kg, listo para usar.",,True,True,pagina-3
1008,JABON LÍQUIDO VERDE B/E — 5 L,1200.0,409,1,unidad,unidad,Ropa,Jabón líquido,Dinamic,5 L,1008|jabon líquido verde b/e|jabón líquido|5 l|dinamic|dinamicquim|jabon|líquido|verde|bidon|bidón|5 litros,0.88,0.83,"Producto para ropa Jabon Líquido Verde B/E, marca Dinamic, 5 L, listo para usar.",,True,True,pagina-1
1009,JABON LÍQ. FUTURE ROSA B/E — 5 L,1200.0,409,1,unidad,unidad,Ropa,Jabón líquido,Dinamic,5 L,1009|jabon líq. future rosa b/e|jabón líquido|5 l|dinamic|dinamicquim|jabon|líq|future|rosa|bidon|bidón,0.88,0.83,"Producto para ropa Jabon Líq. Future Rosa B/E, marca Dinamic, 5 L, listo para usar.",,True,True,pagina-1
1010,JABON LÍQ.VERDE C/QUITAMANCHA — 5 L,1350.0,409,1,unidad,unidad,Ropa,Jabón líquido,Dinamic,5 L,1010|jabon líq.verde c/quitamancha|jabón líquido|5 l|dinamic|dinamicquim|jabon|líq|verde|quitamancha|bidon|bidón,0.88,0.83,"Producto para ropa Jabon Líq.Verde C/Quitamancha, marca Dinamic, 5 L, listo para usar.",,True,True,pagina-1
1011,JABON LÍQ.AZUL B/E — 5 L,1200.0,409,1,unidad,unidad,Ropa,Jabón líquido,Dinamic,5 L,1011|jabon líq.azul b/e|jabón líquido|5 l|dinamic|dinamicquim|jabon|líq|azul|bidon|bidón|5 litros,0.88,0.83,"Producto para ropa Jabon Líq.Azul B/E, marca Dinamic, 5 L, listo para usar.",,True,True,pagina-1
1012,JABON LIQUIDO C/SUAVI. LILA B/E — 5 L,1350.0,409,1,unidad,unidad,Ropa,Jabón líquido,Dinamic,5 L,1012|jabon liquido c/suavi. lila b/e|jabón líquido|5 l|dinamic|dinamicquim|jabon|liquido|suavi|lila|bidon|bidón,0.88,0.83,"Producto para ropa Jabon Liquido C/Suavi. Lila B/E, marca Dinamic, 5 L, listo para usar.",,True,True,pagina-1
1013,JABON LÍQUIDO BLANCO B/E (CON BLANQUEADOR) — 5 L,1350.0,409,1,unidad,unidad,Ropa,Jabón líquido,Dinamic,5 L,1013|jabon líquido blanco b/e (con blanqueador)|jabón líquido|5 l|dinamic|dinamicquim|jabon|líquido|blanco|con|bidon|bidón,0.88,0.83,"Producto para ropa Jabon Líquido Blanco B/E (Con Blanqueador), marca Dinamic, 5 L, listo para usar.",,True,True,pagina-1
1117,JABON LIQUIDO CELESTE CON BICARBONATO — 5 L,1350.0,409,1,unidad,unidad,Ropa,Jabón líquido,Dinamic,5 L,1117|jabon liquido celeste con bicarbonato|jabón líquido|5 l|dinamic|dinamicquim|jabon|liquido|celeste|con|bidon|bidón,0.88,0.83,"Producto para ropa Jabon Liquido Celeste Con Bicarbonato, marca Dinamic, 5 L, listo para usar.",,True,True,pagina-1
12,JABON LIQUIDO C/SUAVI. LILA B/E — 20 L,1000.0,409,1,unidad,unidad,Ropa,Jabón líquido,Dinamic,20 L,12|jabon liquido c/suavi. lila b/e|jabón líquido|20 l|dinamic|dinamicquim|jabon|liquido|suavi|lila|bidon 20|20 litros,0.88,0.83,"Producto para ropa Jabon Liquido C/Suavi. Lila B/E, marca Dinamic, 20 L, listo para usar.",,True,True,pagina-1
1120,JABON LIQ. CELESTIAL PLUS C/MICROCAPSULAS B/E (FROTAR ROPA) — 5 L,1600.0,355,1,unidad,unidad,Ropa,Jabón líquido premium,Dinamic,5 L,1120|jabon liq. celestial plus c/microcapsulas b/e (frotar ropa)|jabón líquido premium|5 l|dinamic|dinamicquim|jabon|liq|celestial|plus|bidon|bidón,0.75,0.7,"Producto para ropa Jabon Liq. Celestial Plus C/Microcapsulas B/E (Frotar Ropa), marca Dinamic, 5 L, listo para usar.",,True,True,pagina-1
1147,JABON LIQ. PREMIUN PROFESIONAL . 10 % MATERIA ACTIVA — 5 L,2000.0,355,1,unidad,unidad,Ropa,Jabón líquido premium,Dinamic,5 L,1147|jabon liq. premiun profesional . 10 % materia activa|jabón líquido premium|5 l|dinamic|dinamicquim|jabon|liq|premiun|profesional|bidon|bidón,0.75,0.7,"Producto para ropa Jabon Liq. Premiun Profesional . 10 % Materia, marca Dinamic, 5 L, listo para usar.",,True,True,pagina-1
1014,APRESTO PLANCHADO 1+1 — 5 L,1355.0,355,1,unidad,unidad,Ropa,Lavandina y pretreat,Dinamic,5 L,1014|apresto planchado 1+1|lavandina y pretreat|5 l|dinamic|dinamicquim|apresto|planchado|1+1|bidon|bidón|5 litros,0.75,0.7,"Producto para ropa Apresto Planchado 1+1, marca Dinamic, 5 L, dilución 1+1.",,True,True,pagina-1
1015,DESMANCHADOR DE ROPA PRELAVADO CONCENTRADO — 5 L,4660.0,355,1,unidad,unidad,Ropa,Lavandina y pretreat,Dinamic,5 L,1015|desmanchador de ropa prelavado concentrado|lavandina y pretreat|5 l|dinamic|dinamicquim|desmanchador|ropa|prelavado|concentrado|bidon|bidón,0.75,0.7,"Producto para ropa Desmanchador De Ropa Prelavado Concentrado, marca Dinamic, 5 L, dilución 1+4.",,True,True,pagina-1
1023,SHAMPOO ROPA FINA AMARILLO — 5 L,1410.0,355,1,unidad,unidad,Ropa,Lavandina y pretreat,Dinamic,5 L,1023|shampoo ropa fina amarillo|lavandina y pretreat|5 l|dinamic|dinamicquim|shampoo|ropa|fina|amarillo|bidon|bidón,0.75,0.7,"Producto para ropa Shampoo Ropa Fina Amarillo, marca Dinamic, 5 L, listo para usar.",,True,True,pagina-1
1171,DESMANCHADOR DE TELAS OXI -POWER LISTO — 5 L,2050.0,355,1,unidad,unidad,Ropa,Lavandina y pretreat,Dinamic,5 L,1171|desmanchador de telas oxi -power listo|lavandina y pretreat|5 l|dinamic|dinamicquim|desmanchador|telas|oxi|power|bidon|bidón,0.75,0.7,"Producto para ropa Desmanchador De Telas Oxi -Power Listo, marca Dinamic, 5 L, listo para usar.",,True,True,pagina-1
2014,APRESTO PLANCHADO 1+1 — 1 L,2500.0,355,1,unidad,unidad,Ropa,Lavandina y pretreat,Dinamic,1 L,2014|apresto planchado 1+1|lavandina y pretreat|1 l|dinamic|dinamicquim|apresto|planchado|1+1|litro|botella,0.75,0.7,"Producto para ropa Apresto Planchado 1+1, marca Dinamic, 1 L, dilución 1+1.",,True,True,pagina-1
2015,DESMANCHADOR DE ROPA PRELAVADO CONCENTRADO — 1 L,6100.0,355,1,unidad,unidad,Ropa,Lavandina y pretreat,Dinamic,1 L,2015|desmanchador de ropa prelavado concentrado|lavandina y pretreat|1 l|dinamic|dinamicquim|desmanchador|ropa|prelavado|concentrado|litro|botella,0.75,0.7,"Producto para ropa Desmanchador De Ropa Prelavado Concentrado, marca Dinamic, 1 L, dilución 1+4.",,True,True,pagina-1
1086,PERF.BASE ALCOHOL COLONIA BEBE — 5 L,2940.0,355,1,unidad,unidad,Ropa,Perfume textil,Dinamic,5 L,1086|perf.base alcohol colonia bebe|perfume textil|5 l|dinamic|dinamicquim|perf|base|alcohol|colonia|bidon|bidón,0.75,0.7,"Producto para ropa Perf.Base Alcohol Colonia Bebe, marca Dinamic, 5 L, listo para usar.",,True,True,pagina-3
1094,PERF.BASE ALCOCHOL TKT — 5 L,2940.0,355,1,unidad,unidad,Ropa,Perfume textil,Dinamic,5 L,1094|perf.base alcochol tkt|perfume textil|5 l|dinamic|dinamicquim|perf|base|alcochol|tkt|bidon|bidón,0.75,0.7,"Producto para ropa Perf.Base Alcochol Tkt, marca Dinamic, 5 L, listo para usar.",,True,True,pagina-3
1101,PERF.BASE ALCOHOL COLONIA — 5 L,2940.0,355,1,unidad,unidad,Ropa,Perfume textil,Dinamic,5 L,1101|perf.base alcohol colonia|perfume textil|5 l|dinamic|dinamicquim|perf|base|alcohol|colonia|bidon|bidón,0.75,0.7,"Producto para ropa Perf.Base Alcohol Colonia, marca Dinamic, 5 L, listo para usar.",,True,True,pagina-3
1172,PERF.BASE ALCOHOL A + — 5 L,2940.0,355,1,unidad,unidad,Ropa,Perfume textil,Dinamic,5 L,1172|perf.base alcohol a +|perfume textil|5 l|dinamic|dinamicquim|perf|base|alcohol|bidon|bidón|5 litros,0.75,0.7,"Producto para ropa Perf.Base Alcohol A +, marca Dinamic, 5 L, listo para usar.",,True,True,pagina-3
1018,SUAVIZANTE CELESTE — 5 L,980.0,409,1,unidad,unidad,Ropa,Suavizante,Dinamic,5 L,1018|suavizante celeste|suavizante|5 l|dinamic|dinamicquim|celeste|bidon|bidón|5 litros|cinco litros,0.88,0.83,"Producto para ropa Suavizante Celeste, marca Dinamic, 5 L, listo para usar.",,True,True,pagina-1
1019,SUAVIZANTE AMARILLO — 5 L,980.0,409,1,unidad,unidad,Ropa,Suavizante,Dinamic,5 L,1019|suavizante amarillo|suavizante|5 l|dinamic|dinamicquim|amarillo|bidon|bidón|5 litros|cinco litros,0.88,0.83,"Producto para ropa Suavizante Amarillo, marca Dinamic, 5 L, listo para usar.",,True,True,pagina-1
1021,SUAVIZANTE BLANCO — 5 L,980.0,409,1,unidad,unidad,Ropa,Suavizante,Dinamic,5 L,1021|suavizante blanco|suavizante|5 l|dinamic|dinamicquim|blanco|bidon|bidón|5 litros|cinco litros,0.88,0.83,"Producto para ropa Suavizante Blanco, marca Dinamic, 5 L, listo para usar.",,True,True,pagina-1
1022,SUAVIZANTE ROSA — 5 L,980.0,409,1,unidad,unidad,Ropa,Suavizante,Dinamic,5 L,1022|suavizante rosa|suavizante|5 l|dinamic|dinamicquim|rosa|bidon|bidón|5 litros|cinco litros,0.88,0.83,"Producto para ropa Suavizante Rosa, marca Dinamic, 5 L, listo para usar.",,True,True,pagina-1
1168,SUAVIZANTE AZUL — 5 L,980.0,409,1,unidad,unidad,Ropa,Suavizante,Dinamic,5 L,1168|suavizante azul|suavizante|5 l|dinamic|dinamicquim|azul|bidon|bidón|5 litros|cinco litros,0.88,0.83,"Producto para ropa Suavizante Azul, marca Dinamic, 5 L, listo para usar.",,True,True,pagina-1
1196,SUAVIZANTE LILA C/ MICROCAPSULAS (FROTAR ROPA) — 5 L,1350.0,409,1,unidad,unidad,Ropa,Suavizante,Dinamic,5 L,1196|suavizante lila c/ microcapsulas (frotar ropa)|suavizante|5 l|dinamic|dinamicquim|lila|microcapsulas|frotar|ropa|bidon|bidón,0.88,0.83,"Producto para ropa Suavizante Lila C/ Microcapsulas (Frotar Ropa), marca Dinamic, 5 L, listo para usar.",,True,True,pagina-1
19,SUAVIZANTE AMARILLO — 20 L,800.0,409,1,unidad,unidad,Ropa,Suavizante,Dinamic,20 L,19|suavizante amarillo|suavizante|20 l|dinamic|dinamicquim|amarillo|bidon 20|20 litros|granel,0.88,0.83,"Producto para ropa Suavizante Amarillo, marca Dinamic, 20 L, listo para usar.",,True,True,pagina-1
1082,FLUIDO EXTRA — 5 L,6050.0,229,1,unidad,unidad,Varios,Hogar,Dinamic,5 L,1082|fluido extra|hogar|5 l|dinamic|dinamicquim|fluido|extra|bidon|bidón|5 litros|cinco litros,0.45,0.4,"Producto de limpieza Fluido Extra, marca Dinamic, 5 L, listo para usar.",,True,True,pagina-2
1083,INSECTICIDA PERFUMADO T/ FLIT (BASE SOLVENTE ) — 5 L,6250.0,229,1,unidad,unidad,Varios,Hogar,Dinamic,5 L,1083|insecticida perfumado t/ flit (base solvente )|hogar|5 l|dinamic|dinamicquim|insecticida|perfumado|flit|base|bidon|bidón,0.45,0.4,"Producto de limpieza Insecticida Perfumado T/ Flit (Base Solvente ), marca Dinamic, 5 L, listo para usar.",,True,True,pagina-2
1124,FLIT CASA Y JARDIN — 5 L,2630.0,229,1,unidad,unidad,Varios,Hogar,Dinamic,5 L,1124|flit casa y jardin|hogar|5 l|dinamic|dinamicquim|flit|casa|jardin|bidon|bidón|5 litros,0.45,0.4,"Producto de limpieza Flit Casa Y Jardin, marca Dinamic, 5 L, listo para usar.",,True,True,pagina-2
1146,ACEITE P/ANTORCHAS CON CITRONELLA — 5 L,6240.0,229,1,unidad,unidad,Varios,Hogar,Dinamic,5 L,1146|aceite p/antorchas con citronella|hogar|5 l|dinamic|dinamicquim|aceite|antorchas|con|citronella|bidon|bidón,0.45,0.4,"Producto de limpieza Aceite P/Antorchas Con Citronella, marca Dinamic, 5 L, listo para usar.",,True,True,pagina-2
87,DESTAPACAÑERIAS — 5 L,1565.0,229,1,unidad,unidad,Varios,Hogar,Dinamic,5 L,87|destapacañerias|hogar|5 l|dinamic|dinamicquim|bidon|bidón|5 litros|cinco litros,0.45,0.4,"Producto de limpieza Destapacañerias, marca Dinamic, 5 L, listo para usar.",,True,True,pagina-2
