pedido_id,cliente_id,canal,n_lineas,n_matched,match_ratio,match_na,skus_matched,skus_unmatched,excerpt_humano
56,31756,chat,23,23,1.0,,10900010|4040004|4040267|4040127|4040269|700408|47031|4040005|7304|10900012|4040003|700407|1008879|10900020|10900011|3012500|10900021|10900014|10900019|4040008|7111|4040347|7005620,,"Hola, quiero hacer el siguiente pedido:  • 6 x 9 de Oro Cookies Chips Colores x120g (B/16) (Código: 4040267) • 6 x 9 de Oro Pepa Membrillo 200g (B/16) (Código: 4040127) • 10 x Bizcocho 9 de Oro Agridulce 420g (B/15) (Código: 4040005) • 10 x Bizcocho 9 de Oro Agridulces 200g (B/20) (Código: 4040003) • 4 x Galletas Mini Pamela chips choco x 180g (B/15) (Código: 10900014) • 4 x Galletas Mini Pamela Limon x180g (B/15) (Código: 10900012) • 4 x Galletas Mini Pamela Manteca x180g (B/15) (Código: 109000"
101,31927,chat,1,1,1.0,,4010002,,Hola   Hola   Anótame 1 caja de aceite cañuelas girasol de 900   Anótame 1 caja de aceite cañuelas girasol de 900   No no Solo eso   No no Solo eso   Gracias   Gracias
104,31258,tienda,5,,,catalogo_ui,,,"Catálogo   Catálogo   Hola, quiero hacer el siguiente pedido:  • 1 x Rumipal Agua sab.s/gas Manz 6x1,5L (Código: 122602) • 1 x Rumipal Agua sab.s/gas Pom.6x1,5L (Código: 122302) • 1 x Rumipal Agua bot.9x500cc (Código: 110205) • 2 x Rumipal Soda sif.6x2L (Código: 110203)  Gracias.   Hola, quiero hacer el siguiente pedido:  • 1 x Rumipal Agua sab.s/gas Manz 6x1,5L (Código: 122602) • 1 x Rumipal Agua sab.s/gas Pom.6x1,5L (Código: 122302) • 1 x Rumipal Agua bot.9x500cc (Código: 110205) • 2 x Rumipal"
105,34497,tienda,9,,,catalogo_ui,,,"Catálogo   Catálogo   Hoolaaa esto llegaría mañana??   Hoolaaa esto llegaría mañana??   3 Salsa pizza Noel  6 Aceite cañuela x 900 6 Harina leudante  Pásame cuánto es y cuando llegaría Gracias   3 Salsa pizza Noel  6 Aceite cañuela x 900 6 Harina leudante  Pásame cuánto es y cuando llegaría Gracias   Nooo aceite cañuelas de girasol x 900   Nooo aceite cañuelas de girasol x 900   NOOOOO CAÑUELAS X 900 girasol   NOOOOO CAÑUELAS X 900 girasol   Ese no es EL TOTAL 2866,5 18734 6866,7 Total 28466   E"
106,34510,tienda,10,,,catalogo_ui,,,"Hola te encargo una promoción de polvoritas.  Y rasta negro y blanco   Hola te encargo una promoción de polvoritas.  Y rasta negro y blanco   Y esto?   Y esto?   Polvorita de 81g, 4 de cada sabor.  Alfajor rasta x70g negro (6)   Polvorita de 81g, 4 de cada sabor.  Alfajor rasta x70g negro (6)   Catálogo   Catálogo   Hola, quiero hacer el siguiente pedido:  • 6 x Alfajor 9 de Oro Negro Rell/DDL (B/24) (Código: 400001) • 6 x Alfajor Toddy Mousse x50g (B/24) (Código: 5002357) • 6 x Alfajor Hamlet M"
107,36012,tienda,2,,,catalogo_ui,,,"Mandame catalogo  p ver   Mandame catalogo  p ver   Hola   10 deter cif de 300 cc, 6lav ayud de 1l   Hola   10 deter cif de 300 cc, 6lav ayud de 1l   Limon o verdes transp gel   Limon o verdes transp gel   Si   q nosea crema   Si   q nosea crema   Si el de limon   Si el de limon   Galletas vainillas tenes   Galletas vainillas tenes   No vainillas , no gallet savor vainilla , las q se usan para postres son alargaditas   No vainillas , no gallet savor vainilla , las q se usan para postres son alar"
108,36325,chat,6,6,1.0,,4010004|4050258|4050090|3012500|4010004|3012777,,"Hola, buen día, ¿cómo le va? ¿Cómo anda usted? Usted, señores, y que lo reemplaza a Rafael, le consulto, ¿tiene harina común y cuatro ceros? De esos necesito medio pack de la de cuatro ceros y de la común un pack entero. Aceite de litro y medio, una caja. No me acuerdo qué más era. Ah, las de harina de pizza, la pureza, de ese ponga medio pack también. Y ya me fijo si me falta alguito más y le aviso antes que empecé a ver el pedido.   Hola, buen día, ¿cómo le va? ¿Cómo anda usted? Usted, señores"
109,36396,tienda,12,,,catalogo_ui,,,Buenos días   Buenos días   X favor podes decirme q golosinas vendes?   X favor podes decirme q golosinas vendes?   Q días hacen reparto?   Q días hacen reparto?   Me podrías pasar precios de masticables miski de las a sugus ? Y no sé q chupetines venden si tenés algún catálogos?   Me podrías pasar precios de masticables miski de las a sugus ? Y no sé q chupetines venden si tenés algún catálogos?   Si quiero ver el catálogo x favor   Si quiero ver el catálogo x favor   Quisiera me pases el catál
112,43403,tienda,4,,,catalogo_ui,,,"Hola buen dia, consulta estamos a tiempo de realizar el pedido???   Hola buen dia, consulta estamos a tiempo de realizar el pedido???   Me podrías pasar la lista así veo?   Me podrías pasar la lista así veo?   Hola, quiero hacer el siguiente pedido:  • 4 x Aceite Girasol Canuelas 0.9l (B/12) (Código: 4010002) • 1 x Omeprazol Gene 20mg 15 compri (D/50) (Código: 41878) • 1 x Ibuprofeno 600mg x10 comp. Fabop (Código: 40310) • 12 x 9 de Oro Pepa Membrillo 350g (B/12) (Código: 4040357)  Gracias.   Ho"
113,43154,chat,8,8,1.0,,3012611|1013917|1013916|1013918|3012611|1013917|3012611|1013916,,Buen dia. Tenes los precios de jugo Baggio los chiquitos   Buen dia. Tenes los precios de jugo Baggio los chiquitos   Puede ser polvorita y jugo Baggio? Me mentenes el precio?   Puede ser polvorita y jugo Baggio? Me mentenes el precio?   No. Esas quiero   No. Esas quiero   50 polvoritas y 50 juguitos Baggio   50 polvoritas y 50 juguitos Baggio   Nooo   Nooo   Solo 50 de vainilla las polvoritas   Solo 50 de vainilla las polvoritas   Perfecto   Perfecto   406 ??   406 ??   Nooo que es esto   Nooo
114,43154,chat,2,2,1.0,,3012611|1013916,,Buen dia. Tenes los precios de jugo Baggio los chiquitos   Buen dia. Tenes los precios de jugo Baggio los chiquitos   Puede ser polvorita y jugo Baggio? Me mentenes el precio?   Puede ser polvorita y jugo Baggio? Me mentenes el precio?   No. Esas quiero   No. Esas quiero   50 polvoritas y 50 juguitos Baggio   50 polvoritas y 50 juguitos Baggio   Nooo   Nooo   Solo 50 de vainilla las polvoritas   Solo 50 de vainilla las polvoritas   Perfecto   Perfecto   406 ??   406 ??   Nooo que es esto   Nooo
116,45372,chat,5,5,1.0,,4070266|4070236|2029|2041|3012903,,"Gracias por tu mensaje. En este momento no podemos responder, pero lo haremos lo antes posible.   Gracias por tu mensaje. En este momento no podemos responder, pero lo haremos lo antes posible.   Buen día Ampi!!! Ahora te paso pedido.   Buen día Ampi!!! Ahora te paso pedido.   Premezcla pureza sin tacc  Pan rallado  Alfajor rasta   Premezcla pureza sin tacc  Pan rallado  Alfajor rasta   Tomate triturado   Tomate triturado   Pedido: 8 Premezcla pureza sin tacc x 520g  8 pan rallado Mc x 500g.   1"
118,41977,chat,8,8,1.0,,3014507|3014507|6518|4040145|3014507|6518|4040145|40053,,Voy a quitarte el traductor antes.   Voy a quitarte el traductor antes.   Edulcorante   Edulcorante   6 Edulcorante si-diet   6 Edulcorante si-diet   Focos   Focos   3014507   3014507   Lámpara Led  9w cod 6518   Lámpara Led  9w cod 6518   Madalenas   Madalenas   8   8   Magdalenas  cod 4040145   Magdalenas  cod 4040145   1 caja   1 caja   Maquinistas de afeitar   Maquinistas de afeitar   Maquinita cod 40053   Maquinita cod 40053   10 unidades   10 unidades   Gracias   Gracias   Si   Si   Gracia
120,43246,tienda,13,,,catalogo_ui,,,"Hola buen día   Hola buen día   Aceite   Aceite   Si que otra cosa tienen para ver   Si que otra cosa tienen para ver   Hola, quiero hacer el siguiente pedido:  • 3 x Galletitas Mini Criollitos Materos Pamela 180g (B/15) (Código: 13000001) • 3 x Galletitas Pamela Rellenas Vainilla x 97g (B/36) (Código: 10900022) • 3 x Galletitas Mini Pamela Limón 4 x 45g (B/8) (Código: 10900020) • 1 x Harina Leudante Pureza Ultra Refinada Vitamina D 1kg (B/10) (Código: 4050276) • 3 x Harina con Levadura Pureza p"
122,41276,chat,2,1,0.5,,1006151,50950,"Hola, buenas tardes. No sé si tenés tiempo de hacer un pedido porque no pasaste hoy por aquí y necesito, si tenés paragüitas, decime si tengo un pedido, por favor.   Hola, buenas tardes. No sé si tenés tiempo de hacer un pedido porque no pasaste hoy por aquí y necesito, si tenés paragüitas, decime si tengo un pedido, por favor.   Tenés rockley de un kilo qué marca y qué precio gracias   Tenés rockley de un kilo qué marca y qué precio gracias   Bueno agrégame los gomitas fantasía misky de.$ 7450"
123,37406,chat,3,2,0.6667,,4040248|4040280,4010002,"Hola , buen dia , estuve cerrado por vacaciones ...   Hola , buen dia , estuve cerrado por vacaciones ...   puede ser 1 caja de Aceite y tenes budin?   puede ser 1 caja de Aceite y tenes budin?   si , 10 Budines Dulce Mama Marmolado 170 g y 10 Budines 9 de oro chocolate 170 g ...   si , 10 Budines Dulce Mama Marmolado 170 g y 10 Budines 9 de oro chocolate 170 g ...   confirmo ...   confirmo ..."
124,46784,chat,3,0,0.0,,,4010002|4010002|4010002,"aceite   aceite   no   no   muchas gracias solo el aceite nomas x ahora   muchas gracias solo el aceite nomas x ahora   este quiero   este quiero   el q me ofreciste   el q me ofreciste   N 1   N 1   una caja quiero   una caja quiero   acá dice $35217,6   acá dice $35217,6   con el descuento   con el descuento   ok   ok   no solo eso nomas si   no solo eso nomas si   No, solo quiero una caja, la que me mandaste al principio, la promoción esa, quiero solo una caja, no quiero más, no quiero dos ca"
126,36079,chat,8,8,1.0,,2037|0023|2037|0023|700147|761145|700147|761145,,"Hola, voy a querer  5 panes integrales veneziana chico  4 blancos venezolana 5 alfajores tricolor 5 rasta negros y 5 blancos   Hola, voy a querer  5 panes integrales veneziana chico  4 blancos venezolana 5 alfajores tricolor 5 rasta negros y 5 blancos   No   No   Pan lactal perdon   Pan lactal perdon   Lactal Integral y pan lactal blanco   Lactal Integral y pan lactal blanco   No sé pancho y no de hamburguesa   No sé pancho y no de hamburguesa   5 integral solo y 4 blancos   5 integral solo y 4"
128,31560,chat,1,0,0.0,,,4010002,"Hola 👋🏻   Hola 👋🏻   Me mandas 2 3 cajas ...   Me mandas 2 3 cajas ...   No   No   3 cajas   3 cajas   No por ahora eso ...   No por ahora eso ...   Y me decís que días estarías pasando ?   Y me decís que días estarías pasando ?   El precio del aceite me dice ahí  35.217   El precio del aceite me dice ahí  35.217   La imagen muestra la pantalla de una aplicación de calculadora en un dispositivo móvil. En la parte superior, se visualiza la hora ""14:02"" y los iconos de señal de red, batería (al 83%"
129,31258,tienda,5,,,catalogo_ui,,,"Hola el aceite si pero pasame el catalogo para poner comprar otra cosa   Hola el aceite si pero pasame el catalogo para poner comprar otra cosa   1caja,tienen agua mineral de 2   1caja,tienen agua mineral de 2   Hola, quiero hacer el siguiente pedido:  • 8 x Jugo Baggio Pronto Durazno 1000cc (B/8) (Código: 3012720) • 1 x Agua Mineral Rumipal Botella 9 x 500cc (Código: 110205) • 2 x Soda Rumipal Sifón 6 x 2L (Código: 110203) • 12 x Puré de Tomate De La Huerta 530cc Slim (B/12) (Código: 3012777) •"
130,31600,tienda,25,,,catalogo_ui,,,"Buenas tardes. Quisiera saber que días pasan por la zona.   Buenas tardes. Quisiera saber que días pasan por la zona.   Osea si se hace el jueves llega el lunes?   Osea si se hace el jueves llega el lunes?   Me podrías enviar un links para ver todos los productos en la tienda   Me podrías enviar un links para ver todos los productos en la tienda   Hola, quiero hacer el siguiente pedido:  • 12 x Puré de Tomate De La Huerta 530cc Slim (B/12) (Código: 3012777) • 4 x Galletitas Mediatarde 315g (B/14"
131,36269,tienda,5,,,catalogo_ui,,,Buen día Recibí su pedido hace dos días Aprovecho para pedir que no me facturen en consumidor final sino en A   Buen día Recibí su pedido hace dos días Aprovecho para pedir que no me facturen en consumidor final sino en A   Hace falta que pase mi cuit?   Hace falta que pase mi cuit?   20-43135048-4   20-43135048-4   AGREGAR   AGREGAR   5 pizza veneziana x 2 4 harina pureza integral   5 pizza veneziana x 2 4 harina pureza integral   No salía 35.217 la caja de cañuelas?   No salía 35.217 la caja d
133,36291,chat,2,0,0.0,,,4010002|4010002,"ACEITE   ACEITE   Hola. Arriba dice precio Final Bonificado $35.217.6   Hola. Arriba dice precio Final Bonificado $35.217.6   La imagen muestra una captura de pantalla de una conversación en una aplicación de mensajería llamada ""Campi Ampi"". El mensaje informa sobre un descuento exclusivo del 8% válido por 24 horas para reposición de stock. Se detalla que el beneficio es aplicable en compras por caja cerrada, donde se ahorra $3.062,4 por caja.  El precio final bonificado es de $35.217,6, resalta"
135,36541,chat,1,0,0.0,,,4010002,"Aceite   Aceite   Porque el total es 3062,4 más?   Porque el total es 3062,4 más?   Confirmar   Confirmar"
137,34570,tienda,3,,,catalogo_ui,,,"hola buen dia tenes dulce de membrillo Noel  cajon x 5k y batata Noel cajon x 5k ??   hola buen dia tenes dulce de membrillo Noel  cajon x 5k y batata Noel cajon x 5k ??   pasame listado de productos   pasame listado de productos   Hola, quiero hacer el siguiente pedido:  • 10 x Galletitas Surtido Lía x 400g (B/21) (Código: 1014902) • 1 x Dulce de Membrillo Noel 5 Kg (Código: 1000008) • 1 x Jugo en Polvo Noel Multifruta 18 x 16g (B/12) (Código: 1014257)  Gracias.   Hola, quiero hacer el siguient"
138,37837,chat,1,0,0.0,,,4010002,Aceitr Aceite   Aceitr Aceite   1 caja   1 caja   Eso nomas   Eso nomas
139,44372,chat,1,0,0.0,,,4010002,"Hola,,puede ser 2 cajas   Hola,,puede ser 2 cajas   Eso solo Gracias   Eso solo Gracias"
140,34406,tienda,4,,,catalogo_ui,,,"Hola qué tal, buen día. Tengo una preguntita. Cremas Sancor, mantecas de 100 y de 200 Sancor, dulce de leche de 400 Sancor también. ¿Hay algo?   Hola qué tal, buen día. Tengo una preguntita. Cremas Sancor, mantecas de 100 y de 200 Sancor, dulce de leche de 400 Sancor también. ¿Hay algo?   6 dulce de leche x400 10 mantecas x100 10 mantecas x200 3 mendicrim descrem.   6 dulce de leche x400 10 mantecas x100 10 mantecas x200 3 mendicrim descrem.   Y después, bueno, si tenés un PDF con la lista de pr"
141,31325,chat,6,6,1.0,,410003|410002|410003|410002|410001|410001,,Hola. Necesito mayonesa cañuelas de 500 g De 250 y de 125.   Hola. Necesito mayonesa cañuelas de 500 g De 250 y de 125.   8 unidades de cada una.   8 unidades de cada una.   Completar con mayonesa cañuelas de 125 hasta lllegar al mínimo   Completar con mayonesa cañuelas de 125 hasta lllegar al mínimo   No haceme el pedido de 30 mil.   No haceme el pedido de 30 mil.   Si. Cuando llega?   Si. Cuando llega?   El pedido era de 30 mil   El pedido era de 30 mil   Si   Si   Dos quesos en hebras 4 queso
143,36079,chat,6,6,1.0,,761145|700147|761145|700143|761145|700143,,"Buen día , voy a querer  8 pan lactal veneziana integral chico 8 lactal blanco veneziana chico   Buen día , voy a querer  8 pan lactal veneziana integral chico 8 lactal blanco veneziana chico   Pan integral   Pan integral   Hola, ahí me estás poniendo dos panes de tartar blanco. Yo quiero ocho blancos de tartar chico y ocho integrales de la venezolana chico.   Hola, ahí me estás poniendo dos panes de tartar blanco. Yo quiero ocho blancos de tartar chico y ocho integrales de la venezolana chico."
144,32197,tienda,13,,,catalogo_ui,,,"Hola buen día . Algún catálogo para ver o la página?   Hola buen día . Algún catálogo para ver o la página?   Hola, quiero hacer el siguiente pedido:  • 6 x Galletitas Mediatarde 315g (B/14) (Código: 1014358) • 2 x Galletitas Mini Pamela Chips Chocolate 4 x 45g (B/8) (Código: 10900021) • 2 x Galletitas Mini Pamela Coco 4 x 45g (B/8) (Código: 10900019) • 6 x Galletitas Mini Criollitos Materos Pamela 180g (B/15) (Código: 13000001) • 3 x Premezcla Bizcochuelo Chocolate Mamá Cocina Vitamina D 540g ("
145,36263,chat,7,4,0.5714,,4070134|4050133|4050132|3012777,4050124|4010146|4040108,"hola  pedido , avena box   hola  pedido , avena box   si , 3 und de cda variedad,   si , 3 und de cda variedad,   pure baggio de530  a cuanto esta   pure baggio de530  a cuanto esta   pure de tomate baggio de 530gr   pure de tomate baggio de 530gr   si 2 pax   si 2 pax   si   si   Si vocación simple vainilla   Si vocación simple vainilla   Una caja   Una caja   si confirmo   si confirmo"
148,36387,chat,6,6,1.0,,4040003|4010002|4040003|4010002|1013918|1013916,,Hola!   Hola!   Necesito 9 de oro agridulce 9  Aceite cañuelas de 900 4 unidades   Necesito 9 de oro agridulce 9  Aceite cañuelas de 900 4 unidades   Vainillas Mauri 8   Vainillas Mauri 8   Bizcochos agridulce de 200gr   Bizcochos agridulce de 200gr   Si el aceite   Si el aceite   Si 8 unidades   Si 8 unidades   Polvoritas de chocolate 81gr 4  Polvoritas de vainilla 81gr 3   Polvoritas de chocolate 81gr 4  Polvoritas de vainilla 81gr 3   No quiero aqualoe   No quiero aqualoe   Si   Si   Confirmo
149,34583,chat,5,5,1.0,,1014257|1014256|1014254|1014255|1014258,,Perdonxla ignorancia q es aqualoe? Alguna crema para el cuerpo?😊   Perdonxla ignorancia q es aqualoe? Alguna crema para el cuerpo?😊   Tienen jugo noel?   Tienen jugo noel?   2 cj de cada sabor   2 cj de cada sabor   Aqualoe muy lindo pero esta el gatorade a mitad de precio dificil para vender   Aqualoe muy lindo pero esta el gatorade a mitad de precio dificil para vender   🤖confirmado🤗   🤖confirmado🤗   Solo los jugos xahora   Solo los jugos xahora
150,44823,chat,3,2,0.6667,,2037|75,73,"Buenas,no entiendo el mensaje, si pido hoy cuando entregan?   Buenas,no entiendo el mensaje, si pido hoy cuando entregan?   1Dol chester dorado 1 Red Point 2 caja alfajor Rasta negro   1Dol chester dorado 1 Red Point 2 caja alfajor Rasta negro   Falta el Red point comun   Falta el Red point comun   Confirmo gracias   Confirmo gracias"
151,43044,chat,9,7,0.7778,,2029|4010002|2029|4010002|2037|4010002|2037,7005920|4040294,Hola cómo andas una caja rasta negro y una caja aceite cañuelas   Hola cómo andas una caja rasta negro y una caja aceite cañuelas   Sisi ese es el pedido nada más gracias   Sisi ese es el pedido nada más gracias
152,41385,tienda,13,,,catalogo_ui,,,"Catalogo   Catalogo   Hola, quiero hacer el siguiente pedido:  • 1 x Bombón Dos Corazones 20 x 26g Felfort (Código: 50750) • 1 x Bombón Marroc 20 x 14g Felfort (B/24) (Código: 50612) • 5 x Harina con Levadura Pureza para Pizza 1Kg (B/10) (Código: 4050090) • 5 x Harina Cañuelas 000 Ultra Refinada Vitamina D 1kg (B/10) (Código: 4050258) • 6 x Puré de Tomate De La Huerta 530cc Slim (B/12) (Código: 3012777) • 10 x Bizcochos 9 de Oro Clásicos 200g (B/24) (Código: 4040293) • 10 x Bizcochos 9 de Oro Ag"
157,31889,tienda,12,,,catalogo_ui,,,"Me podrías pasar lista de precios de todos los productos?; gracias   Me podrías pasar lista de precios de todos los productos?; gracias   Hola, quiero hacer el siguiente pedido:  • 2 x Puré de Tomate De La Huerta 530cc Slim (B/12) (Código: 3012777) • 1 x Gelatina Sabor Frutilla Noel 8 x 25g (B/6) (Código: 1014556) • 1 x Galletitas Mediatarde 315g (B/14) (Código: 1014358) • 10 x Mate Cocido Playadito Saquitos 25 (D/10) (Código: 40305) • 1 x Azúcar Dulcy 10 x 1kg (Código: 13099) • 1 x Harina Leuda"
159,32212,chat,18,18,1.0,,44060004|44060002|4060034|4060032|4050276|4040269|4040267|1014612|1014362|1014188|1013619|1004043|1001571|700409|700406|410001|4050258|3014507,,"Hola, quiero hacer el siguiente pedido:  • 3 x Crema de Leche Las Tres Niñas Clásica para Cocinar 200cc (B/18) (Código: 44060004) • 3 x Crema de Leche Las Tres Niñas Original para Batir 200cc (B/18) (Código: 44060002) • 12 x Fideos San Agustín Pamperito x 500g (B/12) (Código: 4060034) • 12 x Fideos San Agustín Cabello de Ángel x 500g (B/12) (Código: 4060032) • 10 x Harina Leudante Pureza Ultra Refinada Vitamina D 1kg (B/10) (Código: 4050276) • 6 x Galletitas 9 de Oro Cookies con Chips 120g (B/16"
162,34565,chat,10,10,1.0,,4450010|4450010|800006|4450010|800006|4050276|4450010|800006|4050276|4050096,,"Hola 1 pac harina comun   Hola 1 pac harina comun   Tostadas de arroz??? Cuál te es   Tostadas de arroz??? Cuál te es   10 de arroz saladas  ala clasicas   10 de arroz saladas  ala clasicas   5 unidades de la libera   5 unidades de la libera   1 pak harina leudante   1 pak harina leudante   Quería un pan, buen día, un pan gallina levante la pureza también me puede agregar y ya me fijo que otra cosa.   Quería un pan, buen día, un pan gallina levante la pureza también me puede agregar y ya me fijo"
163,31932,chat,4,4,1.0,,5071086|5071087|5072269|5072676,,"Hola, ¿cómo andas? Quería preguntar si hay manteca Sancor de 100 y 200 y crema Sancor de 200.   Hola, ¿cómo andas? Quería preguntar si hay manteca Sancor de 100 y 200 y crema Sancor de 200.   10 y 10   10 y 10   Agregame 2 tholem de salame clásico y del otro   Agregame 2 tholem de salame clásico y del otro   Si   Si   Nada mas   Nada mas"
164,34636,tienda,16,,,catalogo_ui,,,"Hola buen día   Hola buen día   Me manda catálogo y Pre precios   Me manda catálogo y Pre precios   Hola, quiero hacer el siguiente pedido:  • 3 x Crema de Leche Las Tres Niñas Clásica para Cocinar 200cc (B/18) (Código: 44060004) • 3 x Crema de Leche Las Tres Niñas Original para Batir 200cc (B/18) (Código: 44060002) • 3 x Galletitas Pamela Rellenas Chocolate x 97g (B/36) (Código: 10900023) • 3 x Galletitas Pamela Rellenas Vainilla x 97g (B/36) (Código: 10900022) • 4 x Lentejas Inca x 350g (B/24)"
165,36165,tienda,21,,,catalogo_ui,,,"Buen día! Naty está de vacas?   Buen día! Naty está de vacas?   Catalogo   Catalogo   Dale gracias   Dale gracias   Hola, quiero hacer el siguiente pedido:  • 12 x Premezcla Buñuelos Espinaca Mamá Cocina 400g (B/12) (Código: 40700027) • 12 x Premezcla Cookies con Chips Mamá Cocina 300g (B/12) (Código: 40700172) • 6 x Edulcorante Cañuelas Clásico 200ml (B/6) (Código: 4090001) • 6 x Premezcla Brownies Vitamina D Mamá Cocina 425g (B/12) (Código: 4070204) • 6 x Premezcla Chipá Mamá Cocina Plus 250g"
168,38012,chat,2,2,1.0,,2029|0023,,"Buen dia, hay alfajor rasta?   Buen dia, hay alfajor rasta?   3 cajas rasta negro B18 2 cajas rasta blanco B 18   3 cajas rasta negro B18 2 cajas rasta blanco B 18   Eso es todo   Eso es todo   Ok gracias   Ok gracias"
169,41694,chat,5,5,1.0,,4040005|62158|61274|10900010|4040005,,"Hola, buen día, 10 nueves de oro agridulce, 4 lavandinas, ya sea gigante o ayudin, y 4 desodorante de piso de lavanda o de limón, mejor de limón, y si no hay limón, lavanda. Las galletitas Pamela las venden ustedes? Si venden las galletitas Pamela puede ser una 6 Pamela de manteca. Gracias.   Hola, buen día, 10 nueves de oro agridulce, 4 lavandinas, ya sea gigante o ayudin, y 4 desodorante de piso de lavanda o de limón, mejor de limón, y si no hay limón, lavanda. Las galletitas Pamela las venden"
170,31600,chat,25,25,1.0,,5073186|4070208|4060030|4060028|4060024|4050276|4040004|4040003|3014505|3012777|3012500|1014902|1014613|1014358|1013446|1013092|1008879|1008876|761750|700181|700163|700159|1003108|1013030|3014507,,"Hola, quiero hacer el siguiente pedido:  • 3 x Dulce de Leche Clásico x 400g Sancor (B/24) (Código: 5073186) • 2 x Premezcla Bizcochuelo Vainilla Mamá Cocina Vitamina D 540g (B/12) (Código: 4070208) • 3 x Fideos San Agustín Codito x 500g (B/12) (Código: 4060030) • 3 x Fideos San Agustín Mostachol x 500g (B/12) (Código: 4060028) • 4 x Fideos San Agustín Ñoquis x 500g (B/12) (Código: 4060024) • 4 x Harina Leudante Pureza Ultra Refinada Vitamina D 1kg (B/10) (Código: 4050276) • 5 x Bizcochos 9 de O"
171,31749,tienda,7,,,catalogo_ui,,,"Buen día, ¿cómo estás? Pásame el catálogo por acá, para que vea. Gracias.   Buen día, ¿cómo estás? Pásame el catálogo por acá, para que vea. Gracias.   Tenés yerba canarias   Tenés yerba canarias   La yerba de 500 agrégame 6 de esas  Prepizza veneziana x 2  agrégame 6   La yerba de 500 agrégame 6 de esas  Prepizza veneziana x 2  agrégame 6   Harina pureza pizza  1 pack   Harina pureza pizza  1 pack   Arroz mandisovi de medio 2 pack Largo fino   Arroz mandisovi de medio 2 pack Largo fino   Cuando"
172,43561,tienda,10,,,catalogo_ui,,,"Catalogo   Catalogo   Hola, tengo el pedido por acá, puede ser en audio más fácil. Necesito polvoritos, 10 de frutilla, 10 de vainilla y poneme 5 de chocolate, poneme las 9 de oro, poneme 10 de cada una, 10 de las bizcocho, 10 azucaradas y 10 dulces. Yo uso la de, para que te diga, de 200 gramos. Y si tienes las Pamela necesitaría 5, 5 de manteca, 5 de vainilla, no se que otra más viene.   Hola, tengo el pedido por acá, puede ser en audio más fácil. Necesito polvoritos, 10 de frutilla, 10 de vai"
173,43561,tienda,9,,,catalogo_ui,,,"Catalogo   Catalogo   Hola, tengo el pedido por acá, puede ser en audio más fácil. Necesito polvoritos, 10 de frutilla, 10 de vainilla y poneme 5 de chocolate, poneme las 9 de oro, poneme 10 de cada una, 10 de las bizcocho, 10 azucaradas y 10 dulces. Yo uso la de, para que te diga, de 200 gramos. Y si tienes las Pamela necesitaría 5, 5 de manteca, 5 de vainilla, no se que otra más viene.   Hola, tengo el pedido por acá, puede ser en audio más fácil. Necesito polvoritos, 10 de frutilla, 10 de vai"
175,45813,chat,17,17,1.0,,4040139|4040005|4040003|4040002|1013916|4040139|4040005|4040003|4040002|1013916|4040127|4040139|4040005|4040003|4040002|1013916|4040127,,Hola tenés Magdalenas?   Hola tenés Magdalenas?   9 de oro agridulce y común ? Polvoritas Pepas   9 de oro agridulce y común ? Polvoritas Pepas   ponenme las magdalenas rellenas esas con dulce de leche la de dulce mamá y ponenme 10 paquetes de esa las nueve de oro los bizcochitos los agridulces el paquete el de 420 ponenme 10 y ponenme de los de 200 gramos ponenme 6 no 10 paquetes también 10 paquetes de los de 200 y 10 paquetes de los 420 de los agridulces y de los comunes de los clásicos son lo
180,31889,tienda,9,,,catalogo_ui,,,"Hola buen día!! Me podrías pasar el link del catálogo de todos los productos   Hola buen día!! Me podrías pasar el link del catálogo de todos los productos   Hola, quiero hacer el siguiente pedido:  • 4 x Queso Crema Mendicrim Sancor 290g (B/12) (Código: 5074004) • 4 x Fideos San Agustín Pamperito x 500g (B/12) (Código: 4060034) • 4 x Fideos San Agustín Ave María x 500g (B/12) (Código: 4060033) • 4 x Madalenas Dulce Mamá con Dulce de Leche 200g (B/10) (Código: 4040307) • 12 x Puré de Tomate De L"
181,62079,tienda,5,,,catalogo_ui,,,Cerro pan de azúcar 727 embalse   Cerro pan de azúcar 727 embalse   Hacen la zona de embalse?   Hacen la zona de embalse?   [location]   [location]   [location]   [location]   Cerro pan de azúcar 727 Aguada de Reyes embalse   Cerro pan de azúcar 727 Aguada de Reyes embalse   Cerveza en botella plástica   Cerveza en botella plástica   O catálogo   O catálogo   Cerveza de litro no encontré en el catálogo la Golden   Cerveza de litro no encontré en el catálogo la Golden   Ya hice el pedido desde el
182,41623,tienda,33,,,catalogo_ui,,,"hola buenas tardes   hola buenas tardes   tendras una lista de precios?   tendras una lista de precios?   Hola, quiero hacer el siguiente pedido:  • 4 x Jabón Líquido Ala 800ml (B/12) (Código: 68818369) • 6 x Lavandina Ayudín 1000ml Clásica (B/15) (Código: 2761044) • 2 x Lavandina en Gel Ayudín 700ml Original (B/15) (Código: 2760233) • 2 x Detergente Gigante Limón 500ml (B/24) (Código: 62387) • 5 x Suavizante Gigante Económico 800cc (B/12) (Código: 62128) • 2 x Barra Quitamanchas Gigante 75g 12"
183,33009,tienda,13,,,catalogo_ui,,,"Hola buenos días   Hola buenos días   Me pasarias el link para realizar el pedido por la web   Me pasarias el link para realizar el pedido por la web   Hola, quiero hacer el siguiente pedido:  • 6 x Brownie de Chocolate 9 de Oro x 45g (B/21) (Código: 40700407) • 3 x Pan para Hamburguesa con Sésamo Veneziana 210g / 4 (B/21) (Código: 19000413) • 1 x Tostadas Firenze Light x 920g fraccionado (B/5) (Código: 10300052) • 3 x Edulcorante Cañuelas Clásico 200ml (B/6) (Código: 4090001) • 9 x Puré de Toma"
184,41694,chat,11,10,0.9091,,4040004|4040002|62158|62026|4060034|4060025|4060033|4040005|4060059|61275,410003,"Hola, buen día. ¿Pasará el preventista hoy o mañana para levantar el pedido? Porque eso el otro día pedí las nueve de oro y me mandaron las grandes, el pedido por teléfono, o sea, que no es lo mismo pedir por teléfono que cuando pasa el preventista. Si no, avísame para pedir, para hacer el pedido, cosa que me hace falta porque capaz que mañana, porque antes venían los viernes, no sé, bueno, si va a pasar hoy, si no va a pasar el preventista. Gracias.   Hola, buen día. ¿Pasará el preventista hoy"
185,45845,chat,5,3,0.6,,5072513|4050090|5072514,44060002|1014358,"Hola, Lini, ¿cómo estás? Buen día. Te hablo acá del porteño de Cárcalo. ¿Me decís el precio del cuatro quesos de chelita? ¿Cuánto está el kilo?   Hola, Lini, ¿cómo estás? Buen día. Te hablo acá del porteño de Cárcalo. ¿Me decís el precio del cuatro quesos de chelita? ¿Cuánto está el kilo?   Nene, estás seguro que ese es el precio de la horma, porque por lo que me da los 100 gramos me da para 140 pesos.   Nene, estás seguro que ese es el precio de la horma, porque por lo que me da los 100 gramos"
186,62079,tienda,6,,,catalogo_ui,,,"Llegan hasta embalse?   Llegan hasta embalse?   Que preventista viene?   Que preventista viene?   A dónde llamo   A dónde llamo   Pásame el el enlace   Pásame el el enlace   Hola, quiero hacer el siguiente pedido:  • 1 x Cigarrillos Boxer Rojo (Código: 80)  Gracias.   Hola, quiero hacer el siguiente pedido:  • 1 x Cigarrillos Boxer Rojo (Código: 80)  Gracias.   Todos   Todos   Si   Si   El pedido que hice la semana pasada nunca llego   El pedido que hice la semana pasada nunca llego   Cómo me co"
187,35685,chat,11,9,0.8182,,4040167|4040108|761145|700407|700408|700143|700163|700159|3012720,30012852|3012721,"Hola, quiero hacer el siguiente pedido:  • 10 x Obleas 9 de Oro Frutilla y Vainilla 100g (B/28) (Código: 4040167) • 5 x Oblea Doble Vainilla con Naranja 100g (B/28) (Código: 4040108) • 3 x Pan Lacteado Veneziana 400g (Código: 761145) • 1 x Grisines con Salvado Veneziana x 180g (B/15) (Código: 700407) • 1 x Grisines Trisalvado Light Cormillot x 180g (B/15) (Código: 700408) • 3 x Pan Integral Cormillot 360g (Código: 700143) • 2 x Pan para Pancho Veneziana 210g / 6 (Código: 700163) • 2 x Pan para H"
189,34413,chat,1,1,1.0,,13099,,Azucar ?   Azucar ?   Azucar  dulcy 10 bultos   Azucar  dulcy 10 bultos   Solo eso cuando llega?   Solo eso cuando llega?   Si   Si
192,44593,tienda,8,,,catalogo_ui,,,Catalogo   Catalogo   [Consulta con foto por WhatsApp] Contenido visto en la imagen (para catálogo/pedido): - 5 bolsa Alamaltic x4000g - 5 detergente gigante - 5 pan de jabón (marca no legible) - 1 jabón líquido Gramby 6 - 1 cigarrillo amarillo euro  La intención es realizar un pedido de los productos listados.   [Consulta con foto por WhatsApp] Contenido visto en la imagen (para catálogo/pedido): - 5 bolsa Alamaltic x4000g - 5 detergente gigante - 5 pan de jabón (marca no legible) - 1 jabón líq
198,64275,tienda,16,,,catalogo_ui,,,"Genial sisis pásame catálogo y precios   Genial sisis pásame catálogo y precios   E informame de cuando pasan por la zona, si tienen distribuidor etc   E informame de cuando pasan por la zona, si tienen distribuidor etc   Y q día de la semana vienen?   Y q día de la semana vienen?   Hay monto mínima de compra?   Hay monto mínima de compra?   Se paga en efectivo o se puede por transferencia?   Se paga en efectivo o se puede por transferencia?   Ok dale gracias!   Ok dale gracias!   El pedido se h"
199,37114,tienda,7,,,catalogo_ui,,,"Catálogo   Catálogo   Hola, quiero hacer el siguiente pedido:  • 4 x Leche en Polvo Sancor Instantánea Entera 800g (B/12) (Código: 5074383) • 10 x Dulce de Leche Clásico x 400g Sancor (B/24) (Código: 5073186) • 10 x Harina Pureza Multicereal Masa Madre 1kg (B/10) (Código: 4050339) • 20 x Harina Cañuelas 000 Ultra Refinada Vitamina D 1kg (B/10) (Código: 4050258) • 12 x Aceite de Girasol Cañuelas 0.9L (B/12) (Código: 4010002) • 12 x Puré de Tomate De La Huerta 530cc Slim (B/12) (Código: 3012777)"
201,32132,tienda,1,,,catalogo_ui,,,Hola me pasas lista por fabor   Hola me pasas lista por fabor   Quisiera aceite cañuelas de 1.500   Quisiera aceite cañuelas de 1.500   Cuando lo traerias   Cuando lo traerias   2 cajas de aceite   2 cajas de aceite   Pero me tenes que confirmar que viene mañana   Pero me tenes que confirmar que viene mañana   Porq el último pedido no lo trajeron   Porq el último pedido no lo trajeron   Ok lo espero   Ok lo espero   Hola sabes si los aceites estan en camino??   Hola sabes si los aceites estan en
202,32951,tienda,5,,,catalogo_ui,,,"CATALOGO   CATALOGO   Hola.  Necesito: 6 cremas para cocinar.  1Queso saldo 6 harinas leudantes. 6 pureza par pizza. 6 la andinas ayudin.   Gracias   Hola.  Necesito: 6 cremas para cocinar.  1Queso saldo 6 harinas leudantes. 6 pureza par pizza. 6 la andinas ayudin.   Gracias   Yo pedí queso sardo, para rallar, no mendicrim.   Y 6 lavandinas ayudin ,no lentejas   Yo pedí queso sardo, para rallar, no mendicrim.   Y 6 lavandinas ayudin ,no lentejas   Quiero lavandina ayudin   Quiero lavandina ayudi"
208,36265,chat,2,2,1.0,,4010002|4050089,,"Hola, buenos días. Escuchenme una cosita, no sé si esto es una cargada que es lo que me hacen. Hace más de 10 años que yo les compro a ustedes. Dos pedidos que no llegaron, dos pedidos que me dejaron sin mercadería. ¿Qué pedidos quieren que yo les mande? Pasan a los preventistas, pero es lo mismo, no me traen los pedidos. He hecho pedidos de aceite, de harinas y todo, y no me trajeron nada, nada. ¿Qué pedidos quieren que les haga? ¿Me están charlando ustedes a mí?   Hola, buenos días. Escuchenme"
210,44455,tienda,7,,,catalogo_ui,,,Catalogo   Catalogo
213,44593,chat,4,3,0.75,,127|127|61725,1014358,Buenas. Yo quisiera 10 jabones liquido alax800ml. Y 2 cigarrillo  euro .          1caja de media tarde.     .   Buenas. Yo quisiera 10 jabones liquido alax800ml. Y 2 cigarrillo  euro .          1caja de media tarde.     .   Suavisante yo no encargue  si no hay jabon no me ponga suavisante no lo vendo..   mas bien pongame 1 euro mas  10 pan de jabon gigante   Suavisante yo no encargue  si no hay jabon no me ponga suavisante no lo vendo..   mas bien pongame 1 euro mas  10 pan de jabon gigante   Co
220,36547,tienda,2,,,catalogo_ui,,,Catálogo   Catálogo
261,32962,tienda,4,,,catalogo_ui,,,Catalogo   Catalogo   Hola si ya hice pedido Cuando llegaría? Mi negocio esta abierto hasta las 13 y 30 hs   Hola si ya hice pedido Cuando llegaría? Mi negocio esta abierto hasta las 13 y 30 hs   Ya hice pedido x catalogo virtual me pide un mínimo de 40.000   Ya hice pedido x catalogo virtual me pide un mínimo de 40.000   Y complete ese monto   Y complete ese monto   No ese no   No ese no   Pero no quiero ese dulce de leche   Pero no quiero ese dulce de leche   No quiero nada no me mandes nada
17152,31575,tienda,3,,,catalogo_ui,,,Pásame catálogo porfys   Pásame catálogo porfys   Quiero 1 caja de aceite caliu   Quiero 1 caja de aceite caliu   Cañuelas de 900   Cañuelas de 900   quería ahí el aceite de cañuela es una caja y estaba viendo que tenés galletas agridulces que salen en 500 y pico la nueve de oro quería pero no quiero ahí dice bulto por no sé cuánto yo quiero menos cantidad se puede porque quería de la clásica del agridulce ponerles 10 y 10 y también había unos paquetitos de gelatina que salen 3600 la cajita será
17162,33212,chat,12,1,0.0833,,5074004,5073319|700429|700432|700428|700427|700408|700409|700407|700405|410003|410001,Hola ahí cargue el pedido   Hola ahí cargue el pedido   Ese es el q cargue hoy   Ese es el q cargue hoy   Si eso es lo q cargue hoy Cuando viene   Si eso es lo q cargue hoy Cuando viene   No hay queso crema light no?   No hay queso crema light no?   No está bien   No está bien   Confírmame el pedido   Confírmame el pedido   Confirmo el pedido #17162   Confirmo el pedido #17162
17163,33212,chat,8,0,0.0,,,19000430|5075603|4050133|4050132|3014505|700427|700429|700408,Hola ahí cargue el pedido   Hola ahí cargue el pedido   Ese es el q cargue hoy   Ese es el q cargue hoy   Si eso es lo q cargue hoy Cuando viene   Si eso es lo q cargue hoy Cuando viene   No hay queso crema light no?   No hay queso crema light no?   No está bien   No está bien   Confírmame el pedido   Confírmame el pedido   Confirmo el pedido #17162   Confirmo el pedido #17162
17167,33042,chat,1,0,0.0,,,1014358,"Hola, ¿cómo te va? Buen día, no sé que estoy confundido con los números, vos tenés algo de harina y media tarde, galletas media tarde para saber?   Hola, ¿cómo te va? Buen día, no sé que estoy confundido con los números, vos tenés algo de harina y media tarde, galletas media tarde para saber?   Me podría mandar 4 cajas de galletas media tarde, la de 315 gramos, la de 3 paquetes.   Me podría mandar 4 cajas de galletas media tarde, la de 315 gramos, la de 3 paquetes.   No, ya empiezo a comprarle,"
17168,32132,chat,1,1,1.0,,4010004,,Tenes aceite cañuelas x1 y medio .cuanto sale   Tenes aceite cañuelas x1 y medio .cuanto sale   Si dos cajas para cuando sería?   Si dos cajas para cuando sería?   Si traeme   Si traeme   Ok   Ok
17172,37114,tienda,13,,,catalogo_ui,,,Hola catálogo   Hola catálogo
17177,41140,tienda,11,,,catalogo_ui,,,"Catálogo   Catálogo   [Consulta con foto por WhatsApp] Contenido visto en la imagen (para catálogo/pedido): - 1 caja x 12 leche Entera Emter (marca no legible, formato: botella) - 1 litro leche entera Sancor - 4 Monchini (tipo no legible) - 6 Crema Sancor (tipo no legible) - 6 fideos Sancor (tipo: opcional, marca no legible) - 6 pudines Sancor (tipo: agüita, marca no legible) - 4 avena instantánea Conijuelas (marca no legible) - 4 harina leudante Pureza - 6 aceite comestible (marca no legible, f"
17179,34611,tienda,3,,,catalogo_ui,,,Catálogo   Catálogo   La entrega es para el miércoles?   La entrega es para el miércoles?   Busco bizcochuelos   Busco bizcochuelos   Pan rayado de medio kilo   Pan rayado de medio kilo   6 bizcocuelo de vainilla 6 bizcochuelos de chocolate  10 pan rayado   6 bizcocuelo de vainilla 6 bizcochuelos de chocolate  10 pan rayado   [reaction] Si   [reaction] Si   [reaction]   [reaction]
17180,43463,chat,4,4,1.0,,4050276|4050258|4040004|4010002,,Buenos dias   Buenos dias   Te paso pedido   Te paso pedido   Medio pack harina leudante  Medio pack harina 3 cerros  1 caja galletas 9 de oro agridulce  1 caja aceite Cañuelas por 900 ml Gracias   Medio pack harina leudante  Medio pack harina 3 cerros  1 caja galletas 9 de oro agridulce  1 caja aceite Cañuelas por 900 ml Gracias   Muchas gracias   Muchas gracias   [reaction]   [reaction]
17185,38921,chat,8,6,0.75,,4040293|4040005|4275041|1014638|1014613|10900014,1014358|1014397,Hola. Buenos días. 1 caja de galletas Media tarde x3. 5   9 de Oro bizcocho. 5   9 de Oro agridulce. Rinde 2 de ananá. 5 Vocación clásicas. 3 Vocación  acaramelada. 3 Choco Pamela 170 g. 3 Pamela c/ chips.   Hola. Buenos días. 1 caja de galletas Media tarde x3. 5   9 de Oro bizcocho. 5   9 de Oro agridulce. Rinde 2 de ananá. 5 Vocación clásicas. 3 Vocación  acaramelada. 3 Choco Pamela 170 g. 3 Pamela c/ chips.   Ok. Muchas gracias.   Ok. Muchas gracias.
17186,64283,tienda,23,,,catalogo_ui,,,Hola pasme catálogo y precios   Mañana armo si necesito   Ya me enviaron pedidos   Asi que me tienen registrado   Rista Enrique   23133725709   Esteban_rista@hotmail.com   Calle huluman 1629 córdoba capital   No tengo   Enviame el catálogo con los respectivos precios   Enviame el catálogo con los respectivos precios
17187,42083,tienda,17,,,catalogo_ui,,,Catálogo   Catálogo   Ya lo pude cargar al pedido   Ya lo pude cargar al pedido   Me confirmas si llego   Me confirmas si llego   Solo esos productos cargados  Gracias   Solo esos productos cargados  Gracias   Confirmar   Confirmar   Cual sería el pedido abierto   Cual sería el pedido abierto
17189,64264,tienda,1,,,catalogo_ui,,,Hola   Hola   tenes galletas crackers?   tenes galletas crackers?   pasame el catalogo   pasame el catalogo   dame 3 cracker de arroz  y 2 aceites de 1.5   dame 3 cracker de arroz  y 2 aceites de 1.5
17192,32321,chat,1,1,1.0,,40700439,,"hola me sumas 1 caja de aceite 900ml?   hola me sumas 1 caja de aceite 900ml?   borra todo el pedido, dejame 1 caja de aciete de 900ml nomas   borra todo el pedido, dejame 1 caja de aciete de 900ml nomas   confirmalo porfavor   confirmalo porfavor   creame un pedid con 1 aceite nomas   creame un pedid con 1 aceite nomas   cargame 1 40700439   cargame 1 40700439"
17199,45960,chat,2,2,1.0,,51510|13940672,,[Consulta con foto por WhatsApp] Texto del cliente: Hola chicos hay posibilidad de agregar a mi pedido Contenido visto en la imagen (para catálogo/pedido): - Tipo de producto: Chocolate - Marca: Jack - Formato: Barra - Peso: 14 g por unidad - Cantidad: 20 unidades en caja - Descripción: Chocolate Jack Mafalda  Intención: Consulta de posibilidad de agregar este producto a su pedido.   [Consulta con foto por WhatsApp] Texto del cliente: Hola chicos hay posibilidad de agregar a mi pedido Contenido
17206,33271,tienda,4,,,catalogo_ui,,,Me pasa link   Me pasa link
17207,45986,tienda,1,,,catalogo_ui,,,Hola como estas? Me pasas lista de precio   Hola como estas? Me pasas lista de precio   Necesito aceite 1 caja de 12   Necesito aceite 1 caja de 12   Cañuelas   Cañuelas   1 caja por 12   1 caja por 12   12 unidades   12 unidades   12 necesito   12 necesito   12 aceites cañuelas 0.9l   12 aceites cañuelas 0.9l   Cancelado   Cancelado   Nada mas   Nada mas   Eso solo   Eso solo   Nada mas   Nada mas   Horario 11 a 13:30   Horario 11 a 13:30
17208,45986,tienda,1,,,catalogo_ui,,,Hola como estas? Me pasas lista de precio   Hola como estas? Me pasas lista de precio   Necesito aceite 1 caja de 12   Necesito aceite 1 caja de 12   Cañuelas   Cañuelas   1 caja por 12   1 caja por 12   12 unidades   12 unidades   12 necesito   12 necesito   12 aceites cañuelas 0.9l   12 aceites cañuelas 0.9l   Cancelado   Cancelado   Nada mas   Nada mas   Eso solo   Eso solo   Nada mas   Nada mas   Horario 11 a 13:30   Horario 11 a 13:30
17210,36547,chat,2,0,0.0,,,4010002|4010004,Hola buen día a coca de   Hola buen día a coca de   Cualquier cosa se me escribio jaja   Cualquier cosa se me escribio jaja   Queria perdirte una caja de aceite natura x 900ml Y por 1500ml tenenes??   Queria perdirte una caja de aceite natura x 900ml Y por 1500ml tenenes??   Podria pedir 6 de cada uno Mitad de 1500cc y mitad de 900ml???   Podria pedir 6 de cada uno Mitad de 1500cc y mitad de 900ml???   Perfecto Gracias Nada mas por hoy   Perfecto Gracias Nada mas por hoy   Gracias   Gracias
17216,44823,tienda,3,,,catalogo_ui,,,"Buen día  Catalogo   Buen día  Catalogo   Buenos días, ya hice el pedido, no sé si lo hice bien la primera vez que uso esta aplicación. Confirmo, un Red Point común, un Dorchester caja dorada y dos cajas de alfajor rasta simples, negro. Gracias.   Buenos días, ya hice el pedido, no sé si lo hice bien la primera vez que uso esta aplicación. Confirmo, un Red Point común, un Dorchester caja dorada y dos cajas de alfajor rasta simples, negro. Gracias.   No, este pedido está equivocado. Es un Red Poi"
17217,44823,tienda,3,,,catalogo_ui,,,"Buen día  Catalogo   Buen día  Catalogo   Buenos días, ya hice el pedido, no sé si lo hice bien la primera vez que uso esta aplicación. Confirmo, un Red Point común, un Dorchester caja dorada y dos cajas de alfajor rasta simples, negro. Gracias.   Buenos días, ya hice el pedido, no sé si lo hice bien la primera vez que uso esta aplicación. Confirmo, un Red Point común, un Dorchester caja dorada y dos cajas de alfajor rasta simples, negro. Gracias.   No, este pedido está equivocado. Es un Red Poi"
17218,44823,tienda,5,,,catalogo_ui,,,"Buen día  Catalogo   Buen día  Catalogo   Buenos días, ya hice el pedido, no sé si lo hice bien la primera vez que uso esta aplicación. Confirmo, un Red Point común, un Dorchester caja dorada y dos cajas de alfajor rasta simples, negro. Gracias.   Buenos días, ya hice el pedido, no sé si lo hice bien la primera vez que uso esta aplicación. Confirmo, un Red Point común, un Dorchester caja dorada y dos cajas de alfajor rasta simples, negro. Gracias.   No, este pedido está equivocado. Es un Red Poi"
17222,44823,tienda,3,,,catalogo_ui,,,"Buen día  Catalogo   Buen día  Catalogo   Buenos días, ya hice el pedido, no sé si lo hice bien la primera vez que uso esta aplicación. Confirmo, un Red Point común, un Dorchester caja dorada y dos cajas de alfajor rasta simples, negro. Gracias.   Buenos días, ya hice el pedido, no sé si lo hice bien la primera vez que uso esta aplicación. Confirmo, un Red Point común, un Dorchester caja dorada y dos cajas de alfajor rasta simples, negro. Gracias.   No, este pedido está equivocado. Es un Red Poi"
17225,45146,chat,6,5,0.8333,,700163|700159|700010|1001781|1013918,761750,"Hola ampi la preventa virtual, apenas llegue al negocio te paso el pedido   Hola ampi la preventa virtual, apenas llegue al negocio te paso el pedido   Es feriado y abro tarde 10.30   Es feriado y abro tarde 10.30   Si   Si   1 alfajor fantoche clásico negro  3 pan de pancho 3 pan de hamburguesa  1 rapidita( para tacos)   1 alfajor fantoche clásico negro  3 pan de pancho 3 pan de hamburguesa  1 rapidita( para tacos)   1 alfajor cachafaz clásico negro  3 pan veneciana de pancho 3 pan veneciana de"
17233,44239,tienda,2,,,catalogo_ui,,,Catálogo   Catálogo   Hola cómo estás   Hola cómo estás   El alfajor Argentrico lo tenés??   El alfajor Argentrico lo tenés??   1 caja alfajor Argentrico  2 pack puré tomate baggio x 530g. 1 gomita redonda piñata 1 gomita argolla piñata   1 caja alfajor Argentrico  2 pack puré tomate baggio x 530g. 1 gomita redonda piñata 1 gomita argolla piñata   Puré de tomate baggio x 530 g son 24 en total   Puré de tomate baggio x 530 g son 24 en total   Puré de tomate Noel no   Puré de tomate Noel no   Conf
17234,40871,chat,7,4,0.5714,,71121|4450047|1015558|4040248,1013259|1006152|1013445,"Hola  3 Yerba canaria amarillo  1 verde 8 Tostadas molino ala de garbanzos arroz y maíz  gomita misky  una de cada una , ( chiquita,  redondita y eucalipto) 6 salsa lista para pizza 6 budines ( marmolado y con dulce)   Hola  3 Yerba canaria amarillo  1 verde 8 Tostadas molino ala de garbanzos arroz y maíz  gomita misky  una de cada una , ( chiquita,  redondita y eucalipto) 6 salsa lista para pizza 6 budines ( marmolado y con dulce)   Esta bien gracias   Esta bien gracias"
17235,36830,chat,5,3,0.6,,4010002|4010004|4040004,4040294|761145,"Hola, ¿cómo le va, señor de Campi? No sé cómo es tu nombre. Escúchame, me haría falta que me traigas. A ver, chiquita, te pongo en carga, no sé cómo saldrá. Y me traerías seis aceites de un litro del cañuela, ¿no? Y tres del más grande, del litro y medio. No sé, decime, ¿cómo salen los precios? ¿Cómo salen los precios por seis o por doce? Eso quisiera saber yo. Eso me haría falta, unos aceites, que estoy viendo que tengo poquísimo.   Hola, ¿cómo le va, señor de Campi? No sé cómo es tu nombre. Es"
17237,35077,tienda,15,,,catalogo_ui,,,Hola buenas tardes   Hola buenas tardes   Hay un nuevo catálogo? O nueva pagina?   Hay un nuevo catálogo? O nueva pagina?   Es muy lenta la pagina. Pregunta. Se cargan unidades o cajas? Xq en precio me dice por unidad pero en descripción me habla de la caja. Pero tampoco te da opción d encargar una caja por ejemplo   Es muy lenta la pagina. Pregunta. Se cargan unidades o cajas? Xq en precio me dice por unidad pero en descripción me habla de la caja. Pero tampoco te da opción d encargar una caja
17250,36511,tienda,12,,,catalogo_ui,,,Catalogo   Catalogo   RECIBO PEDIDOS DE 10 A 14 HS. SOLAMENTE   RECIBO PEDIDOS DE 10 A 14 HS. SOLAMENTE   CUANDO VIENE ESTE PEDIDO?   CUANDO VIENE ESTE PEDIDO?   Si   Si   YA HICE EL PEDIDO   YA HICE EL PEDIDO   NO GRACIAS   NO GRACIAS
17251,31481,tienda,5,,,catalogo_ui,,,CATÁLOGO   CATÁLOGO   Ya pasé pedido   Ya pasé pedido   N0   N0
17263,33081,chat,2,0,0.0,,,13941620|13941620,"1   1   Quiero la 1   Quiero la 1   Ya tengo un pedido, pero me faltó agregar sso   Ya tengo un pedido, pero me faltó agregar sso   [reaction]   [reaction]   Gracias   Gracias"
17268,43044,chat,3,1,0.3333,,2029,4010002|4040294,Buenas te había pedido el jueves pasado aceite y rasta y no fue el pedido   Buenas te había pedido el jueves pasado aceite y rasta y no fue el pedido   Una caja a aceite una caja rasta   Una caja a aceite una caja rasta   10 nueve oro azucaradas   10 nueve oro azucaradas   Eso   Eso   Cuando llega?   Cuando llega?   No   No   El pedido es una caja de aceite una caja rasta negro y 10 azucaradas nueve oro   El pedido es una caja de aceite una caja rasta negro y 10 azucaradas nueve oro   Nada mas
17269,43044,chat,3,1,0.3333,,2029,4010002|4040294,Buenas te había pedido el jueves pasado aceite y rasta y no fue el pedido   Buenas te había pedido el jueves pasado aceite y rasta y no fue el pedido   Una caja a aceite una caja rasta   Una caja a aceite una caja rasta   10 nueve oro azucaradas   10 nueve oro azucaradas   Eso   Eso   Cuando llega?   Cuando llega?   No   No   El pedido es una caja de aceite una caja rasta negro y 10 azucaradas nueve oro   El pedido es una caja de aceite una caja rasta negro y 10 azucaradas nueve oro   Nada mas
17274,35203,tienda,5,,,catalogo_ui,,,Hola 2   Hola 2   Me pasas el catálogo porfavor   Me pasas el catálogo porfavor   Me confirma si el pedido se realizo   Me confirma si el pedido se realizo   Si ya complete   Si ya complete   Pedido 17274   Pedido 17274
17277,37997,chat,6,5,0.8333,,4050276|4050096|4050089|4040005|700416,4040293,Hola!! Me mandas porfi:  3 harina leudante  3 harinas 0000 3 harina común  1 caja 9 de oro clásica 1 caja 9 de oro agridulce   Tenes tortas de la veneziana?   Hola!! Me mandas porfi:  3 harina leudante  3 harinas 0000 3 harina común  1 caja 9 de oro clásica 1 caja 9 de oro agridulce   Tenes tortas de la veneziana?   Confirmo   Confirmo   Perdon! Las harinas estan expresadas en bultos. No en unidades   Perdon! Las harinas estan expresadas en bultos. No en unidades   A eso agrégale las 2 cajas de
17289,36165,tienda,16,,,catalogo_ui,,,Buen día me pasas el catálogo   Listo
17291,36128,tienda,8,,,catalogo_ui,,,"Buen día, CATÁLOGO   Ya lo mandé"
17292,39806,tienda,2,,,catalogo_ui,,,Catálogo
17302,36031,chat,2,2,1.0,,4050132|4050132,,Hola necesito   10 vasitos avena y chip chocolate   2pan la tal chico blanco   2pan la tal chico negro   2pan la tal grande negros y dos pan lactal grande blanco   2 vasitos más de avena y chip   Esto sería todo   Bueno
17319,44060,chat,3,3,1.0,,4040127|4040357|3013502,,Buenas   Ya ingresaron las galletas 9 de oro membrillo 200gr y 350g ?   Si 1 caja de cada una   Eso sería todo   Tienen misky chocolate celofán?   25g   No el misky blanco no   Tienen leche chocolatada baggio 200ml?   Si 1 caja   Estaría bien así   Gracias
17323,46628,chat,11,11,1.0,,4040128|4040183|4040005|1014902|1013916|1013917|4040337|1009837|1000039|700181|3012720,,3   Quisiera ver pedido   Mini pamela manteca  4 unidades  4 unidades de scones  5 unidades de anillitos de coco 9 de oro  5 unidades de bizcocho agridulce 9 de oro x 420g 5 surtido lia   Si   10  polvoritas 5 frutilla  5 vainillas   4 choclo amarillo cremoso 300gs 4 tomate pelado entero en lata noel 400gs 5 prepizza veneziana   5 unidades Jugo baggio 1l durazno   Confirmar
17325,33181,chat,5,4,0.8,,50901|1014638|4040337|4040003,1014613,"Buen día tendrán barritas de cereal ,   Barra de cereal nutri felfort (50901) cod y 10 9 de oro agridulce ,3 clásicas ,3 azucaradas ,vocación azucaradas 5 y 5 clásicas vainillas Mauri 10 u nada más   Si quiero cambiar xq lo que yo pido de 9 de oro de 200 g tanto las agridulce como las otras clásicas y azucaradas   Las caras sucias serán las mismas de agridulce ?   si puede mandarme una para probarla porque acá piden mucho pero es la agridulce por eso yo le estaba pidiendo 10 de esas pero no tien"
17335,45825,chat,3,1,0.3333,,4040003,4040293|4040294,9 de oro   Necesito 9 de oro 200 GS Clásicas Agridulce  Azucarada   10 unidades de cada una   Confirma el pedido   Cuanto es el mínimo de compras?   Pone 14 de cada una   Confirma pedido   Todo bien
17337,31040,chat,1,1,1.0,,70500601,,Puedo editar mi pedido?   Si   Alfajor mood   Dos del primero
17343,33253,chat,5,2,0.4,,300851|300850,300500|300501|1013336,"Hola, me estaba acordando, estaba acordando de los chicos de campi, que no está mal, otros chicos. Bueno, después pásame, bueno, o sea, ahí con el mismo número, por lo que veo, y decime si tenés este huevito kinder, ¿qué otra cosa era? Me acuerdo que se bajó.   Dale   No me mandes el pedido"
17344,39806,tienda,3,,,catalogo_ui,,,"Catálogo   Hola, me podes cargar 2 bultos pepas 9 de oro 350gr   Si, solo cargar 1 ítem   Eliminar galletitas 9 de oro Pepas de 500g   Confírmar   Agregar este producto   Agregar 5 rasta negro   Confírmar"
17346,32089,chat,3,3,1.0,,4010002|4050089|4050090,,Hola ! Pasan hoy ?   Si necesitaría hacer un pedido   Cómo podemos hacer   Aceite de 900   Que descuento se puede hacer llevando por caja ?   Harina 000 Harina para pizza   Aceite girasol cañuelas 900ml x 12  Harina 000 pureza x 10uni  Harina para pizza pureza x 10 uni   Eso me haría falta   Ok gracias   Perfecto el pedido
17347,32089,chat,3,3,1.0,,4050089|4050090|4010002,,Hola ! Pasan hoy ?   Si necesitaría hacer un pedido   Cómo podemos hacer   Aceite de 900   Que descuento se puede hacer llevando por caja ?   Harina 000 Harina para pizza   Aceite girasol cañuelas 900ml x 12  Harina 000 pureza x 10uni  Harina para pizza pureza x 10 uni   Eso me haría falta   Ok gracias   Perfecto el pedido
17368,45937,tienda,12,,,catalogo_ui,,,No puedo hacer por que no se los productos que venden no me acuerdo   Requiero de un proveedor
17372,38357,chat,7,6,0.8571,,1014413|1014414|4040307|4060032|4070251|4040307,761750,1   Es en barrio san jorge entregan mañana?   Alfajor hamblet cuanto sale sale?   Magdalenas dulce mama tendrás q salen?   Puré de tomate noel?   Fideos cabello de ángel?   Galletas media tarde?   Practiricas ?   Pre mezcla mama cocina?   1 caja de alfajor hamblet dulce de leche 1 caja de halfajor hamblet mani 3 magdalenas dulce de leche dulce mama 3 magdalenas vainilla dulce mama 6 fideos cabello de ángel 6 practiricas clásicas. 4 premezcla bizcochuelo vainilla mama cocina   Agregame 3 magdalen
17374,34514,tienda,6,,,catalogo_ui,,,Hola Hace muchísimo que no pasa el preventista   Me gustaría que envíes la lista de precios y catálogo de productos gracias
17378,43150,tienda,7,,,catalogo_ui,,,"hola ampi!! somos de CARNICERIA EL PIRATA   PASAME OFERTAS Y LISTA DE PRECIO   LISTOOO   YA TE REALICE EL PEDIDO   [Consulta con foto por WhatsApp] Contenido visto en la imagen (para catálogo/pedido): - Tostadas Firenze Dulce (B/20) - Precio unitario: $1.330,00 - Cantidad: 4 - Total: $5.320,00 - Grisini Multicereal Cormillot x 180g (B/15) - Precio unitario: $1.086,28 - Cantidad: 3 - Total: $3.258,84  Total del pedido: $41.148,84.   NO ES ESE   NO ES ESE   VAMOS HACER UNA COSA? TE PIDO CUANDO VEN"
17385,41872,tienda,16,,,catalogo_ui,,,"1 y 2   Hola buenas tardes   Hice mi pedido!   Si   Confirmo el pedido   Cuando llega?   Es este el pedido, como q está vacío?   Ah bueno, es este el pedido q quiero por el momento solamente   [reaction]"
17387,36504,tienda,5,,,catalogo_ui,,,Lista de precios
17388,36511,tienda,15,,,catalogo_ui,,,HOLA BUEN DÍA   PASAME CATÁLOGO   [Consulta con foto por WhatsApp] Contenido visto en la imagen (para catálogo/pedido): - Grisini La Veneziana trisalvado x 5 unid - Grisini La Veneziana multicereral x 5 unid - Grisini La Veneziana cúsicos x 3 unid - Pan lacteado La Veneziana x 3 unid - Bolsa gomitas ricas anillos frutales x 500 g - Caja huevitos sapitos x 12 - Caja x 21 chocolate Hamlet almendra y maní - Caja x 24 bombón sapito maní - Caja x 12 pastillas Bulldog Mix - Caja x 12 gomitas Yummy Osi
17389,36504,tienda,6,,,catalogo_ui,,,Lista de precios
17396,36256,chat,3,3,1.0,,4040294|4040003|4040293,,"2   9 de oro   Busco 9 de oro clásicas, agridulces y azucaradas   Si los 3   Código 4040294 1 bulto  Código 4040003 1 bulto Codigo 4040293 1 bulto   Confirmamos el pedido   Cual es la fecha de reparto de este pedido ?   Si ya esta confirmado"
17397,37190,tienda,0,,,catalogo_ui,,,"Buen día! Me mandarías lista de precio y catálogo así te armo pedido   Ya pasó el vendedor   No, gracias"
17399,31249,tienda,8,,,catalogo_ui,,,Hola buenos días. Necesito ver el catalogo   Hola buenos días   Que día llegaría el Pedido   Que día son los de mí visita   Si   Mañana   Hola buenos dias   Te hago una consulta. Acabo de  recibir. El pedido pero.este pedido.tiene olor. Orina de gato.   Es espantoso el.olor. Es maercaderia lo que hay  aca   Quiero que.  Lo vengan a retirar ahora   Y una bolsa de chupetín abiero   No nada mas   [Consulta con foto por WhatsApp] Texto del cliente: Olor a pis de gato y bolsa rota de chupetin Conteni
17400,33218,chat,6,4,0.6667,,3012721|3012721|13940962|3012721,90030217|13099,Hola chocolatadas   Baggios multifrutal 1 litro   Si   Me gustaría agregar 7 jugos maa   Quisiera agregar chocolatadas de litro   Sisi agregar 3   Me gustaría agregar ades   Baggios de naranja   Baggios mix frutal por litro   Café la planta de café torrado   No   Confirmo mi pedido   Café en saquitos   Si   Azucar   Si   Y agregar 3 jugos multifrutal de litro   Confirmo   Nono
17401,45693,chat,0,0,0.0,,,,"Hola buenos días  Te encargo  6 tostadas paseo clásicas 6 media tarde clásicas 6 media tarde sandwich  6 alfajores 9 de oro blancos   El item n 2 ,son media tarde clásicas no sandwich   Galletitas mediatarde 315gs   Confirmo gracias   Entonces nada gracias"
17402,31249,tienda,0,,,catalogo_ui,,,Hola buenos días. Necesito ver el catalogo   Hola buenos días   Que día llegaría el Pedido   Que día son los de mí visita   Si   Mañana   Hola buenos dias   Te hago una consulta. Acabo de  recibir. El pedido pero.este pedido.tiene olor. Orina de gato.   Es espantoso el.olor. Es maercaderia lo que hay  aca   Quiero que.  Lo vengan a retirar ahora   Y una bolsa de chupetín abiero   No nada mas   [Consulta con foto por WhatsApp] Texto del cliente: Olor a pis de gato y bolsa rota de chupetin Conteni
17403,46432,chat,12,12,1.0,,4080004|4070134|4060033|4060030|4050339|4050277|4050133|4050132|44060004|4090007|4090005|4080003,,"Cuando llega   [Consulta con foto por WhatsApp] Texto del cliente: Listo Contenido visto en la imagen (para catálogo/pedido): No se observan productos, góndolas, ni listas manuscritas en la imagen enviada. El texto indica información sobre el progreso y el historial de pedidos, pero no hay detalles sobre productos específicos.   El mensaje del usuario consiste en ""Listo"", que no implica una consulta específica. Si necesitas información de productos o una lista para un pedido, por favor proporcio"
17404,46432,chat,11,11,1.0,,4090005|4080003|4050133|4050132|44060004|4060030|4050339|4050277|4080004|4070134|4060033,,"Cuando llega   [Consulta con foto por WhatsApp] Texto del cliente: Listo Contenido visto en la imagen (para catálogo/pedido): No se observan productos, góndolas, ni listas manuscritas en la imagen enviada. El texto indica información sobre el progreso y el historial de pedidos, pero no hay detalles sobre productos específicos.   El mensaje del usuario consiste en ""Listo"", que no implica una consulta específica. Si necesitas información de productos o una lista para un pedido, por favor proporcio"
17405,40923,tienda,7,,,catalogo_ui,,,Hola.. Pasa el preventista hoy?   Viene el preventista?   Si   Necesito hacer un pedido   Necesito que me manden catalogo
17406,40923,tienda,0,,,catalogo_ui,,,Hola.. Pasa el preventista hoy?   Viene el preventista?   Si   Necesito hacer un pedido   Necesito que me manden catalogo
17407,42605,chat,1,0,0.0,,,410002,2   Mayonesa   2 y 2   Confirmar   Ya tengo pedido previo   Esto es para agregar
17408,33271,tienda,0,,,catalogo_ui,,,"Hola había hecho un pedido ,y me decía q llegaba hoy pero no lo veo en la página me podés confirmar   Semanas pasada me pasó igual y nunca llego   Eso no era   Eso es viejo   Significa que no viene?"
17409,36389,tienda,0,,,catalogo_ui,,,Buen dia me pasas las promo y lista de precios   No gracias   Precio de las pepas dulce mama que tamaño tenes   Que otra marca de pepas tenes   Y pepas nueve de oro
17412,39442,tienda,0,,,catalogo_ui,,,"Hola me pasarías catálogo y promos   Hola, yo reviso esto y te paso el pedido."
17413,43146,chat,4,4,1.0,,90070411100002|4050090|90070411100002|4050090,,"Yo te voy a dar unos artículos ahí y me pasas el precio, polenta presto pronto, harina para pizza, jugo tango o arco, no sé qué juguito chico que tenga y qué clase de galletas tiene.   Bueno, poneme 10 presto prontas de esa polenta, una harina para pizza de esa pureza y un jugo tan de naranja y uno de durazno.   Creo que eso nada más por hoy.   No tené de otra marca, de eso.   Bueno, listo, con eso nomás.   Sí, por ahora eso no más, porque me agarró de sorpresa, no sé qué es lo que puede hacer f"
17414,35203,tienda,0,,,catalogo_ui,,,Ver descuentos   Me pasas el catálogo porfavor
17416,36504,tienda,0,,,catalogo_ui,,,Ver descuentos
17417,64523,tienda,0,,,catalogo_ui,,,Ver catálogo   [reaction]
17419,46070,tienda,0,,,catalogo_ui,,,LOCAL BIEN VINO     🍷       ( LA GRANJA CENTRO )   https://goo.gl/maps/5NkVQPHGRb9xvqa26.                           Lunes a jueves 10hs 14hs / 17 hs 23 hs  Findes y feriados corrido de 10 hs hasta las 00hs https://www.instagram.com/bien_vino?igsh=   COSTA MADERO SALON DE EVENTOS  🍸  https://www.instagram.com/costamaderocba?igsh=MWZyb280bjduY3R4aA==  CAMPING                                                               RIO ASCOCHINGA  https://www.instagram.com/campingrioascochinga?igsh=MW44ajBmZD
17420,46473,tienda,0,,,catalogo_ui,,,Catálogo
17421,46236,tienda,0,,,catalogo_ui,,,Hola buenos días me pasarías el catálogo
17422,46359,tienda,1,,,catalogo_ui,,,"Me compartís un catálogo   Hola qué tal no Por el momento no pero estoy viendo qué puedo hacer en los próximos pedidos Y qué día están entregando y quería tomar pedidos   Si   [Consulta con foto por WhatsApp] Contenido visto en la imagen (para catálogo/pedido): No hay información útil relacionada con productos en la imagen enviada. La imagen muestra un mensaje de confirmación de pedido, pero no incluye detalles sobre productos, góndolas o listas escritas.   Me confirmas si mi pedido está complet"
17423,46064,tienda,0,,,catalogo_ui,,,Que venden   Si mándame x favor   Gracias
17424,46355,tienda,0,,,catalogo_ui,,,Catálogo
17425,44823,tienda,3,,,catalogo_ui,,,"Catalogo   Pedido 1 bolsa x 1k gomitas fantasía  1caja Dos corazones x20u 1 Dolchester box dorado 1 Red Point común   Confirmo, Gracias   No entiendo la facturación   Pedido 1 bolsa x 1k gomitas fantasía  1caja Dos corazones x20u 1 Dolchester box dorado 1 Red Point común   Ok   Debo interpretar que están corridos los decimales   Me parece que está confundido en las cantidades de los cigarrillos. 1 paquetes de 10 unidades por cada uno"
17426,44823,tienda,3,,,catalogo_ui,,,"Catalogo   Pedido 1 bolsa x 1k gomitas fantasía  1caja Dos corazones x20u 1 Dolchester box dorado 1 Red Point común   Confirmo, Gracias   No entiendo la facturación   Pedido 1 bolsa x 1k gomitas fantasía  1caja Dos corazones x20u 1 Dolchester box dorado 1 Red Point común   Ok   Debo interpretar que están corridos los decimales   Me parece que está confundido en las cantidades de los cigarrillos. 1 paquetes de 10 unidades por cada uno"
17427,46054,tienda,5,,,catalogo_ui,,,Cataloho   [Consulta con foto por WhatsApp] Texto del cliente: Quiero comunicarme  con el vendedor. Contenido visto en la imagen (para catálogo/pedido): - Premezcla Pizza y Pan Pureza SIN TACC 500g (B/14) x 1 - Galletitas 9 de Oro Cookies con Chips 120g (B/16) x 6 - Choclo Cremoso Noel 300g (B/24) x 1   Intención del mensaje: Solicitud de comunicación con el vendedor.   Cancelar  pedido   Dejar solo 1 premezcla pureza gourmet   Galletas 9 de oro solo 6 unidades   Cancelar
17428,46359,tienda,3,,,catalogo_ui,,,"Me compartís un catálogo   Hola qué tal no Por el momento no pero estoy viendo qué puedo hacer en los próximos pedidos Y qué día están entregando y quería tomar pedidos   Si   [Consulta con foto por WhatsApp] Contenido visto en la imagen (para catálogo/pedido): No hay información útil relacionada con productos en la imagen enviada. La imagen muestra un mensaje de confirmación de pedido, pero no incluye detalles sobre productos, góndolas o listas escritas.   Me confirmas si mi pedido está complet"
17429,46359,tienda,0,,,catalogo_ui,,,"Me compartís un catálogo   Hola qué tal no Por el momento no pero estoy viendo qué puedo hacer en los próximos pedidos Y qué día están entregando y quería tomar pedidos   Si   [Consulta con foto por WhatsApp] Contenido visto en la imagen (para catálogo/pedido): No hay información útil relacionada con productos en la imagen enviada. La imagen muestra un mensaje de confirmación de pedido, pero no incluye detalles sobre productos, góndolas o listas escritas.   Me confirmas si mi pedido está complet"
17431,45992,tienda,2,,,catalogo_ui,,,"Buenas tardes, ¿cómo estás? Yo necesitaría una caja de cachafás negro común y una caja de 72% cacao, una caja de cada uno.   Nono graciasss   Lo que sí, cuando tenga, pásame una lista con los productos, porque yo me olvido.   Si   Solo las cajas   700010 y 700037   Esta mal   Buen día, ¿cómo estás? ¿No me podés confirmar si me va a llegar el pedido que necesito una caja de cachafá negro y una del 70% cacao? Porque anoche no sé cuántos mensajes me mandaba eso y me manda 293.550, no sé, ¿qué me ma"
17432,46054,tienda,0,,,catalogo_ui,,,Cataloho   [Consulta con foto por WhatsApp] Texto del cliente: Quiero comunicarme  con el vendedor. Contenido visto en la imagen (para catálogo/pedido): - Premezcla Pizza y Pan Pureza SIN TACC 500g (B/14) x 1 - Galletitas 9 de Oro Cookies con Chips 120g (B/16) x 6 - Choclo Cremoso Noel 300g (B/24) x 1   Intención del mensaje: Solicitud de comunicación con el vendedor.   Cancelar  pedido   Dejar solo 1 premezcla pureza gourmet   Galletas 9 de oro solo 6 unidades   Cancelar
17433,45992,tienda,2,,,catalogo_ui,,,"Buenas tardes, ¿cómo estás? Yo necesitaría una caja de cachafás negro común y una caja de 72% cacao, una caja de cada uno.   Nono graciasss   Lo que sí, cuando tenga, pásame una lista con los productos, porque yo me olvido.   Si   Solo las cajas   700010 y 700037   Esta mal   Buen día, ¿cómo estás? ¿No me podés confirmar si me va a llegar el pedido que necesito una caja de cachafá negro y una del 70% cacao? Porque anoche no sé cuántos mensajes me mandaba eso y me manda 293.550, no sé, ¿qué me ma"
17434,34613,tienda,6,,,catalogo_ui,,,Buen día!!!   Catálogo   Necesito algunos panes pero solo me dan opción x bulto de 21   No me dan individual   Si   Necesito  Veneziana: 8 paq pancho x 6  5 paq hamburguesa con sésamo x4 7 paq hamburguesa x 4 3 lactal blanco x 400 2 lactal salvado x 400 3 prácti ricas clásicas x 6 unidad 3 grisines clásicos x 180 gr   Muchas gracias Ampi🙌🏻
17435,33047,tienda,0,,,catalogo_ui,,,Catalogo
17436,42759,tienda,1,,,catalogo_ui,,,Catalogo
17437,42339,tienda,0,,,catalogo_ui,,,Catalogo
17438,34576,chat,1,1,1.0,,761145,,Buen día mándame 5 lactal bco 5 integral veneziana   Que pan lactal tenes   5 pan lacteado blanco x 400gms 5pan lacteado integral x 400gms   Confirmar pedido   Gracias lo dejo para la próxima semana
17439,40871,tienda,19,,,catalogo_ui,,,Catálogo   Si gracias
17440,40871,tienda,0,,,catalogo_ui,,,Catálogo   Si gracias
