nombre,zone_type,dias_visita,dia_visita,codigo_ruta,vendedor_idx,geometry_wkt,color,is_mock
Centro 1,route,martes,martes,RUTA1-CENTRO1,0,"SRID=4326;MULTIPOLYGON(((-58.16603867286572 -26.194669290153133, -58.16629459591407 -26.194733202902672, -58.1665555304721 -26.194771862993885, -58.166818990955505 -26.19478490216235, -58.16708246771876 -26.19477219620086, -58.170456167718754 -26.194443896200855, -58.170704053553386 -26.194408114602233, -58.17094756277712 -26.194349540138838, -58.17118460427316 -26.194268675814385, -58.17141314246577 -26.194166216045076, -58.17163121480072 -26.194043040696336, -58.17183694859853 -26.193900207527047, -58.17202857713595 -26.193738943106123, -58.172204454817575 -26.193560632279432, -58.177576954817575 -26.187583532279433, -58.17774695665371 -26.187374283923482, -58.1778952655205 -26.187149139572465, -58.178020405649065 -26.186910339557848, -58.17812113181445 -26.186660260093742, -58.17819644172637 -26.186401389632067, -58.17824558600263 -26.18613630410083, -58.178268075626 -26.18586764127199, -58.178263686810226 -26.185598074513923, -58.17823246322686 -26.18533028618968, -58.178174715570684 -26.185066940965747, -58.17809101846811 -26.184810659296915, -58.177982204759275 -26.184563991351023, -58.17784935721074 -26.184329391633185, -58.177693797741284 -26.184109194561856, -58.17751707426792 -26.183905591239878, -58.17732094530315 -26.18372060765158, -58.17710736245664 -26.183556084502943, -58.17687845101543 -26.183413658905373, -58.17663648879596 -26.1832947480854, -58.17638388347831 -26.183200535282356, -58.17612314864828 -26.18313195797438, -58.16658124864828 -26.18112515797438, -58.16633617203327 -26.1810852702436, -58.16608846900965 -26.18106804263838, -58.1658402302838 -26.18107362056617, -58.16559355108362 -26.18110195694717, -58.165350513474024 -26.1811528126117, -58.162495413474026 -26.1818886126117, -58.1622518751817 -26.1819637865594, -58.1619713751817 -26.1820650865594, -58.16174540721623 -26.18215845090103, -58.161528801305536 -26.182271854168867, -58.161323330080016 -26.182404368308458, -58.16113067504755 -26.182554908868347, -58.160952412832565 -26.182722243874885, -58.158381712832565 -26.185364043874884, -58.15821311025965 -26.18555446978764, -58.15806315458811 -26.18575990141231, -58.15793317381104 -26.185978519466076, -58.15782431902574 -26.186208387888353, -58.15773755423981 -26.186447470986383, -58.15694545423981 -26.188998570986385, -58.15687950387417 -26.189254579061803, -58.15683888061784 -26.189515805661618, -58.156823973149436 -26.189779751399964, -58.15683492410189 -26.190043890874573, -58.15687162869774 -26.190305696829526, -58.156933735751686 -26.19056266433575, -58.157020651030614 -26.190812334757897, -58.157131542939204 -26.191052319278267, -58.15726535047649 -26.191280321752746, -58.15742079338747 -26.191494160680055, -58.15759638441236 -26.191691790074092, -58.15779044351655 -26.191871319039684, -58.15800111396499 -26.19203102986448, -58.158226380087235 -26.192169394453792, -58.15846408656309 -26.192285088951245, -58.158711959044524 -26.192377006405284, -58.164300359044525 -26.194143606405284, -58.164332972865715 -26.194153690153133, -58.16603867286572 -26.194669290153133)))",#287850,false
Coluccio,route,"miércoles,viernes",miércoles,RUTA1-COLUCCIO,0,"SRID=4326;MULTIPOLYGON(((-58.222293302179196 -26.197398675369197, -58.22255188556252 -26.197434928294516, -58.22281276052673 -26.197446059052382, -58.223073492118964 -26.1974319637506, -58.22333164672456 -26.1973927739518, -58.22358481478192 -26.19732885544545, -58.223830633272854 -26.197240804833633, -58.224066807778485 -26.197129443962528, -58.22429113389491 -26.19699581225143, -58.22450151780864 -26.19684115699104, -58.22469599583982 -26.196666921701524, -58.22487275277078 -26.196474732658967, -58.225030138788966 -26.19626638371608, -58.225166684885885 -26.196043819558724, -58.22528111656856 -26.195809117554635, -58.22537236575537 -26.195564468363695, -58.22543958074532 -26.195312155490758, -58.225482134167606 -26.19505453397191, -58.23367303416761 -26.12437633397191, -58.23369055255502 -26.12411452573452, -58.23368260051994 -26.123852252571197, -58.23364925301529 -26.123591986570737, -58.23359082436217 -26.123336180903173, -58.23350786528722 -26.123087246697114, -58.233401157731684 -26.12284753031333, -58.233271707481094 -26.12261929122885, -58.233120734685116 -26.122404680739972, -58.232949662356894 -26.122205721684942, -58.23276010296024 -26.122024289377443, -58.232553843211186 -26.121862093930584, -58.232332827237016 -26.12172066413802, -58.2320991382517 -26.12160133306411, -58.23185497892024 -26.121505225478952, -58.23160265059724 -26.121433247256718, -58.23134453163516 -26.121386076837226, -58.23108305496684 -26.12136415883122, -58.230820685173626 -26.121367699829626, -58.230559895255105 -26.12139666645632, -58.230303143319574 -26.121450785682708, -58.23005284941481 -26.121529547401188, -58.22981137271759 -26.121632209233248, -58.229580989297 -26.121757803526826, -58.22936387066105 -26.121905146477065, -58.22916206328884 -26.122072849284386, -58.228977469341224 -26.12225933124482, -58.173556069341224 -26.18397093124482, -58.17339201720291 -26.1841722792871, -58.173248048957845 -26.18438844423021, -58.1731254940767 -26.184617429905135, -58.17302548428902 -26.184857121750188, -58.17294894313235 -26.185105306337846, -58.17289657742381 -26.185359691814604, -58.17286887073307 -26.18561792906502, -58.17286607891675 -26.185877633404566, -58.17288822775581 -26.186136406600905, -58.172935112717425 -26.18639185902033, -58.17300630084375 -26.186641631694748, -58.17310113475007 -26.18688341810551, -58.17321873869537 -26.18711498548289, -58.173358026669355 -26.187334195424537, -58.173517712421216 -26.187539023642486, -58.17369632133741 -26.1877275786564, -58.173892204058994 -26.18789811926036, -58.174103551712555 -26.188049070602027, -58.1743284126142 -26.188179038725526, -58.174564710292344 -26.188286823443928, -58.1748102626628 -26.188371429422315, -58.1750628021792 -26.188432075369196, -58.222293302179196 -26.197398675369197)))",#4dad63,false
Evita,route,"miércoles,viernes",miércoles,RUTA1-EVITA,0,"SRID=4326;MULTIPOLYGON(((-58.2223026199633 -26.197401959759382, -58.22256149601249 -26.197438247482935, -58.22282266684881 -26.197449356127276, -58.22308368925281 -26.197435181772466, -58.2233421213936 -26.19739585701776, -58.223595545671856 -26.19733174974117, -58.22384159133619 -26.197243459657987, -58.22407795666116 -26.19713181271054, -58.22430243047968 -26.19699785334161, -58.22451291286815 -26.1968428347238, -58.22470743479101 -26.196668207036264, -58.22488417652077 -26.196475603898477, -58.22504148466137 -26.196266827087925, -58.225177887615466 -26.19604382968472, -58.22529210935104 -26.195808697800775, -58.225383081338485 -26.19556363106451, -58.22544995254662 -26.195310922043603, -58.22549209740392 -26.195052934798323, -58.22550912165068 -26.194792082766043, -58.22550086602728 -26.19453080618384, -58.225467407764 -26.194271549260417, -58.225409059858585 -26.19401673731082, -58.22532636814815 -26.19376875406794, -58.22522010620297 -26.193529919383, -58.22509126808983 -26.19330246752364, -58.224941059072634 -26.193088526272646, -58.22477088433735 -26.192890097022794, -58.20674748433735 -26.173823297022793, -58.20657026831534 -26.173652166407336, -58.20637820587261 -26.173497883472134, -58.206172892784174 -26.17336173009641, -58.20595603491973 -26.173244837527655, -58.20572943407018 -26.173148176982515, -58.20549497297726 -26.173072551577324, -58.20405677297727 -26.172680051577323, -58.20402585236764 -26.17267180938723, -58.201501152367655 -26.172014809387232, -58.201181253481586 -26.171951881972298, -58.20085610498049 -26.171927931834684, -58.20031720498047 -26.171920831834683, -58.20002226743845 -26.171933067942774, -58.19973042352 -26.171977396300488, -58.199445154682365 -26.17205328810707, -58.19916986394749 -26.172159838035864, -58.17445516394749 -26.183313338035862, -58.17422108566526 -26.183433002723014, -58.17399974076642 -26.183574843180303, -58.17379322349934 -26.183737517388344, -58.173603487821154 -26.183919486209824, -58.17343232891051 -26.184119027952004, -58.17328136618248 -26.18433425465646, -58.17315202796655 -26.18456312996195, -58.17304553799251 -26.184803488371404, -58.17296290381216 -26.18505305574067, -58.172904907266414 -26.185309470795314, -58.17287209708792 -26.185570307471707, -58.17286478370922 -26.185833097871186, -58.17288303632564 -26.186095355609982, -58.17292668224058 -26.18635459934409, -58.17299530849947 -26.18660837624642, -58.173088265796956 -26.186854285214146, -58.17320467462026 -26.187089999586693, -58.17334343357065 -26.187313289159334, -58.173503229784345 -26.18752204128424, -58.17368255135409 -26.187714280859222, -58.17387970163404 -26.1878881890151, -58.174092815292525 -26.188042120324894, -58.17431987596082 -26.18817461837196, -58.174558735310995 -26.188284429529862, -58.17480713338221 -26.188370514823507, -58.1750627199633 -26.188432059759382, -58.2223026199633 -26.197401959759382)))",#721a76,false
Incone,route,"miércoles,viernes",miércoles,RUTA1-INCONE,0,"SRID=4326;MULTIPOLYGON(((-58.21198986155221 -26.19972717757809, -58.212306538424556 -26.19974600212862, -58.212623239566874 -26.199727590403146, -58.214332139566885 -26.199527090403144, -58.2145976157533 -26.19948244381168, -58.214857333478626 -26.1994116086027, -58.21510871601334 -26.199315287551403, -58.21534926932357 -26.19919443628489, -58.21557660681511 -26.199050253801147, -58.21578847301146 -26.198884170573436, -58.21598276593099 -26.198697834358217, -58.21615755794129 -26.198493093847286, -58.21631111488373 -26.19827198032642, -58.21644191327851 -26.198036687522443, -58.21654865543951 -26.19778954983866, -58.216630282348994 -26.197533019194623, -58.216685984164386 -26.197269640699975, -58.21671520825298 -26.19700202740373, -58.21671766467471 -26.19673283436951, -58.2164578646747 -26.19035283436951, -58.21643652206485 -26.19010656010779, -58.216392767306395 -26.189863265964636, -58.216326966428994 -26.189624987212934, -58.21623966988873 -26.189393717169395, -58.21613160796328 -26.189171390519512, -58.216003684642786 -26.188959867132972, -58.215856970067534 -26.18876091650495, -58.207910870067536 -26.17895801650495, -58.20772473325738 -26.178751137293748, -58.20751830956488 -26.17856449544608, -58.20729378756557 -26.178400069803473, -58.207053547719454 -26.178259603663562, -58.20680013713262 -26.178144586297027, -58.206536242551906 -26.17805623715784, -58.206264661879096 -26.177995492954185, -58.205988274506566 -26.177962997717152, -58.16430827450657 -26.175227897717154, -58.164045257639685 -26.17522346725274, -58.16378305586395 -26.17524462688602, -58.16352415305295 -26.175291176168873, -58.16327100182872 -26.17536267413352, -58.16302600032772 -26.175458443469882, -58.16279146948296 -26.17557757694183, -58.16256963103749 -26.175718945981544, -58.162362586497494 -26.17588121138062, -58.16217229722446 -26.17606283597655, -58.16200056585491 -26.176262099214487, -58.1618490192238 -26.17647711344629, -58.16171909295327 -26.17670584181249, -58.161612017852796 -26.176946117537724, -58.161528808259575 -26.17719566445691, -58.16147025242955 -26.177452118577662, -58.1614369050702 -26.177713050474722, -58.16142908208564 -26.177975988304237, -58.16144685758408 -26.17823844121989, -58.16149006317578 -26.178497922969008, -58.16155828956822 -26.17875197544519, -58.161650890443354 -26.178998191974294, -58.161766988580325 -26.179234240113175, -58.16190548416548 -26.17945788374526, -58.162065065211024 -26.179667004263578, -58.16224421998372 -26.17985962064061, -58.162441251325674 -26.180033908194854, -58.16265429273183 -26.18018821587627, -58.162881326031545 -26.18032108190691, -58.16312020050707 -26.180431247628537, -58.21018720050707 -26.199418047628537, -58.21041254810836 -26.19949756130365, -58.210644038350935 -26.1995568591411, -58.210879861552215 -26.19959547757809, -58.21198986155221 -26.19972717757809)))",#974f89,false
Malvinas,route,"miércoles,viernes",miércoles,RUTA1-MALVINAS,0,"SRID=4326;MULTIPOLYGON(((-58.19870687793818 -26.184541437458194, -58.198755797229104 -26.18479651030022, -58.19882897405585 -26.185045709826284, -58.19892573265794 -26.18528673477247, -58.19904517950607 -26.185517359364034, -58.19918621155352 -26.185735453869597, -58.19934752642235 -26.18593900426841, -58.19952763443042 -26.186126130849082, -58.19972487234799 -26.186295105568004, -58.19993741875707 -26.18644436800719, -58.20016331087149 -26.18657253978414, -58.200400462662515 -26.186678437280694, -58.20064668412253 -26.186761082573287, -58.20089970148896 -26.186819712463723, -58.201157178241544 -26.186853785527013, -58.2014167366793 -26.186862987111223, -58.2017492366793 -26.186858787111223, -58.2019674690663 -26.186847194229355, -58.20218405138548 -26.18681800744021, -58.20761075138548 -26.18586190744021, -58.20786995155029 -26.185802967223363, -58.208122108179516 -26.185718849990053, -58.20836478211856 -26.185610369420786, -58.208595625940546 -26.18547857486683, -58.208812406653344 -26.18532474119965, -58.20901302729972 -26.18515035647885, -58.209195547241535 -26.184957107557924, -58.20935820093191 -26.18474686376703, -58.209499414993616 -26.18452165883064, -58.209617823438684 -26.184283671194958, -58.20971228088178 -26.18403520295545, -58.20978187361977 -26.183778657588274, -58.209825928470075 -26.18351651670103, -58.209844019282535 -26.183251316027757, -58.20983597106161 -26.182985620900325, -58.20980186165911 -26.182722001433554, -58.20974202102118 -26.182463007664026, -58.20965702799664 -26.182211144883173, -58.20954770473768 -26.181968849403127, -58.209415108747045 -26.181738464989877, -58.209260522648634 -26.18152222019161, -58.20908544178045 -26.181322206781566, -58.20889155972995 -26.18114035952398, -58.20868075195165 -26.180978437458748, -58.20845505762557 -26.180838006885946, -58.203930357625566 -26.178322506885944, -58.203691085515736 -26.178204547381473, -58.20344135002803 -26.178110750934753, -58.20318358422764 -26.178042031364125, -58.20292029941563 -26.177999058174745, -58.20265406066243 -26.17798225003587, -58.20238746181743 -26.177991770701947, -58.20067886181743 -26.178137470701948, -58.200422554071075 -26.178171742734882, -58.20017069480064 -26.178230352810623, -58.19992558959165 -26.178312764397226, -58.19968948220118 -26.178418223077518, -58.19946453401794 -26.178545763455197, -58.199252804276334 -26.178694217992344, -58.199056231205695 -26.17886222769737, -58.198876614287244 -26.179048254565558, -58.19871559778115 -26.179250595658388, -58.198574655674555 -26.179467398692665, -58.1984550781883 -26.179696678996798, -58.198357959965925 -26.17993633767902, -58.19828419005299 -26.180184180841177, -58.19823444375854 -26.180437939662244, -58.19820917647314 -26.180695291167723, -58.19820861950013 -26.180953879494727, -58.19823277793817 -26.181211337458194, -58.19870687793818 -26.184541437458194)))",#bc849c,false
San Andres,route,"miércoles,viernes",miércoles,RUTA1-SANANDR,0,"SRID=4326;MULTIPOLYGON(((-58.20972404866523 -26.18842166380739, -58.20976097414643 -26.188773371629594, -58.20983219521629 -26.18911976655243, -58.20993702597701 -26.189457512603436, -58.21007445685104 -26.189783357103504, -58.21024316430393 -26.19009416199198, -58.2104415235907 -26.19038693404788, -58.21066762440297 -26.19065885371626, -58.21091928926632 -26.19090730226207, -58.21119409451055 -26.191129886989994, -58.211489393610925 -26.191324464287433, -58.21180234267569 -26.191489160268638, -58.212129927834276 -26.19162238882128, -58.212468994262515 -26.191722866881566, -58.21281627656537 -26.191789626790854, -58.21316843022441 -26.191822025614716, -58.21352206380739 -26.19181975133477, -58.21387377162959 -26.191782825853576, -58.21422016655243 -26.191711604783702, -58.21455791260343 -26.191606774022986, -58.21488375710351 -26.19146934314896, -58.21519456199198 -26.191300635696063, -58.21548733404788 -26.1911022764093, -58.21575925371626 -26.19087617559703, -58.21600770226207 -26.190624510733677, -58.21623028699 -26.19034970548945, -58.21642486428743 -26.19005440638907, -58.21658956026864 -26.189741457324306, -58.21672278882128 -26.189413872165726, -58.21682326688157 -26.18907480573748, -58.21689002679085 -26.18872752343463, -58.21692242561471 -26.188375369775592, -58.21692015133477 -26.18802173619261, -58.21548655133478 -26.16222623619261, -58.21544962585358 -26.161874528370404, -58.21537840478371 -26.161528133447568, -58.215273574022994 -26.161190387396562, -58.21513614314897 -26.160864542896494, -58.214967435696074 -26.16055373800802, -58.214769076409304 -26.16026096595212, -58.214542975597034 -26.159989046283737, -58.214291310733685 -26.15974059773793, -58.214016505489454 -26.159518013010004, -58.21372120638908 -26.159323435712565, -58.21340825732432 -26.15915873973136, -58.21308067216573 -26.15902551117872, -58.21274160573749 -26.158925033118432, -58.21239432343464 -26.158858273209145, -58.2120421697756 -26.158825874385283, -58.21168853619262 -26.15882814866523, -58.21133682837041 -26.158865074146423, -58.21099043344758 -26.158936295216296, -58.210652687396575 -26.159041125977012, -58.2103268428965 -26.15917855685104, -58.21001603800803 -26.159347264303936, -58.20972326595213 -26.1595456235907, -58.20945134628375 -26.15977172440297, -58.20920289773794 -26.16002338926632, -58.20898031301001 -26.16029819451055, -58.208785735712574 -26.16059349361093, -58.20862103973137 -26.160906442675692, -58.20848781117873 -26.161234027834272, -58.20838733311844 -26.16157309426252, -58.20832057320916 -26.16192037656537, -58.208288174385295 -26.162272530224406, -58.20829044866524 -26.16262616380739, -58.20972404866523 -26.18842166380739)))",#19b9af,false
San Francisco,route,"lunes,jueves",lunes,RUTA1-SANFRAN,0,"SRID=4326;MULTIPOLYGON(((-58.21662480641913 -26.202255418712756, -58.21686194928367 -26.20238132437221, -58.21711041434308 -26.2024830794091, -58.217367749500575 -26.20255967960495, -58.2176314151205 -26.202610368993923, -58.21789880909201 -26.202634647323432, -58.218167292509236 -26.202632274991124, -58.21843421571458 -26.202603275409494, -58.21869694444815 -26.202547934774845, -58.218952885845205 -26.202466799242824, -58.219199514025114 -26.202360669538407, -58.219434395019185 -26.202230593053567, -58.21965521079149 -26.202077853510595, -58.219859782115485 -26.20190395829305, -58.22004609008077 -26.201710623569436, -58.220212296017685 -26.20149975735636, -58.22035675964309 -26.201273440688347, -58.220478055248286 -26.201033907080173, -58.220574985769325 -26.200783520484332, -58.22064659460079 -26.200524751961243, -58.22069217503651 -26.200260155292398, -58.22071127724407 -26.199992341777147, -58.22070371270416 -26.199723954461835, -58.22066955607106 -26.199457642055627, -58.22060914443593 -26.19919603279045, -58.220523074000006 -26.19894170848303, -58.22041219419074 -26.198697179054978, -58.22027759927881 -26.198464857762442, -58.22012061757876 -26.198247037379712, -58.19234131757876 -26.163482337379712, -58.19216600516607 -26.163283737903367, -58.19197209235685 -26.163103255171595, -58.191761442094915 -26.16294262310383, -58.19153607812281 -26.162803384911786, -58.19129816553948 -26.162686878273608, -58.19104998999988 -26.162594222482667, -58.19079393575646 -26.162526307694353, -58.190532462753296 -26.162483786374256, -58.19026808299316 -26.162467067029837, -58.19000333640439 -26.162476310285864, -58.189740766439485 -26.162511427341254, -58.18948289563987 -26.162572080822212, -58.1892322014015 -26.16265768802341, -58.18194650140149 -26.16555158802341, -58.18172163652893 -26.165653018192398, -58.1815069564396 -26.16577452847732, -58.18130424956433 -26.165915106615063, -58.181115204588906 -26.16607358149435, -58.18094139638626 -26.166248632911902, -58.18078427289665 -26.166438802570646, -58.18064514306535 -26.16664250622829, -58.18025924306536 -26.16726690622829, -58.18025068743781 -26.167280843653117, -58.17942368743782 -26.168637243653116, -58.17938839086146 -26.168696840112027, -58.17920839086146 -26.16900984011203, -58.1790393267133 -26.16935990761254, -58.1776505267133 -26.17285800761254, -58.1776464351803 -26.17286837562486, -58.177104935180296 -26.17424887562486, -58.17700886746504 -26.174541994898394, -58.17694682473381 -26.17484415150338, -58.1767125247338 -26.17644395150338, -58.176687237675644 -26.176703293315985, -58.17668704261367 -26.176963864943424, -58.17671194136103 -26.17722324432475, -58.1767617024793 -26.17747902048115, -58.17683586342978 -26.177728815926464, -58.176933734872875 -26.177970308766323, -58.17705440707561 -26.178201254280594, -58.17719675836779 -26.178419505788472, -58.1773594655681 -26.178623034602264, -58.17754101628335 -26.178809948884403, -58.17773972296643 -26.17897851123244, -58.177953738602355 -26.179127154828517, -58.18016123860236 -26.180507554828516, -58.18020980641912 -26.180537218712754, -58.21662480641913 -26.202255418712756)))",#3e26c2,false
San Pedro,route,martes,martes,RUTA1-SANPEDR,0,"SRID=4326;MULTIPOLYGON(((-58.189309935602736 -26.189401617756953, -58.18957025161984 -26.189406402051773, -58.18982982011116 -26.189386116180987, -58.19008623225931 -26.189340948399174, -58.190337108538074 -26.189271317867142, -58.190580120794536 -26.189177870762066, -58.19081301385457 -26.18906147428092, -58.19103362645106 -26.188923208592808, -58.19123991128059 -26.18876435681491, -58.19142995400266 -26.188586393105055, -58.19160199100486 -26.188390968981388, -58.19175442576938 -26.188179897996168, -58.19188584368883 -26.18795513890584, -58.19199502519389 -26.18771877749361, -58.19524532519389 -26.179687177493612, -58.195280663809534 -26.179595053386826, -58.19653896380953 -26.176126753386825, -58.196570175312814 -26.17603569806459, -58.19670657531282 -26.175613398064595, -58.196730536745434 -26.17553518487709, -58.19716083674543 -26.17405078487709, -58.19722234254343 -26.173791384684492, -58.1972579932546 -26.173527186936777, -58.19726744200904 -26.173260762192907, -58.19725059687339 -26.17299470267981, -58.1972076217454 -26.172731597070822, -58.19713893475922 -26.17247400529876, -58.19704520421708 -26.17222443364857, -58.19692734208699 -26.171985310372005, -58.19678649512948 -26.171758962061507, -58.19662403374007 -26.17154759101321, -58.19644153861575 -26.171353253799317, -58.196240785375274 -26.17117784125831, -58.19602372728299 -26.171023060097692, -58.193230227282996 -26.16923206009769, -58.19299725899019 -26.169098541648236, -58.19275219162029 -26.16898879928626, -58.192497444155364 -26.168903916243714, -58.1922355311266 -26.1688447303741, -58.19196903779419 -26.168811825882322, -58.19170059462904 -26.168805527558142, -58.19143285134826 -26.168825897570322, -58.1911684507606 -26.168872734852947, -58.190910002680155 -26.1689455770901, -58.19066005816572 -26.16904370527923, -58.19042108434008 -26.169166150828193, -58.19019544003787 -26.169311705115927, -58.18998535252221 -26.169478931422358, -58.173780752522205 -26.18374843142236, -58.17359078019452 -26.18393301248144, -58.1734197882139 -26.18413530285496, -58.17326941893376 -26.184353359572917, -58.17314111662945 -26.18458508823184, -58.173036113626196 -26.18482826311123, -58.17295541846276 -26.185080548551266, -58.17289980620461 -26.18533952138652, -58.1728698109995 -26.185602694220087, -58.17286572094707 -26.185867539314675, -58.172887575331686 -26.186131512871174, -58.172935164245125 -26.186392079461463, -58.173008030602695 -26.186646736380847, -58.17310547453349 -26.186893037686175, -58.17322656010256 -26.187128617688767, -58.173370124300384 -26.18735121367651, -58.17353478821346 -26.187558687646902, -58.173718970268524 -26.187749046842235, -58.17392090142339 -26.18792046288977, -58.17413864215829 -26.188071289362973, -58.17437010110474 -26.188200077595223, -58.174613055132774 -26.188305590594034, -58.17486517070384 -26.1883868149222, -58.17512402628405 -26.18844297043171, -58.17538713560273 -26.188473517756954, -58.189309935602736 -26.189401617756953)))",#635b0d,false
La pilar,route,martes,martes,RUTA2-LAPILAR,1,"SRID=4326;MULTIPOLYGON(((-58.218090560984436 -26.20353777750384, -58.21835938787841 -26.203548354660896, -58.2186279344737 -26.20353215276805, -58.21889353979817 -26.20348933236648, -58.2191535720241 -26.203420317754603, -58.21940545454646 -26.2033257927838, -58.21964669151392 -26.20320669408227, -58.21987489255974 -26.203064201774183, -58.22008779648739 -26.202899727786072, -58.22028329367631 -26.202714901856343, -58.220459446985664 -26.202511555386547, -58.22061451094909 -26.202291703294403, -58.220746949070154 -26.202057524048385, -58.22085544904716 -26.201811338081754, -58.22093893577648 -26.201555584799856, -58.220996582005554 -26.201292798408563, -58.22102781652993 -26.201025582803364, -58.22103232985323 -26.2007565857679, -58.22101007725387 -26.200488472737636, -58.22096127922822 -26.200223900388615, -58.22088641930572 -26.199965490313, -58.22078623925771 -26.199715803042285, -58.220661731747384 -26.199477312675505, -58.220514130493655 -26.199252382363916, -58.22034489804653 -26.19904324089501, -58.220155711295 -26.198851960607936, -58.21994844485109 -26.19868043685913, -58.21972515247472 -26.198530369241606, -58.21948804672343 -26.198403244744053, -58.219239477028594 -26.19830032301658, -58.19145877702859 -26.18838652301658, -58.191429698959205 -26.188376332721276, -58.176446198959205 -26.183221132721275, -58.17619480096794 -26.18314804701167, -58.175937511090375 -26.183099628111815, -58.17567674359688 -26.18307633035873, -58.175414945389925 -26.183078372366047, -58.17515457304362 -26.183105734972667, -58.17489806975259 -26.183158161422543, -58.17464784240628 -26.18323515977396, -58.17440623900407 -26.18333600751564, -58.17417552662285 -26.18345975834639, -58.17395787014401 -26.183605251054725, -58.17375531193933 -26.18377112041501, -58.17356975270651 -26.18395580999802, -58.173402933633966 -26.184157586775665, -58.17325642006251 -26.18437455738275, -58.173131586797 -26.184604685883336, -58.173029605205926 -26.184845812874865, -58.17295143222991 -26.185095675750823, -58.17289780140227 -26.185351929931837, -58.172869215965974 -26.18561217086596, -58.17286594415144 -26.185873956591678, -58.172888016659606 -26.186134830651987, -58.1729352263739 -26.18639234514447, -58.173007130303645 -26.186644083691075, -58.17310305374088 -26.18688768411215, -58.17322209659147 -26.187120860591847, -58.17336314182108 -26.187341425127, -58.18021154182108 -26.196987325127, -58.18038191520232 -26.19720313482435, -58.18057333363877 -26.19740051743932, -58.18078381599455 -26.197577430108193, -58.18101118382671 -26.197732041826388, -58.18125308393157 -26.197862752398922, -58.18697438393157 -26.20058785239892, -58.187195480319645 -26.2006813539557, -58.18742400122015 -26.20075486825345, -58.18765814382702 -26.200807815336372, -58.187896060984436 -26.20083977750384, -58.218090560984436 -26.20353777750384)))",#889020,false
Obrero,route,martes,martes,RUTA2-OBRERO,1,"SRID=4326;MULTIPOLYGON(((-58.18938188807375 -26.20202458864347, -58.18964258190125 -26.20204794212103, -58.18990431222952 -26.20204596933665, -58.19016462440463 -26.2020186887922, -58.19042107707289 -26.201966356339945, -58.19067126507723 -26.201889462782997, -58.21803176507723 -26.192006762783, -58.21827912938055 -26.191903271480715, -58.21851502132206 -26.191775778186237, -58.21873711900602 -26.191625537822198, -58.21894323631423 -26.19145402921174, -58.219131344424106 -26.191262940522368, -58.21929959177846 -26.191054152649254, -58.21944632231048 -26.19082972070149, -58.21957009174449 -26.19059185377354, -58.21966968181197 -26.190342893201027, -58.219744112243106 -26.19008528951486, -58.21979265041558 -26.189821578320522, -58.21981481856581 -26.189554355339997, -58.21981039849163 -26.189286250861944, -58.21977943370006 -26.18901990385166, -58.219722228979016 -26.18875793597558, -58.219639347397326 -26.18850292579613, -58.219531604762395 -26.188257383390784, -58.219400061590164 -26.188023725645255, -58.2192460126664 -26.18780425246399, -58.21907097430209 -26.187601124132076, -58.21887666940828 -26.187416340051463, -58.2186650105374 -26.187251719060757, -58.21843808105789 -26.187108881532293, -58.21819811464756 -26.186989233422747, -58.21794747330733 -26.186893952434215, -58.21768862411199 -26.186823976422055, -58.21742411492663 -26.18677999416353, -58.193633814926635 -26.18402849416353, -58.19346564687726 -26.184014348487704, -58.175709246877254 -26.183077848487702, -58.17544916044797 -26.183076663096603, -58.17519016437949 -26.18310048309585, -58.174934657179016 -26.183149087893526, -58.17468500504408 -26.18322202737099, -58.17444351994971 -26.183318626051353, -58.17421243823771 -26.183437989354886, -58.17399389990639 -26.18357901188357, -58.1737899287925 -26.18374038765793, -58.1736024138289 -26.18392062221143, -58.17343309155156 -26.184118046430427, -58.17328353001787 -26.18433083201145, -58.17315511428521 -26.184557008392748, -58.173049033584206 -26.184794481003223, -58.17296627030555 -26.185041050659827, -58.17290759090227 -26.185294433933706, -58.17287353879175 -26.185552284296552, -58.17286442932332 -26.185812213851307, -58.1728803468578 -26.186071815445963, -58.17292114398633 -26.18632868496567, -58.172986442895414 -26.18658044359675, -58.173075638865825 -26.186824759856368, -58.177678438865826 -26.197766759856368, -58.17779307497958 -26.19800575587007, -58.17793057105796 -26.198232373083837, -58.17808960457197 -26.198444431742146, -58.17826864583121 -26.198639892123385, -58.178465972697424 -26.198816874159235, -58.1786796871492 -26.198973675518435, -58.17890773353839 -26.199108787980926, -58.17914791836272 -26.19922091194492, -58.17939793136436 -26.199308968927355, -58.18755773136435 -26.201740268927356, -58.18775635961537 -26.201791333045136, -58.18795828807374 -26.201827188643474, -58.18938188807375 -26.20202458864347)))",#adc533,false
San Juan Bautista,route,"miércoles,viernes",miércoles,RUTA2-SANJUAN,1,"SRID=4326;MULTIPOLYGON(((-58.21483641264438 -26.210616478594304, -58.21509031979699 -26.21068013066122, -58.21534919371036 -26.210718921442997, -58.21561060603156 -26.21073248706478, -58.21587210459629 -26.21072070027498, -58.216131236431245 -26.210683671638947, -58.216385570764075 -26.210621748501822, -58.216632721825185 -26.210535511730285, -58.21687037122724 -26.21042577026376, -58.21709628971272 -26.210293553526217, -58.21730835806536 -26.21014010176969, -58.21750458698929 -26.209966854440182, -58.2176831357696 -26.20977543667501, -58.217842329538975 -26.209567644058293, -58.21798067498878 -26.209345425777567, -58.22243297498877 -26.20135582577757, -58.22255022611148 -26.201118853269044, -58.22264376198954 -26.20087155823252, -58.22271268750053 -26.20061630723937, -58.222756343039066 -26.200355542998093, -58.222774310829074 -26.200091760978054, -58.222766418921864 -26.199827485528242, -58.22273274284165 -26.199565245719683, -58.22267360486278 -26.19930755114266, -58.22258957092563 -26.199056867890366, -58.22248144522066 -26.19881559495882, -58.222350262492455 -26.19858604128886, -58.22219727813736 -26.198370403669994, -58.222023956189595 -26.198170745717498, -58.22183195531066 -26.19798897812396, -58.221623112916255 -26.197826840374272, -58.22139942759252 -26.197685884099077, -58.22116303996988 -26.19756745822591, -58.22091621223761 -26.197472696070204, -58.220661306495046 -26.197402504489638, -58.220400762146724 -26.197357555205677, -58.21330036214672 -26.196487655205676, -58.21303539643109 -26.196468347990088, -58.212769815258426 -26.196475147972688, -58.21250618476621 -26.196507989449685, -58.212247052243775 -26.196566555095327, -58.21199492151949 -26.19665027902802, -58.21175222876793 -26.19675835227806, -58.2115213189707 -26.196889730604198, -58.21130442325842 -26.197043144583443, -58.211103637352736 -26.19721711187667, -58.21092090131677 -26.197409951551517, -58.21075798080953 -26.197619800324105, -58.21025628080954 -26.198336100324106, -58.210103273286556 -26.198581530437462, -58.20900147328654 -26.200579630437463, -58.20889569470246 -26.200793224185844, -58.2088091459799 -26.20101530686599, -58.208742500249855 -26.20124415123421, -58.20869627584819 -26.201477977457905, -58.20823087584821 -26.204535377457905, -58.20820455282128 -26.20478697404574, -58.2082018684462 -26.20503992965229, -58.208222846240105 -26.205292028198336, -58.20826730242191 -26.205541061113138, -58.20833484752241 -26.20578484668317, -58.208424889796284 -26.206021249165538, -58.20853664040626 -26.206248197498702, -58.20866912033389 -26.206463703446488, -58.21009312033388 -26.208554103446488, -58.210250915304144 -26.208763194839857, -58.21042821086048 -26.208956028314972, -58.210623341511905 -26.20913079241969, -58.21083447422689 -26.20928584544314, -58.21105962565268 -26.209419730837748, -58.211296680746564 -26.20953119090183, -58.21154341264437 -26.209619178594306, -58.21483641264438 -26.210616478594304)))",#0a3246,false
San jose obrero,route,"lunes,jueves",lunes,RUTA2-SANJOSE,1,"SRID=4326;MULTIPOLYGON(((-58.16428428653799 -26.200939824093965, -58.1644681010242 -26.20112844570061, -58.164669401782 -26.201298280563762, -58.164886277221484 -26.201447715899562, -58.1651166678526 -26.2015753326419, -58.165358385842524 -26.201679918918156, -58.165609135791684 -26.201760481557343, -58.16586653653131 -26.20181625552146, -58.16612814373549 -26.201846711170436, -58.166391473132926 -26.201851559291693, -58.16665402409805 -26.201830753846558, -58.16691330339743 -26.201784492407455, -58.16716684886599 -26.201713214281725, -58.16741225278819 -26.201617596339883, -58.16764718476215 -26.201498546587917, -58.16786941382959 -26.201357195544702, -58.16985251382958 -26.1999555955447, -58.170067905410804 -26.199786364715216, -58.170265061118954 -26.199596201012973, -58.17044195577773 -26.199387057792656, -58.17059677233158 -26.199161083365865, -58.187113872331594 -26.172218783365867, -58.18724261762356 -26.17198327847494, -58.1873473695086 -26.171736165248994, -58.18742709492476 -26.171479880715957, -58.18748100762087 -26.171216952351084, -58.1875085759105 -26.17094997315103, -58.18750952791548 -26.170681576061735, -58.18748385424716 -26.170414408012352, -58.18743180809897 -26.170151103811257, -58.18735390274946 -26.169894260161595, -58.18725090650031 -26.16964641005262, -58.18712383509942 -26.169409997779393, -58.18697394172355 -26.169187354837163, -58.18680270461953 -26.168980676928182, -58.1866118125258 -26.168792002307722, -58.18640314801809 -26.168623191682823, -58.18617876894349 -26.16847590986202, -58.185940888125984 -26.168351609337012, -58.185691851543574 -26.168251515958215, -58.185434115192315 -26.16817661684543, -58.185170220865274 -26.16812765065289, -58.18490277108542 -26.168105100284652, -58.18463440343953 -26.168109188132195, -58.1843677645664 -26.168139873881213, -58.18410548405568 -26.168196854909187, -58.18385014851487 -26.168279569269842, -58.1836042760603 -26.16838720123506, -58.1833702914834 -26.16851868933958, -58.18315050233752 -26.16867273684916, -58.15734060233751 -26.18874513684916, -58.15714356505727 -26.188914167833552, -58.15696365413916 -26.189101323450725, -58.15680252951292 -26.189304876928485, -58.156661677778445 -26.189522950201464, -58.15654239848988 -26.189753531238868, -58.15644579216541 -26.18999449260831, -58.15637275013341 -26.190243611104318, -58.15632394630873 -26.190498588260528, -58.15629983097489 -26.190757071556245, -58.15630062662954 -26.191016676121738, -58.15632632593165 -26.191275006741996, -58.15637669176925 -26.191529679955927, -58.15645125944708 -26.191778346047133, -58.15654934097406 -26.192018710723314, -58.15667003141101 -26.192248556284333, -58.15681221721994 -26.192465762083593, -58.15697458653799 -26.192668324093965, -58.16428428653799 -26.200939824093965)))",#2f6759,false
Virgen del Rosario,route,"lunes,jueves",lunes,RUTA2-VIRGEND,1,"SRID=4326;MULTIPOLYGON(((-58.209203648554244 -26.20894789701253, -58.20945988793918 -26.209013709250478, -58.20972133408853 -26.209054154077727, -58.20998548192629 -26.20906884396757, -58.21024980048995 -26.209057638167163, -58.21051175718115 -26.20902064404615, -58.21076884203211 -26.208958216067906, -58.2110185917551 -26.208870952393198, -58.211258613344775 -26.20875968914884, -58.21148660700702 -26.208625492416253, -58.21170038819463 -26.208469648016674, -58.213908088194636 -26.206688448016674, -58.2141361264085 -26.206481968689914, -58.215941626408494 -26.204649668689914, -58.2161157264352 -26.204455007337984, -58.216270225756695 -26.204244451357567, -58.216403681796045 -26.204019966732712, -58.2165148484597 -26.203783649500746, -58.21660268777247 -26.20353770618133, -58.21666637956913 -26.20328443317394, -58.21670532915248 -26.20302619531616, -58.21671917284601 -26.20276540380291, -58.216707781389665 -26.202504493672873, -58.2166712611467 -26.20224590107227, -58.2166099531106 -26.201992040508294, -58.21652442972114 -26.2017452823046, -58.21641548951951 -26.201507930469337, -58.2162841496922 -26.20128220118237, -58.21613163657344 -26.20107020210256, -58.21595937419478 -26.200873912688344, -58.21576897098877 -26.2006951657153, -58.20972647098876 -26.1955485657153, -58.209494170597075 -26.195371444936026, -58.209244110972485 -26.1952204302792, -58.20897921341022 -26.19509728595765, -58.20538201341022 -26.193655985957648, -58.20513012328494 -26.19356920644022, -58.204870913065406 -26.19350764848422, -58.20460690151517 -26.19347191025255, -58.204340654052665 -26.193462339016065, -58.204074757822816 -26.193479027779127, -58.20381179655761 -26.19352181437588, -58.20355432546978 -26.193590283046017, -58.20330484642361 -26.19368376847475, -58.2030657836242 -26.19380136225773, -58.20283946006122 -26.19394192172806, -58.202628074936335 -26.1941040810597, -58.20243368229336 -26.194286264539237, -58.202258171059 -26.194486701877256, -58.199955471059 -26.19739390187726, -58.19979110719742 -26.197625436568078, -58.19965194163405 -26.197872937553967, -58.19953951039449 -26.198133673068263, -58.199455054426956 -26.19840476526954, -58.199399505905525 -26.198683222005517, -58.19937347794127 -26.198965969838614, -58.199377257815186 -26.199249887968712, -58.19965915781518 -26.20352358796871, -58.199690658770045 -26.20379353705426, -58.19974911190521 -26.204058957569544, -58.199833926137096 -26.20431716555745, -58.19994424381623 -26.20456554999459, -58.20007894939991 -26.204801599194273, -58.20023668073265 -26.205022926204865, -58.20041584282043 -26.205227292946898, -58.20061462395943 -26.205412632844716, -58.20083101405614 -26.205577071723912, -58.20106282495363 -26.205718946763124, -58.20383472495365 -26.207229346763125, -58.20407630903478 -26.207345830576, -58.204328248554255 -26.207437797012528, -58.209203648554244 -26.20894789701253)))",#549c6c,false
B° vial,route,"miércoles,viernes",miércoles,RUTA3-B°VIAL,2,"SRID=4326;MULTIPOLYGON(((-58.1654987103025 -26.184532796791654, -58.16532318022002 -26.184738524523283, -58.16516908833343 -26.1849607640335, -58.16503797743253 -26.185197290228842, -58.16493116021825 -26.185445734975517, -58.16484970615967 -26.18570361080951, -58.16479443078637 -26.18596833584143, -58.16476588752323 -26.186237259606735, -58.16476436214944 -26.18650768960258, -58.16478986993725 -26.186776918245513, -58.16484215549908 -26.18704224998022, -58.16492069534448 -26.187301028267758, -58.16502470312138 -26.187550662183245, -58.165153137489185 -26.187788652356538, -58.16530471254479 -26.188012615996296, -58.16547791069727 -26.188220310746818, -58.16567099786217 -26.188409657138823, -58.16588204082344 -26.18857875940941, -58.16610892658903 -26.18872592448267, -58.16634938354651 -26.18884967892104, -58.16660100420675 -26.188948783677546, -58.166861269308015 -26.189022246501313, -58.16712757303925 -26.189069331872147, -58.167397249129756 -26.189089568364636, -58.16766759754429 -26.189082753368154, -58.17577009754429 -26.188471853368153, -58.176051172773796 -26.188435762538237, -58.17632692397212 -26.18837043942386, -58.17659431956684 -26.188276602178746, -58.17685041984596 -26.18815528243723, -58.177092409276696 -26.188007813972593, -58.17731762745906 -26.187835818033744, -58.17752359837398 -26.187641185521418, -58.19337169837398 -26.171008385521418, -58.193543934681756 -26.17080900421021, -58.19369593895932 -26.170593799766532, -58.193826266655485 -26.17036481735544, -58.19393367921938 -26.170124233078955, -58.195581879219375 -26.165889233078957, -58.195664855487074 -26.165641113806576, -58.19572345277739 -26.165386134215442, -58.19575712200073 -26.16512668360795, -58.19576554765749 -26.164865193182436, -58.19574865079451 -26.164604113251478, -58.19570658974494 -26.16434589028109, -58.19563975864449 -26.164092943965954, -58.19554878373821 -26.163847644555528, -58.19543451751223 -26.163612290643457, -58.19529803070545 -26.163389087628463, -58.195140602276126 -26.163180127048527, -58.19496370741731 -26.162987366981984, -58.194769003733484 -26.162812613699238, -58.19455831570782 -26.16265750473698, -58.19433361760582 -26.16252349355356, -58.19409701497524 -26.162411835909246, -58.193850724916025 -26.162323578099066, -58.19359705530475 -26.162259547148413, -58.19333838316856 -26.16222034306336, -58.19307713241107 -26.16220633320827, -58.19281575109904 -26.162217648863376, -58.18998245109904 -26.162478148863375, -58.18974255022739 -26.162511099710667, -58.18950656158906 -26.162565391046353, -58.18927637959882 -26.162640587043068, -58.189053852058194 -26.16273608405985, -58.18744095205818 -26.16351558405985, -58.18726136274569 -26.16361087050531, -58.1831414627457 -26.165999570505306, -58.182922888458336 -26.166140779445843, -58.18271890733272 -26.166302354148005, -58.1825314103025 -26.16648279679165, -58.1654987103025 -26.184532796791654)))",#79097f,false
La Paz,route,martes,martes,RUTA3-LAPAZ,2,"SRID=4326;MULTIPOLYGON(((-58.1685 -26.132699999999996, -58.152499999999996 -26.132699999999996, -58.152499999999996 -26.116699999999998, -58.1685 -26.116699999999998, -58.1685 -26.132699999999996)))",#9e3e92,false
Lote 4,route,"lunes,jueves",lunes,RUTA3-LOTE4,2,"SRID=4326;MULTIPOLYGON(((-58.15418054604704 -26.210380044646335, -58.15438486855785 -26.21056441960567, -58.154606882038294 -26.210727059786905, -58.154844284418544 -26.210866278765156, -58.15509461406041 -26.21098063297128, -58.155355275282226 -26.21106893666029, -58.15562356527363 -26.211130274206443, -58.155896702121105 -26.21116400959739, -58.15617185365385 -26.211169793029022, -58.15644616681067 -26.211147564532627, -58.15718016681066 -26.211050264532627, -58.15741153770646 -26.211009290245233, -58.15763847529312 -26.210948374603483, -58.15785926427687 -26.2108679780345, -58.21788996427688 -26.1860028780345, -58.21812617659191 -26.185891375032067, -58.21835052192584 -26.185757590322673, -58.2185609047644 -26.185602773532352, -58.21875536001103 -26.185428370738844, -58.21893207134203 -26.185236010964417, -58.21908938817209 -26.185027490959843, -58.21922584107164 -26.184804758421745, -58.21934015549223 -26.184569893799953, -58.21943126367152 -26.184325090864935, -58.21949831460676 -26.18407263621672, -58.21954068200373 -26.183814887926715, -58.219557970126594 -26.183554253512003, -58.21955001749436 -26.183293167447715, -58.21951689838917 -26.183034068427656, -58.21945892216251 -26.18277937658549, -58.21937663034562 -26.182531470889312, -58.219270791591335 -26.182292666920716, -58.219142394494426 -26.182065195245933, -58.218992638357506 -26.18185118058106, -58.21882292198893 -26.18165262194599, -58.21863483063705 -26.18147137399242, -58.21843012118313 -26.181309129680347, -58.21821070573105 -26.181167404464826, -58.217978633747165 -26.181047522140783, -58.21773607291709 -26.180950602477978, -58.2174852888983 -26.18087755076173, -58.21722862415759 -26.18082904933702, -58.21696847609105 -26.18080555123503, -58.216707274631034 -26.180807275941515, -58.17541847463103 -26.183078175941514, -58.175142819731846 -26.183107575800843, -58.17487162648006 -26.183165057931635, -58.15757742648005 -26.187768957931635, -58.157335012422735 -26.187845873791627, -58.157100901380296 -26.18794523497375, -58.15687716635394 -26.188066161656845, -58.156665788467535 -26.188207583062038, -58.15646863942525 -26.188368246934242, -58.156287464937996 -26.18854673063062, -58.146551764938 -26.19908543063062, -58.14638557020029 -26.19928356635439, -58.14623907322364 -26.199496679215834, -58.14611361528467 -26.19972281802592, -58.14601034503367 -26.19995991233445, -58.145930207978026 -26.200205791386406, -58.14587393782542 -26.20045820399664, -58.14584204976626 -26.200714839160952, -58.1458348357568 -26.20097334721488, -58.14585236184607 -26.20123136134642, -58.14589446757113 -26.201486519265746, -58.14596076742626 -26.20173648483355, -58.14605065439249 -26.20197896944993, -58.14616330549526 -26.202211753008033, -58.146297689339306 -26.20243270422061, -58.14645257555176 -26.202639800133337, -58.14662654604703 -26.202831144646336, -58.15418054604704 -26.210380044646335)))",#c373a5,false
Venezuela,route,martes,martes,RUTA3-VENEZUEL,2,"SRID=4326;MULTIPOLYGON(((-58.1861 -26.115099999999998, -58.1701 -26.115099999999998, -58.1701 -26.0991, -58.1861 -26.0991, -58.1861 -26.115099999999998)))",#20a8b8,false
Villa Lourdes,route,"miércoles,viernes",miércoles,RUTA3-VILLALO,2,"SRID=4326;MULTIPOLYGON(((-58.1814111854656 -26.17904179230571, -58.181462986575745 -26.179308036852674, -58.18154121285233 -26.179567748545615, -58.1816450764264 -26.179818311654994, -58.18177353121867 -26.180057202592753, -58.181925283475316 -26.18028201532905, -58.18209880479824 -26.180490485624993, -58.18229234753855 -26.1806805138373, -58.18250396239832 -26.1808501860652, -58.182731518063285 -26.180997793426616, -58.18297272266868 -26.18112184926943, -58.18322514688217 -26.181221104144583, -58.18348624837129 -26.18129455839008, -58.18375339740892 -26.18134147219925, -58.184023903359076 -26.181361373071866, -58.184295041776046 -26.181354060572975, -58.18456408184415 -26.18131960835163, -58.20746258184416 -26.177210408351627, -58.20772524251888 -26.177149611273624, -58.207980539149915 -26.17706294787351, -58.20822593132169 -26.176951280524797, -58.208458977176306 -26.17681572041125, -58.20867735771207 -26.17665761646968, -58.2088788998595 -26.1764785419669, -58.20906159810522 -26.17628027884439, -58.20922363444848 -26.176064799986484, -58.20936339649175 -26.17583424958853, -58.20947949348551 -26.17559092182033, -58.20957077016731 -26.17533723799724, -58.209636318257616 -26.175075722486046, -58.209675485497954 -26.174808977585396, -58.20968788214144 -26.174539657630753, -58.20967338483107 -26.174270442581527, -58.20963213782725 -26.174004011353226, -58.20956455157225 -26.17374301516001, -58.209471298606 -26.17349005113288, -58.2093533068737 -26.17324763647605, -58.209211750492045 -26.173018183418645, -58.20904803806575 -26.172803975211014, -58.208863798670755 -26.17260714340447, -58.19606139867076 -26.16022944340447, -58.19591268676978 -26.16009594187104, -58.19575451671809 -26.15997379391294, -58.19122061671808 -26.15673279391294, -58.19099778773096 -26.156589470156373, -58.190761996443804 -26.15646865241926, -58.19051550872155 -26.15637150171428, -58.19026069321783 -26.156298951622897, -58.18999999861308 -26.156251699324002, -58.18973593008368 -26.15623019889429, -58.18532533008369 -26.156088098894287, -58.18505133860732 -26.156093171646013, -58.18477926924135 -26.15612596374925, -58.184511919073195 -26.15618613807534, -58.18425203667319 -26.156273075984814, -58.18400229383715 -26.15638588368747, -58.183765258118164 -26.156523401431258, -58.18354336643014 -26.156684215425436, -58.18333889999446 -26.156866672375465, -58.18315396088715 -26.15706889648015, -58.1829904504279 -26.1572888087164, -58.18285004963307 -26.15752414821318, -58.18273420193342 -26.157772495495067, -58.179781801933416 -26.165042695495067, -58.17968860840468 -26.165312152163626, -58.17962431978405 -26.165589927078415, -58.17958965153091 -26.165872928919846, -58.17958498946359 -26.16615800819857, -58.17961038546561 -26.16644199230571, -58.1814111854656 -26.17904179230571)))",#451503,false
Villa hermosa,route,"lunes,jueves",lunes,RUTA3-VILLAHE,2,"SRID=4326;MULTIPOLYGON(((-58.17763888868949 -26.203178380670092, -58.177881351654186 -26.203287705803316, -58.17813338612377 -26.203372669914238, -58.178392551309855 -26.20343245018122, -58.17865633736776 -26.203466467671625, -58.178922189702696 -26.203474392948387, -58.179187533709324 -26.2034561492604, -58.179449799705125 -26.203411913285816, -58.17970644781611 -26.203342113420998, -58.17995499257381 -26.20324742563182, -58.18019302698542 -26.203128766907355, -58.180418245843924 -26.202987286379454, -58.18062846805254 -26.20282435419415, -58.180821657747174 -26.202641548242692, -58.180995944012466 -26.20244063888071, -58.18114963900035 -26.202223571783477, -58.181281254275774 -26.201992449103336, -58.181389515231196 -26.201749509111707, -58.18195961523119 -26.200279609111707, -58.18203987014514 -26.20004002429779, -58.19111667014514 -26.168049324297794, -58.191178707343205 -26.167778275896577, -58.19121256736007 -26.167502287945748, -58.19121789180302 -26.16722428165076, -58.1911946243153 -26.166947199580317, -58.19114301117254 -26.16667397452063, -58.19010311117254 -26.16239057452063, -58.19002614162024 -26.162131010318717, -58.189923589745156 -26.161880448949365, -58.18979648460211 -26.161641404665794, -58.189646101625215 -26.16141627615326, -58.18947394982955 -26.161207322459482, -58.189281756668976 -26.161016640326274, -58.18907145070207 -26.16084614314982, -58.18884514224 -26.160697541780745, -58.18860510217066 -26.160572327356633, -58.1883537391715 -26.1604717563392, -58.18809357553968 -26.16039683790638, -58.18782722188216 -26.160348323825747, -58.18755735091957 -26.160326700910908, -58.18728667066688 -26.16033218613658, -58.18701789725987 -26.160364724461374, -58.186753727700115 -26.1604239893801, -58.18649681279196 -26.160509386200072, -58.18624973054309 -26.160620058008544, -58.18601496029558 -26.160754894271392, -58.18579485784694 -26.160912541976735, -58.18559163181096 -26.161091419211715, -58.185407321455365 -26.161289731036167, -58.18524377623887 -26.16150548749391, -58.185102637252804 -26.16173652358093, -58.168500137252806 -26.19225142358093, -58.1684074825619 -26.19243860600735, -58.16832955879348 -26.192632384331265, -58.16784385879347 -26.193989484331265, -58.16776690400083 -26.194243057461122, -58.167715151412395 -26.194502947903203, -58.16768909854162 -26.194766657251193, -58.167688995842724 -26.19503165038648, -58.16771484430298 -26.195295379848993, -58.16776639543323 -26.195555310326743, -58.167843153656705 -26.195808943028545, -58.16794438107311 -26.196053839705662, -58.16806910455234 -26.196287646091427, -58.16821612508943 -26.19650811453354, -58.168384029330994 -26.196713125601434, -58.1685712031622 -26.19690070846101, -58.17039360316222 -26.19855620846101, -58.170483209553446 -26.198634085820792, -58.171208609553446 -26.19923708582079, -58.17143094722973 -26.199403363657705, -58.17385774722974 -26.201030863657707, -58.17387398740359 -26.20104167014486, -58.175167187403574 -26.20189547014486, -58.17542548868949 -26.20204618067009, -58.17763888868949 -26.203178380670092)))",#6a4a16,false
Centro 2,route,martes,martes,RUTA4-CENTRO2,3,"SRID=4326;MULTIPOLYGON(((-58.17729553140482 -26.198057649652274, -58.17748151260746 -26.198242957315898, -58.177684595922905 -26.19840934573172, -58.17790286500933 -26.198555244819595, -58.178134260228404 -26.19867927784149, -58.17837659808054 -26.198780274392696, -58.178627591808876 -26.198857281446053, -58.17888487297769 -26.198909572344935, -58.17914601382148 -26.198936653660144, -58.179408550153966 -26.198938269846032, -58.17967000462069 -26.198914405651895, -58.17992791007594 -26.198865286265864, -58.18017983286331 -26.198791375189998, -58.18042339578025 -26.198693369866557, -58.193829395780256 -26.192526469866557, -58.194070156592545 -26.19240069197496, -58.194297076056 -26.192251382216902, -58.194507861993046 -26.192080048812418, -58.19470038519539 -26.19188842244861, -58.1948727009318 -26.191678438797503, -58.19502306859236 -26.191452218963256, -58.19514996927086 -26.191212048056308, -58.19525212110771 -26.190960352110817, -58.19532849223834 -26.190699673578614, -58.195378311216416 -26.190432645647167, -58.195401074806355 -26.190161965641032, -58.19539655306671 -26.189890367775398, -58.19536479167285 -26.189620595537004, -58.19530611145559 -26.189355373971424, -58.19522110516036 -26.189097382156593, -58.19511063145978 -26.188849226140693, -58.19497580627987 -26.18861341261773, -58.19481799152788 -26.188392323606692, -58.19463878133517 -26.188188192390125, -58.19443998595452 -26.1880030809551, -58.178366685954515 -26.1744785809551, -58.178171593799405 -26.17432903465508, -58.17796372116415 -26.174197832473915, -58.17774478761038 -26.174086059740794, -58.17751660419777 -26.173994641060844, -58.17174920419776 -26.171983241060843, -58.17149120625483 -26.171907430985602, -58.17122695192175 -26.171857633862025, -58.17095905711917 -26.171834342644466, -58.170690173805646 -26.171837787898593, -58.166917573805655 -26.17207418789859, -58.16666326442023 -26.172102257592947, -58.16641274881347 -26.17215424895789, -58.16616827201465 -26.172229696065834, -58.16593202493545 -26.17232792278737, -58.1657061247358 -26.172448048850548, -58.16549259585069 -26.172588997729505, -58.1652933518479 -26.172749506291932, -58.16511017827935 -26.172928136118784, -58.16494471667957 -26.17312328639487, -58.16479844985491 -26.173333208254768, -58.16467268859519 -26.173556020455532, -58.16456855992681 -26.17378972623569, -58.164486997012844 -26.174032231209498, -58.16303169701283 -26.179149031209498, -58.16297245308641 -26.179403492803356, -58.16293805573525 -26.179662485791297, -58.1629288263981 -26.17992358991785, -58.162944851321896 -26.180184365199242, -58.16298598075581 -26.180442374724713, -58.16305183035072 -26.18069520742912, -58.16314178475077 -26.18094050062405, -58.1642025847508 -26.183450600624052, -58.16433699773616 -26.183724431833085, -58.164501411420744 -26.18398137253051, -58.16469373140484 -26.184218149652274, -58.17729553140482 -26.198057649652274)))",#8f7f29,false
Don Bosco,route,"miércoles,viernes",miércoles,RUTA4-DONBOSC,3,"SRID=4326;MULTIPOLYGON(((-58.21207378867432 -26.205003928809713, -58.21233249452713 -26.205037221100405, -58.212593204863616 -26.20504541959742, -58.21285349135513 -26.205028447937664, -58.21311092962087 -26.20498646419991, -58.213363121809174 -26.20491985943237, -58.213607718931826 -26.204829254010384, -58.21384244274315 -26.204715491858067, -58.21406510696025 -26.20457963258777, -58.21427363762663 -26.20442294163054, -58.21446609242965 -26.20424687844956, -58.2146406787917 -26.204053082946295, -58.21479577056684 -26.203843360185992, -58.214929923187086 -26.20361966358481, -58.215041887117614 -26.20338407671514, -58.21513061949522 -26.203138793898646, -58.215195293841845 -26.20288609976775, -58.21523530776262 -26.2026283479859, -58.215250288556746 -26.20236793932493, -58.21524009668895 -26.202107299303574, -58.215204827089124 -26.201848855595525, -58.215144808268136 -26.201595015417407, -58.21506059925798 -26.201348143107275, -58.21495298440481 -26.20111053810253, -58.21482296606333 -26.20088441352231, -58.21467175526055 -26.200671875553883, -58.21450076041595 -26.200474903835037, -58.21431157422313 -26.200295333015177, -58.21410595881492 -26.20013483566689, -58.21388582935045 -26.199994906707143, -58.20505322935046 -26.194961606707142, -58.204777276755124 -26.194824567125586, -58.17900347675513 -26.183808967125586, -58.178755820321115 -26.183717155462997, -58.178500384756106 -26.183649956037222, -58.17823960961461 -26.18360801064088, -58.17797598544712 -26.183591719876308, -58.177712030013936 -26.18360123932953, -58.17745026423914 -26.18363647808438, -58.17345206423914 -26.18437517808438, -58.17319560213136 -26.184435622803477, -58.17294624459538 -26.184520753268323, -58.17270636164266 -26.184629760358888, -58.17247823323378 -26.184761608020438, -58.17226402760857 -26.184915043110703, -58.17206578067819 -26.18508860731032, -58.17188537667482 -26.18528065098339, -58.17172453024309 -26.185489348856393, -58.17158477014324 -26.185712717366453, -58.17146742472109 -26.185948633514045, -58.16910432472108 -26.191344233514045, -58.16901201906077 -26.191585840047836, -58.16894323044535 -26.19183516348934, -58.1688985888269 -26.19208992058541, -58.168878503024246 -26.192347778322596, -58.16888315697907 -26.192606375292417, -58.168912508071394 -26.192863343316642, -58.16896628750992 -26.1931163291346, -58.169044002793534 -26.193363015953842, -58.169144942221536 -26.193601144666875, -58.169268181411276 -26.19382853453958, -58.16941259176341 -26.194043103181954, -58.169576850797455 -26.1942428856182, -58.16975945426271 -26.194426052281575, -58.169958729913944 -26.19459092576919, -58.17017285282546 -26.194735996203327, -58.17398515282546 -26.197060796203328, -58.17430624891706 -26.197228192915752, -58.17803504891707 -26.198864492915753, -58.17833559779235 -26.19897563715769, -58.17864718867433 -26.199050428809713, -58.21207378867432 -26.205003928809713)))",#b4b43c,false
Fontana,route,"lunes,jueves",lunes,RUTA4-FONTANA,3,"SRID=4326;MULTIPOLYGON(((-58.24190497045246 -26.204171229276415, -58.24216384836883 -26.204211971991928, -58.242425455226176 -26.204227450901673, -58.24268733140119 -26.2042175204732, -58.2429470147385 -26.20418227407223, -58.2432020636997 -26.20412204308484, -58.24345008031875 -26.204037393801755, -58.243688732747565 -26.203929122094117, -58.24391577718001 -26.203798245930702, -58.24412907894814 -26.203645995807005, -58.24432663259231 -26.20347380317613, -58.24450658071648 -26.203283286990306, -58.2446672314514 -26.20307623847951, -58.24480707436157 -26.20285460431037, -58.24492479464627 -26.202620468283623, -58.245019285501385 -26.202376031742258, -58.24508965852547 -26.202123592874543, -58.24513525207254 -26.201865525106466, -58.24515563747281 -26.201604254786854, -58.24515062306312 -26.20134223837487, -58.24512025598884 -26.201081939344423, -58.24506482176071 -26.20082580502262, -58.24498484157039 -26.200576243580063, -58.24488106739032 -26.20033560138924, -58.24475447490357 -26.200106140964, -58.24460625433059 -26.1998900196874, -58.24443779923872 -26.199689269528058, -58.2442506934399 -26.199505777935606, -58.24404669609971 -26.199341270094912, -58.243827725197725 -26.199197292705936, -58.24359583949468 -26.19907519944167, -58.24335321917608 -26.198976138220935, -58.190112419176074 -26.180194538220935, -58.19000388645425 -26.180158812631575, -58.176418586454254 -26.176003112631577, -58.17617079545071 -26.175939964262614, -58.175918145542795 -26.175900516550758, -58.175662898359164 -26.175885122617352, -58.17540733877831 -26.175893920263203, -58.1751537544752 -26.175926830735033, -58.174904415442846 -26.175983559430456, -58.17466155367216 -26.176063598535144, -58.174427343172006 -26.1761662315686, -58.17420388050826 -26.176290539797822, -58.17399316603615 -26.176435410461455, -58.16685796603615 -26.181855410461456, -58.16665591634119 -26.182025061142074, -58.16647137028074 -26.182213603403216, -58.166306086391195 -26.182419240628743, -58.16616163966006 -26.18264001330488, -58.166039406517875 -26.18287381769239, -58.16594055172227 -26.18311842587306, -58.165866017258985 -26.183371506979523, -58.16581651336571 -26.18363064940603, -58.16579251176423 -26.183893383788615, -58.16579424116542 -26.184157206535616, -58.165821685089846 -26.18441960368438, -58.1658745820248 -26.18467807485673, -58.16595242791624 -26.184930157085084, -58.166054480971944 -26.18517344828198, -58.16617976873 -26.185405630129562, -58.16632709732539 -26.185624490170785, -58.166495062866346 -26.185827942891876, -58.166682064811944 -26.186014049595162, -58.16688632122369 -26.186181036872895, -58.16710588574556 -26.186327313506023, -58.167338666150805 -26.186451485626893, -58.1714959661508 -26.188414785626893, -58.171722826233534 -26.188509554222463, -58.17195735963403 -26.188583315105713, -58.19049925963403 -26.193500115105714, -58.19064287045246 -26.193534029276417, -58.24190497045246 -26.204171229276415)))",#11214f,false
Guadalupe,route,"lunes,jueves",lunes,RUTA4-GUADALUP,3,"SRID=4326;MULTIPOLYGON(((-58.193489289895666 -26.193736047318364, -58.193755071328034 -26.193790253655674, -58.194024947659265 -26.193817545827443, -58.19429620046786 -26.193817648923954, -58.19456609746727 -26.19379056190673, -58.19483192002784 -26.193736557619005, -58.19509099056104 -26.1936561800374, -58.19534069949047 -26.19355023879256, -58.195578531537684 -26.19341980101384, -58.19580209105817 -26.19326618058031, -58.19600912617232 -26.19309092488623, -58.196197551448265 -26.192895799254437, -58.19636546890806 -26.19268276915447, -58.19651118714577 -26.19245398040475, -58.19663323836468 -26.19221173755809, -58.19673039316222 -26.191958480688264, -58.196801672913516 -26.191696760811578, -58.19684635962893 -26.19142921419085, -58.19686400318627 -26.191158535780772, -58.19687070318627 -26.19070853578077, -58.196862356928 -26.190452292667064, -58.19682976829689 -26.190197993287455, -58.19677323054053 -26.189947925945617, -58.19669325241186 -26.18970434086339, -58.19659055359115 -26.18946942993224, -58.196466058209985 -26.1892453069896, -58.19632088653551 -26.189033988797583, -58.19615634488973 -26.188837376895215, -58.19597391389463 -26.188657240487522, -58.195775235148865 -26.188495200525388, -58.19556209645586 -26.188352715119493, -58.195336415736364 -26.188231066419554, -58.19510022377009 -26.188131349076954, -58.19485564592181 -26.18805446039456, -58.17625424592181 -26.18316296039456, -58.175996642688766 -26.18310848159309, -58.175734960803815 -26.183079327578376, -58.17547168386784 -26.18307577504873, -58.17520931062021 -26.183097857720917, -58.174950331223464 -26.183145366010137, -58.174697203629385 -26.1832178490192, -58.1744523302508 -26.183314618817924, -58.17421803516046 -26.183434756972247, -58.17399654203345 -26.183577123261003, -58.17378995304252 -26.18374036649765, -58.173600228906494 -26.183922937354286, -58.173429170281274 -26.18412310306619, -58.173278400669965 -26.18433896387734, -58.173149351014324 -26.184568471070833, -58.17304324611385 -26.184809446413094, -58.172961093001256 -26.185059602827316, -58.17290367138488 -26.1853165660999, -58.172871526248464 -26.185577897413925, -58.17286496267882 -26.18584111649575, -58.17288404297023 -26.1861037251551, -58.17292858603326 -26.186363230995152, -58.1729981691134 -26.18661717106769, -58.17309213180347 -26.18686313524874, -58.17320958231145 -26.187098789112827, -58.173349405924384 -26.187321896088854, -58.17351027558806 -26.18753033868717, -58.17369066450196 -26.187722138596516, -58.17388886061 -26.18789547546, -58.1741029828495 -26.188048704151953, -58.17433099900419 -26.188180370391677, -58.17457074499183 -26.188289224545912, -58.174819945403314 -26.188374233488982, -58.193224245403314 -26.193666833488983, -58.193298889895665 -26.193687147318364, -58.193489289895666 -26.193736047318364)))",#365662,false
Mariano Moreno,route,"miércoles,viernes",miércoles,RUTA4-MARIANO,3,"SRID=4326;MULTIPOLYGON(((-58.19646565874312 -26.204532523750114, -58.19673597219167 -26.20460394527787, -58.19701221779427 -26.204647058641633, -58.19729143930112 -26.20466140246257, -58.19757064861572 -26.204646823239894, -58.21830194861572 -26.202484723239895, -58.21856378408606 -26.202444361000545, -58.21882040993188 -26.20237855751164, -58.219069360340676 -26.202287945051918, -58.219308243250055 -26.202173394279335, -58.21953476333213 -26.202036005865292, -58.219746744048315 -26.20187709991871, -58.21994214856286 -26.20169820330166, -58.22011909931391 -26.201501034958373, -58.22027589605429 -26.201287489398588, -58.2204110321884 -26.201059618494014, -58.22052320924857 -26.200819611762718, -58.220611349371424 -26.20056977533095, -58.22067460565468 -26.200312509774523, -58.22071237029464 -26.200050287052658, -58.220724280426374 -26.199785626755943, -58.22071022161032 -26.19952107189663, -58.22067032893185 -26.199259164473865, -58.22060498570338 -26.199002421048654, -58.22051481978118 -26.198753308563283, -58.22040069753262 -26.198514220637453, -58.22026371551158 -26.198287454568987, -58.22010518992212 -26.19807518926004, -58.21992664397162 -26.197879464280913, -58.21972979323489 -26.197702160272655, -58.21951652916993 -26.19754498087677, -58.219288900943674 -26.197409436365607, -58.19041560094367 -26.182081136365607, -58.19016972702575 -26.181966043272507, -58.189913547332765 -26.181876196911983, -58.18964964661158 -26.18181250379655, -58.18938068751101 -26.18177560656332, -58.17169068751101 -26.18024890656332, -58.17143036370151 -26.180239041681958, -58.17117029944336 -26.180254285805756, -58.17091291094892 -26.18029449730419, -58.17066058957049 -26.180359302579127, -58.170415679582646 -26.18044809953589, -58.17018045640203 -26.180560063177207, -58.16995710544681 -26.18069415326811, -58.16974770183236 -26.180849124000602, -58.16955419109168 -26.181023535568222, -58.16937837109984 -26.181215767543048, -58.16922187537018 -26.181424033930817, -58.16908615787765 -26.181646399764293, -58.16897247955016 -26.18188079908071, -58.16888189655353 -26.18212505411627, -58.16881525047882 -26.182376895539395, -58.16877316052327 -26.18263398353468, -58.16875601773743 -26.182893929541706, -58.16876398139196 -26.183154318446775, -58.168796977497934 -26.183412731021285, -58.16885469949419 -26.1836667663984, -58.168936611095575 -26.18391406437905, -58.169041951275474 -26.184152327360177, -58.16916974133636 -26.184379341681346, -58.16931879400273 -26.184592998191484, -58.169487724451855 -26.184791311844652, -58.16967496317995 -26.184972440142765, -58.18876296317994 -26.201734140142765, -58.188959195444895 -26.20189092451769, -58.18916913522671 -26.202028814800308, -58.18939096931587 -26.20214662005876, -58.18962278177399 -26.202243322831677, -58.19181428177401 -26.203040122831677, -58.19191315874313 -26.203073923750114, -58.19646565874312 -26.204532523750114)))",#5b8b75,false
Parque Urbano,route,"lunes,jueves",lunes,RUTA4-PARQUEU,3,"SRID=4326;MULTIPOLYGON(((-58.24318788616096 -26.210302196355343, -58.24344730694698 -26.21033856669889, -58.24370903022157 -26.21034965153783, -58.24397059726611 -26.21033534673737, -58.24422955082973 -26.210295786681733, -58.24448345821344 -26.210231343011706, -58.24472993412384 -26.21014262113332, -58.24496666308133 -26.21003045453046, -58.24519142117254 -26.209895896934825, -58.24540209694257 -26.209740212426812, -58.24559671123066 -26.209564863560317, -58.24577343576316 -26.209371497622975, -58.24593061032895 -26.20916193116101, -58.24606675837601 -26.208938132913943, -58.24618060088271 -26.208702205319582, -58.246271068373325 -26.208456364763016, -58.24633731096509 -26.208202920755106, -58.24637870635228 -26.207944254236146, -58.24639486565237 -26.207682795208513, -58.24638563705933 -26.20742099990836, -58.24635110726975 -26.20716132773091, -58.24629160066836 -26.20690621812603, -58.24620767628066 -26.206658067681218, -58.24610012252127 -26.20641920760722, -58.24596994978724 -26.206191881837835, -58.245818380966064 -26.205978225949647, -58.245646839947455 -26.205780247099646, -58.24545693824683 -26.205599805169346, -58.24525045986617 -26.205438595292385, -58.19661015986616 -26.171122195292384, -58.19638213737682 -26.170977813890843, -58.19614085198152 -26.170856894071253, -58.19588870973708 -26.170760641625435, -58.19562822496298 -26.170690016366365, -58.19536199516898 -26.170645722557094, -58.195092675153184 -26.170628201887926, -58.19482295052888 -26.170637629071994, -58.19455551094403 -26.170673910103023, -58.194293023260585 -26.170736683192757, -58.19403810496097 -26.17082532237865, -58.193793298047 -26.17093894376585, -58.19356104369149 -26.171076414341258, -58.19334365789528 -26.17123636327173, -58.19314330839245 -26.17141719557381, -58.17202990839246 -26.19247969557381, -58.17185078981997 -26.192676931890713, -58.171691961417544 -26.19289084581335, -58.171554966668864 -26.19311935854067, -58.17144113687963 -26.19336024940143, -58.17135157824005 -26.193611177434523, -58.171287161074936 -26.19386970413828, -58.17124851138594 -26.19413331716765, -58.17123600476813 -26.19439945474904, -58.17124976275998 -26.194665530575403, -58.17128965166224 -26.19492895893984, -58.171355283837265 -26.19518717986331, -58.17144602147601 -26.19543768397232, -58.17156098279623 -26.195678036884864, -58.17169905061158 -26.195905902867576, -58.17185888318837 -26.196119067534237, -58.172038927284405 -26.196315459365017, -58.17223743324333 -26.196493169837375, -58.17245247199766 -26.196650471972944, -58.172681953815285 -26.196785837120203, -58.17292364860743 -26.196897949809795, -58.173175207600416 -26.196985720538176, -58.17343418616096 -26.19704829635534, -58.24318788616096 -26.210302196355343)))",#80c088,false
Terminal,route,"lunes,jueves",lunes,RUTA4-TERMINAL,3,"SRID=4326;MULTIPOLYGON(((-58.1861 -26.062299999999997, -58.1701 -26.062299999999997, -58.1701 -26.0463, -58.1861 -26.0463, -58.1861 -26.062299999999997)))",#a52d9b,false
7 de Noviembre,route,"lunes,miércoles",lunes,RUTA-7-DE-NOVIEMB,4,"SRID=4326;MULTIPOLYGON(((-58.19833606979921 -26.200685832894038, -58.198584240411236 -26.20076198630316, -58.19883857230609 -26.200813979395548, -58.199096719166114 -26.200841332513267, -58.19935629947905 -26.200843793312423, -58.199614918508395 -26.200821339091114, -58.19987019038591 -26.20077417699888, -58.20011976012222 -26.20070274212567, -58.20926846012222 -26.19760154212567, -58.2095115800372 -26.197505793181158, -58.20974431763724 -26.197387014551065, -58.20996449755459 -26.197246316443636, -58.21017006179651 -26.19708501394557, -58.21035908898107 -26.19690461473012, -58.21052981229603 -26.19670680496502, -58.21068063601301 -26.196493433552142, -58.21081015040256 -26.196266494846018, -58.21091714491071 -26.196028110012893, -58.21289364491071 -26.190985010012895, -58.212979099685526 -26.190730401186162, -58.21303886338765 -26.190468568275517, -58.21307234588957 -26.190202096709953, -58.21307921657344 -26.18993361772215, -58.21305940759574 -26.18966578236677, -58.21301311455719 -26.189401235343027, -58.21294079457132 -26.18914258888001, -58.21284316175075 -26.188892396942617, -58.21272118015582 -26.188653130012835, -58.21257605427511 -26.188427150695333, -58.21240921713193 -26.188216690388284, -58.20978321713193 -26.185222590388282, -58.209610118425694 -26.18504271224278, -58.20942116118507 -26.184879572822208, -58.20921795750129 -26.184734563952734, -58.209002241009316 -26.18460892277947, -58.2087758520973 -26.184503721211783, -58.208540722205285 -26.184419856778256, -58.16788412220529 -26.172003156778256, -58.16762354506655 -26.171937542531037, -58.16735774031714 -26.171898127941564, -58.167089335425544 -26.171885302621355, -58.16682098356253 -26.171899193348146, -58.1665553373747 -26.1719396628127, -58.16629502276315 -26.172006310976112, -58.166042612926596 -26.172098479024157, -58.16580060292537 -26.172215255879653, -58.165571385017905 -26.172355487208428, -58.16535722501333 -26.172517786829843, -58.16516023987405 -26.172700550419137, -58.16498237678966 -26.172901971366123, -58.164825393929085 -26.173120058633423, -58.16469084306113 -26.173352656437803, -58.16458005421532 -26.17359746556001, -58.160450854215334 -26.18408016556001, -58.16036451669881 -26.184336201690893, -58.16030417571523 -26.184599579049024, -58.160270434365884 -26.1848676652076, -58.160263629891716 -26.185137780675888, -58.160283830302674 -26.18540722568043, -58.160330833697955 -26.185673307148985, -58.16040417028395 -26.185933365627466, -58.1605031070698 -26.186184801860897, -58.16062665519357 -26.186425102772652, -58.16077357980577 -26.186651866582388, -58.16094241241157 -26.18686282681156, -58.16113146554825 -26.187055874936615, -58.16133884965116 -26.18722908146345, -58.16156249193971 -26.187380715212488, -58.161800157134614 -26.18750926062161, -58.16204946979922 -26.18761343289404, -58.19833606979921 -26.200685832894038)))",#39FF14,false
Juan Manuel de Rosas,route,martes,martes,RUTA-JUAN-MANUEL-,4,"SRID=4326;MULTIPOLYGON(((-58.19199578663386 -26.183127329785872, -58.19207059391011 -26.183384577257588, -58.19217050182672 -26.183633154807822, -58.19229452872447 -26.183870620003, -58.19244145595965 -26.184094639595543, -58.19260983987813 -26.184303012449533, -58.192798026000105 -26.18449369116827, -58.193004165276434 -26.184664802211273, -58.19322623225676 -26.184814664302984, -58.193462044990824 -26.18494180495241, -58.19370928646754 -26.185044974921272, -58.19396552738111 -26.185123160498573, -58.1942282500005 -26.185175593460958, -58.19449487290777 -26.185201758621, -58.19476277636216 -26.185201398889255, -58.19502932804072 -26.185174517800316, -58.19529190890254 -26.18512137947809, -58.195547938922545 -26.18504250604062, -58.195794902441875 -26.184938672469915, -58.19603037288583 -26.184810898997295, -58.19625203660655 -26.18466044107893, -58.19645771561606 -26.18448877706019, -58.19664538898641 -26.18429759364997, -58.196813212706594 -26.184088769347674, -58.19695953780109 -26.18386435598577, -58.19708292653219 -26.18362655856921, -58.19804692653219 -26.18151935856921, -58.19805200686975 -26.18150818651694, -58.20212180686975 -26.17250418651694, -58.202199850661884 -26.172312238195683, -58.20256485066189 -26.171305538195682, -58.20262981935545 -26.171101452275273, -58.202678423826626 -26.170892862727516, -58.20408732382663 -26.163539162727517, -58.20412438776755 -26.163276558322302, -58.20413553581578 -26.163011585624883, -58.20412066062859 -26.162746796013753, -58.20407990543671 -26.162484739104496, -58.20401366266517 -26.16222793819995, -58.203922570154724 -26.16197886599376, -58.20380750502015 -26.161739920761203, -58.2036695752047 -26.16151340326659, -58.20351010881186 -26.161301494609592, -58.20333064131727 -26.16110623522379, -58.20313290078391 -26.16092950522967, -58.20291879122282 -26.160773006331258, -58.202690374259724 -26.160638245430683, -58.20244984928395 -26.160526520118474, -58.20219953227092 -26.160438906179273, -58.20194183348194 -26.160376247233284, -58.201679234256225 -26.160339146613182, -58.20141426311851 -26.16032796155473, -58.20114947143225 -26.160342799757014, -58.200887408833026 -26.16038351834543, -58.20063059867846 -26.16044972524739, -58.20038151375126 -26.160540782967534, -58.20014255244919 -26.16065581472606, -58.1999160156913 -26.1607937129011, -58.1900669156913 -26.1674726129011, -58.18984974064625 -26.167636424975576, -58.189650132519496 -26.167821238372458, -58.18947011344461 -26.16802518083643, -58.189311507107945 -26.168246186324833, -58.18917592027374 -26.168482015937744, -58.18906472650677 -26.168730280599185, -58.188979052257416 -26.168988465259712, -58.18891976545013 -26.16925395437515, -58.18888746669095 -26.16952405840342, -58.18888248318302 -26.169796041051, -58.18890486541184 -26.170067146992963, -58.18895438663386 -26.170334629785874, -58.19199578663386 -26.183127329785872)))",#39FF14,false
San Agustin,route,"miércoles,viernes",miércoles,RUTA-SAN-AGUSTIN,4,"SRID=4326;MULTIPOLYGON(((-58.17335889534132 -26.18733542674379, -58.17352533724748 -26.18754785150313, -58.173712133619695 -26.187742618804894, -58.173917422090305 -26.18791778681094, -58.17413915592468 -26.188071609088915, -58.17437512442721 -26.188202552024276, -58.17462297498205 -26.18830931011048, -58.17488023650881 -26.18839081896494, -58.17514434409931 -26.188446265940968, -58.17541266458981 -26.18847509822989, -58.1756825228138 -26.188477028372585, -58.1759512282735 -26.188452037125447, -58.176216101964236 -26.188400373652257, -58.176474503084236 -26.188322553040003, -58.17672385536351 -26.188219351163443, -58.17696167274942 -26.188091796949603, -58.177185584192664 -26.187941162119333, -58.19860558419266 -26.171921562119334, -58.19880528419413 -26.171756720147865, -58.19898829224503 -26.171573523479097, -58.19915292841362 -26.171373653776197, -58.199297681413775 -26.171158945753316, -58.199421222477945 -26.170931370333715, -58.19952241755462 -26.17069301655757, -58.19960033771842 -26.170446072405554, -58.199654267697234 -26.170192804714112, -58.19968371243806 -26.16993553836695, -58.19968840165139 -26.169676634953646, -58.19966829229237 -26.169418471091294, -58.19962356895588 -26.16916341660826, -58.19955464218206 -26.16891381279019, -58.19946214468776 -26.168671950888083, -58.19934692555845 -26.168440051085614, -58.19921004245401 -26.168220242118867, -58.19905275189989 -26.168014541735474, -58.198876497752764 -26.16782483817261, -58.19868289794657 -26.167652872823815, -58.19847372964062 -26.167500224253793, -58.19825091290606 -26.167368293707884, -58.16653151290606 -26.150584993707884, -58.16629646862266 -26.150474735044906, -58.16605192959132 -26.15038753728076, -58.16580015228168 -26.15032420502774, -58.165543459954186 -26.150285322680507, -58.16528422122231 -26.150271249023657, -58.16502482819633 -26.150282113921037, -58.164767674410264 -26.150317817117436, -58.16451513273567 -26.150378029163697, -58.16426953348612 -26.150462194456672, -58.16403314291436 -26.150569536366035, -58.16380814230061 -26.150699064400573, -58.16359660782489 -26.150849583347902, -58.163400491409256 -26.151019704303224, -58.156456691409254 -26.157653704303225, -58.15626617005223 -26.157855423919354, -58.15609733469101 -26.158075614318363, -58.15595196481996 -26.15831195473303, -58.15583159261139 -26.158561954177863, -58.15537319261139 -26.15965415417786, -58.15528027007744 -26.15991128937717, -58.15521380196548 -26.160176497028136, -58.15517446849025 -26.160447063075093, -58.15516267217877 -26.160720218626153, -58.15517853375094 -26.160993168289217, -58.1552218908842 -26.161263118779186, -58.155292299874624 -26.1615273075036, -58.15538904017769 -26.161783030834176, -58.15551112178211 -26.162027671774947, -58.15565729534132 -26.16225872674379, -58.17335889534132 -26.18733542674379)))",#39FF14,false
Laguna Siam,route,"lunes,miércoles",lunes,RUTA-LAGUNA-SIAM,4,"SRID=4326;MULTIPOLYGON(((-58.2422548434964 -26.206687578974172, -58.24252175319423 -26.206679110980247, -58.242786524345746 -26.206644344170684, -58.24304657207481 -26.206583617962742, -58.243299357618554 -26.206497525206977, -58.24354241311251 -26.206386906399448, -58.24377336568357 -26.206252841476218, -58.2439899606156 -26.20609663927028, -58.24419008336151 -26.205919824733854, -58.24437178018688 -26.205724124050747, -58.24453327724369 -26.205511447784172, -58.24467299788778 -26.205283872224552, -58.24478957807116 -26.20504361911934, -58.24488187965877 -26.204793033982817, -58.244949001539695 -26.20453456319758, -58.244990288424475 -26.20427073013129, -58.24500533724244 -26.20400411050186, -58.244994001076805 -26.20373730723151, -58.244956390598915 -26.203472925035296, -58.244892872987855 -26.203213544992103, -58.24480406834576 -26.202961699346393, -58.24469084364396 -26.202719846786714, -58.24455430425905 -26.2024903484423, -58.24439578318138 -26.202275444832146, -58.24421682800158 -26.20207723399151, -58.24401918580189 -26.20189765098948, -58.24380478609991 -26.201738449037503, -58.243575722011414 -26.20160118237336, -58.2433342298159 -26.20148719108762, -58.243082667124476 -26.20139758804077, -58.2428234898633 -26.201333247998722, -58.24255922829714 -26.20129479909274, -58.18179312829714 -26.19550099909274, -58.1815281527552 -26.19548881049818, -58.18126325858022 -26.195502655198336, -58.18100099732986 -26.195542399835993, -58.18074389520051 -26.195607661576247, -58.18049442869398 -26.19569781179413, -58.18025500076301 -26.19581198212973, -58.18002791766507 -26.195949072852585, -58.179815366747704 -26.19610776345466, -58.179619395379156 -26.196286525369985, -58.17944189122739 -26.196483636698343, -58.179284564077385 -26.196697198791263, -58.17914892936184 -26.196925154540477, -58.17903629356399 -26.197165308192762, -58.17894774163308 -26.197415346500215, -58.17888412653373 -26.19767286100232, -58.17884606102985 -26.197935371225125, -58.178833911782334 -26.198200348574055, -58.178847795817155 -26.19846524069028, -58.17888757939823 -26.19872749603596, -58.17895287931552 -26.1989845884716, -58.179043066576334 -26.199234041588735, -58.17915727246395 -26.19947345256362, -58.181723572463945 -26.20423655256362, -58.18185780232137 -26.204459305390632, -58.18201282051176 -26.204668125497925, -58.182187191654485 -26.204861079329582, -58.18237930117151 -26.205036380242394, -58.182587370237506 -26.205192405049196, -58.182809472250774 -26.205327709048643, -58.18304355067246 -26.205441039402327, -58.183287438068945 -26.205531346735363, -58.18353887618107 -26.20559779485299, -58.18379553683431 -26.205639768483277, -58.18405504349639 -26.205656878974175, -58.2422548434964 -26.206687578974172)))",#39FF14,false
2 de Abril,route,martes,martes,RUTA-2-DE-ABRIL,4,"SRID=4326;MULTIPOLYGON(((-58.17368920967759 -26.183832865599786, -58.173509946094015 -26.184023647830944, -58.1733499812792 -26.18423087849987, -58.173210816056255 -26.184452613325384, -58.17309375610221 -26.184686771945298, -58.17299989969787 -26.184931157434814, -58.172930127423506 -26.18518347691851, -58.17288509389709 -26.18544136308258, -58.17286522163251 -26.18570239638548, -58.1728706970755 -26.185964127758545, -58.172901468854306 -26.186224101583672, -58.1729572482617 -26.18647987873244, -58.17303751196371 -26.186729059450517, -58.173141506909616 -26.186969305872655, -58.173268257397226 -26.18719836395702, -58.17341657422714 -26.187414084633094, -58.17358506586006 -26.18761444396469, -58.17377215147249 -26.187797562138947, -58.17397607578836 -26.18796172110312, -58.17419492554739 -26.188105380683716, -58.174426647455675 -26.18822719303671, -58.174669067450154 -26.188326015293306, -58.17491991109609 -26.18840092028257, -58.17517682492629 -26.18845120523034, -58.17543739852185 -26.188476398352783, -58.17569918712718 -26.188476263282798, -58.1759597345872 -26.188450801287637, -58.17621659639154 -26.18840025125703, -58.176467362609394 -26.188325087461862, -58.19922546260939 -26.18028328746186, -58.19946633147823 -26.180184890682458, -58.199696622379456 -26.18006378808554, -58.19991420095533 -26.17992110206138, -58.20011705066712 -26.17975815503748, -58.20030329148459 -26.1795764572222, -58.200471197310314 -26.179377692608004, -58.20119449731032 -26.178432692608006, -58.201342551753925 -26.178218639488747, -58.20146933056997 -26.177991337953475, -58.20157365808152 -26.177752895871475, -58.20165456681267 -26.177505524423324, -58.201711306460396 -26.17725151759564, -58.204095906460395 -26.163492117595638, -58.20412855720597 -26.1632256234014, -58.2041346059459 -26.162957204625055, -58.204113992988404 -26.162689510148585, -58.20406692175177 -26.16242518170624, -58.203993856756966 -26.16216682781468, -58.20389551904354 -26.161916998030893, -58.20377287905401 -26.161678157791993, -58.203627147057134 -26.161452664085125, -58.2034597612044 -26.161242742187618, -58.203272373337654 -26.1610504637069, -58.20306683268799 -26.16087772613692, -58.20284516762662 -26.16072623413278, -58.20260956564802 -26.160597482688406, -58.20236235178266 -26.160492742383248, -58.20210596565255 -26.160413046843605, -58.2018429373959 -26.160359182542326, -58.20157586269852 -26.16033168103752, -58.20130737717838 -26.160330813726894, -58.201040130376136 -26.160356589169474, -58.200776759608175 -26.160408753001143, -58.20051986394038 -26.160486790444818, -58.2002719785393 -26.160589931390522, -58.200035549653975 -26.160717157995183, -58.19981291047518 -26.160867214727176, -58.18950271047518 -26.168587714727177, -58.18924500967759 -26.168807165599787, -58.17368920967759 -26.183832865599786)))",#39FF14,false
San Miguel,route,"miércoles,viernes",miércoles,RUTA-SAN-MIGUEL,4,"SRID=4326;MULTIPOLYGON(((-58.17384618755605 -26.1926835763816, -58.17396061355134 -26.19292381466957, -58.17409810916647 -26.193151636308624, -58.174257341576705 -26.193364832891465, -58.174436767249915 -26.19356133777994, -58.17463464690898 -26.193739246138186, -58.174849062391566 -26.193896833397282, -58.17507793524403 -26.194032571972514, -58.175319046869056 -26.194145146071136, -58.175570060031795 -26.19423346444711, -58.17582854151606 -26.19429667097918, -58.176091985710876 -26.194334152969773, -58.17635783889886 -26.19434554708421, -58.23038303889888 -26.19399894708421, -58.2306521677818 -26.193983778020225, -58.23091844710769 -26.19394187603069, -58.231179228138465 -26.193873657923753, -58.23143191682876 -26.1937798022797, -58.231673999629486 -26.193661242700934, -58.23190306849063 -26.193519158525245, -58.232116844814634 -26.19335496309468, -58.23231320212215 -26.19317028969673, -58.23249018720453 -26.192966975317653, -58.232646039552854 -26.192747042369582, -58.232779208870085 -26.192512678573163, -58.2328883704922 -26.192266215195794, -58.23297243856491 -26.192010103862042, -58.2330305768449 -26.19174689216678, -58.23306220701812 -26.191479198333703, -58.23306701445239 -26.191209685171316, -58.23304495132712 -26.190941033585375, -58.23299623710899 -26.190675915911356, -58.232921356368884 -26.190416969332144, -58.232821053961715 -26.190166769645412, -58.23269632761724 -26.189927805641595, -58.23254841801541 -26.189702454347366, -58.23237879644505 -26.189492957380818, -58.23218915016862 -26.189301398653626, -58.2319813656387 -26.189129683641912, -58.231757509732965 -26.18897952043206, -58.18215000973296 -26.15917772043206, -58.18190698253907 -26.159048094355565, -58.18165202416186 -26.15894387649449, -58.18138778258304 -26.15886614924899, -58.18111700219903 -26.158815719889358, -58.18084249531792 -26.158793112171757, -58.18056711295092 -26.158798560898525, -58.18029371520202 -26.15883200947952, -58.180025141563064 -26.158893110519887, -58.17976418142301 -26.158981229428058, -58.17951354509748 -26.15909545100658, -58.17927583567962 -26.159234588957315, -58.16616303567962 -26.167835788957316, -58.16594994632047 -26.167990934283882, -58.165752983135846 -26.16816609892427, -58.165574019525614 -26.16835961681376, -58.165414757688104 -26.168569647322144, -58.16527671242977 -26.168794192760732, -58.16516119675725 -26.169031117383224, -58.1650693093888 -26.16927816769967, -58.16500192430389 -26.16953299391039, -58.16490232430389 -26.17000089391039, -58.16485910818256 -26.17026985014498, -58.164843185294856 -26.170541790489384, -58.164854717396246 -26.170813952389555, -58.164893587335825 -26.171083571040736, -58.16495940024646 -26.171347907474207, -58.16505148755606 -26.1716042763816, -58.17384618755605 -26.1926835763816)))",#39FF14,false
